/* Auto-generated by tools/bake.c. Do not edit. */
#ifndef TWL_BAKE_H
#define TWL_BAKE_H
#include <stdint.h>

typedef struct {
    uint32_t cp;
    int16_t  w, h;
    int16_t  bx, by;
    int16_t  adv;
    int32_t  px_off;
} Glyph;

typedef struct {
    int            px_size;
    int            line_h;
    int            baseline;
    int            n;
    const Glyph   *g;
    const uint8_t *px;
} Font;

static const uint8_t font_small_px[12920] = {
    0xe2, 0xff, 0x7d, 0xd5, 0xff, 0x71, 0xc9, 0xff, 0x65, 0xbc, 0xff, 0x59, 0xaf, 0xff, 0x4d, 0xa2,
    0xff, 0x41, 0x00, 0x00, 0x00, 0x70, 0xc6, 0x2c, 0xf0, 0xff, 0x90, 0x94, 0xee, 0x41, 0x1c, 0xff,
    0xf6, 0x5c, 0xff, 0xba, 0x0b, 0xff, 0xe5, 0x4b, 0xff, 0xa8, 0x00, 0xf9, 0xd4, 0x3a, 0xff, 0x96,
    0x00, 0xe9, 0xc4, 0x29, 0xff, 0x84, 0x00, 0x00, 0xad, 0xff, 0x35, 0x6b, 0xff, 0x75, 0x00, 0x00,
    0x00, 0xcc, 0xff, 0x11, 0x8e, 0xff, 0x51, 0x00, 0x00, 0xf4, 0xff, 0xff, 0xff, 0xff, 0xff, 0xff,
    0x20, 0x00, 0xae, 0xff, 0xef, 0xb0, 0xf4, 0xff, 0xb2, 0x16, 0x00, 0x2e, 0xff, 0xb1, 0x00, 0xf1,
    0xef, 0x00, 0x00, 0x00, 0x53, 0xff, 0x8d, 0x17, 0xff, 0xcb, 0x00, 0x00, 0x55, 0xd1, 0xff, 0xd4,
    0xbe, 0xff, 0xe8, 0x68, 0x00, 0x7c, 0xff, 0xff, 0xff, 0xff, 0xff, 0xff, 0x98, 0x00, 0x00, 0xb5,
    0xff, 0x2e, 0x76, 0xff, 0x6a, 0x00, 0x00, 0x00, 0xd4, 0xff, 0x0c, 0x97, 0xff, 0x48, 0x00, 0x00,
    0x00, 0x00, 0x00, 0x24, 0xff, 0x04, 0x00, 0x00, 0x00, 0x00, 0x00, 0x00, 0x24, 0xff, 0x04, 0x00,
    0x00, 0x00, 0x00, 0x00, 0x5d, 0xbb, 0xff, 0xac, 0x62, 0x03, 0x00, 0x00, 0x80, 0xff, 0xfb, 0xff,
    0xf5, 0xff, 0x8b, 0x00, 0x00, 0xec, 0xff, 0x4b, 0xff, 0x09, 0x6a, 0x0c, 0x00, 0x01, 0xf5, 0xff,
    0x65, 0xff, 0x04, 0x00, 0x00, 0x00, 0x00, 0x9b, 0xff, 0xff, 0xff, 0x58, 0x04, 0x00, 0x00, 0x00,
    0x05, 0x83, 0xf0, 0xff, 0xff, 0xd6, 0x25, 0x00, 0x00, 0x00, 0x00, 0x29, 0xff, 0xe0, 0xff, 0xc4,
    0x00, 0x00, 0x00, 0x00, 0x24, 0xff, 0x3a, 0xff, 0xfa, 0x00, 0x00, 0x7b, 0x41, 0x24, 0xff, 0x52,
    0xff, 0xdd, 0x00, 0x2a, 0xfb, 0xff, 0xf1, 0xff, 0xfc, 0xff, 0x63, 0x00, 0x00, 0x2c, 0x9c, 0xd9,
    0xff, 0xb6, 0x50, 0x00, 0x00, 0x00, 0x00, 0x00, 0x24, 0xff, 0x04, 0x00, 0x00, 0x00, 0x00, 0x00,
    0x00, 0x24, 0xff, 0x04, 0x00, 0x00, 0x00, 0x00, 0x00, 0x00, 0x00, 0x00, 0x00, 0x04, 0x00, 0x00,
    0x4a, 0xe2, 0xef, 0x72, 0x00, 0x31, 0xea, 0x1e, 0x00, 0xdb, 0xa3, 0x6e, 0xfd, 0x0f, 0xaf, 0xc3,
    0x00, 0x00, 0xdc, 0xa3, 0x6f, 0xfd, 0x3c, 0xfe, 0x45, 0x00, 0x00, 0x4d, 0xe3, 0xef, 0x72, 0xaa,
    0xc7, 0x00, 0x00, 0x00, 0x00, 0x00, 0x00, 0x2a, 0xfd, 0x49, 0x00, 0x00, 0x00, 0x00, 0x00, 0x00,
    0xa6, 0xca, 0x00, 0x00, 0x00, 0x00, 0x00, 0x00, 0x26, 0xfd, 0x5c, 0xbb, 0xf5, 0xbd, 0x10, 0x00,
    0x00, 0xa2, 0xcd, 0x74, 0xfc, 0x1f, 0xf8, 0x74, 0x00, 0x23, 0xfc, 0x50, 0x74, 0xfc, 0x1c, 0xf8,
    0x74, 0x00, 0x93, 0xd1, 0x01, 0x11, 0xbd, 0xf6, 0xbe, 0x10, 0x00, 0x09, 0x22, 0x00, 0x00, 0x00,
    0x00, 0x00, 0x00, 0x00, 0x22, 0xb2, 0xf3, 0xf4, 0xb2, 0x23, 0x00, 0x00, 0x00, 0xce, 0xff, 0xe7,
    0xbd, 0xf0, 0x61, 0x00, 0x00, 0x00, 0xe5, 0xff, 0x4a, 0x00, 0x05, 0x00, 0x00, 0x00, 0x00, 0x55,
    0xea, 0xf2, 0xb9, 0xb0, 0xb0, 0xb0, 0x34, 0x00, 0x53, 0xda, 0xff, 0xff, 0xff, 0xff, 0xff, 0x4c,
    0x2b, 0xfd, 0xfc, 0x57, 0x06, 0xc0, 0xff, 0x5c, 0x00, 0x6b, 0xff, 0xcf, 0x00, 0x00, 0xc0, 0xff,
    0x5c, 0x00, 0x61, 0xff, 0xe8, 0x09, 0x00, 0xc0, 0xff, 0x5c, 0x00, 0x13, 0xeb, 0xff, 0xdc, 0xc0,
    0xfe, 0xff, 0x50, 0x00, 0x00, 0x2c, 0xb9, 0xf3, 0xf6, 0xcc, 0x5e, 0x00, 0x00, 0xc0, 0xff, 0x56,
    0xae, 0xff, 0x45, 0x9c, 0xff, 0x34, 0x89, 0xff, 0x24, 0x00, 0x00, 0x00, 0x04, 0x16, 0x00, 0x00,
    0x00, 0x04, 0xb0, 0xe2, 0x26, 0x00, 0x00, 0x9b, 0xff, 0xdb, 0x13, 0x00, 0x50, 0xff, 0xf9, 0x2f,
    0x00, 0x00, 0xd4, 0xff, 0x8d, 0x00, 0x00, 0x34, 0xff, 0xff, 0x21, 0x00, 0x00, 0x6e, 0xff, 0xe0,
    0x00, 0x00, 0x00, 0x87, 0xff, 0xc3, 0x00, 0x00, 0x00, 0x86, 0xff, 0xc7, 0x00, 0x00, 0x00, 0x6c,
    0xff, 0xe1, 0x00, 0x00, 0x00, 0x30, 0xff, 0xff, 0x27, 0x00, 0x00, 0x00, 0xd0, 0xff, 0x94, 0x00,
    0x00, 0x00, 0x48, 0xff, 0xfc, 0x34, 0x00, 0x00, 0x00, 0x91, 0xff, 0xe4, 0x1a, 0x00, 0x00, 0x02,
    0xa5, 0xda, 0x20, 0x00, 0x00, 0x00, 0x02, 0x11, 0x00, 0x00, 0x1b, 0x00, 0x00, 0x00, 0x00, 0x6e,
    0xf9, 0x56, 0x00, 0x00, 0x00, 0x55, 0xfe, 0xf9, 0x3d, 0x00, 0x00, 0x00, 0x90, 0xff, 0xe0, 0x0b,
    0x00, 0x00, 0x0c, 0xe8, 0xff, 0x71, 0x00, 0x00, 0x00, 0x86, 0xff, 0xcf, 0x00, 0x00, 0x00, 0x44,
    0xff, 0xfe, 0x0c, 0x00, 0x00, 0x27, 0xff, 0xff, 0x22, 0x00, 0x00, 0x2c, 0xff, 0xff, 0x21, 0x00,
    0x00, 0x46, 0xff, 0xfd, 0x0a, 0x00, 0x00, 0x8c, 0xff, 0xcc, 0x00, 0x00, 0x0f, 0xea, 0xff, 0x6b,
    0x00, 0x00, 0x96, 0xff, 0xda, 0x08, 0x00, 0x5d, 0xff, 0xf6, 0x36, 0x00, 0x00, 0x63, 0xf4, 0x4c,
    0x00, 0x00, 0x00, 0x00, 0x13, 0x00, 0x00, 0x00, 0x00, 0x00, 0x00, 0x00, 0xb6, 0xff, 0x54, 0x00,
    0x00, 0x00, 0x02, 0x35, 0x00, 0x98, 0xff, 0x37, 0x07, 0x2f, 0x00, 0x3c, 0xff, 0xbe, 0xb1, 0xff,
    0x8a, 0xe5, 0xd7, 0x00, 0x60, 0xe6, 0xff, 0xff, 0xff, 0xff, 0xfc, 0xd2, 0x14, 0x00, 0x00, 0x51,
    0xfe, 0xff, 0xdd, 0x12, 0x00, 0x00, 0x00, 0x27, 0xec, 0xf9, 0x9c, 0xff, 0xad, 0x02, 0x00, 0x00,
    0x63, 0xfa, 0x8c, 0x09, 0xe3, 0xdb, 0x1e, 0x00, 0x00, 0x00, 0x35, 0x10, 0x00, 0x38, 0x0d, 0x00,
    0x00, 0x00, 0x00, 0x00, 0xa4, 0xff, 0x40, 0x00, 0x00, 0x00, 0x00, 0x00, 0x00, 0xa4, 0xff, 0x40,
    0x00, 0x00, 0x00, 0x00, 0x00, 0x00, 0xa4, 0xff, 0x40, 0x00, 0x00, 0x00, 0x5d, 0xb0, 0xb0, 0xe3,
    0xff, 0xc4, 0xb0, 0xb0, 0x18, 0x88, 0xff, 0xff, 0xff, 0xff, 0xff, 0xff, 0xff, 0x24, 0x00, 0x00,
    0x00, 0xa4, 0xff, 0x40, 0x00, 0x00, 0x00, 0x00, 0x00, 0x00, 0xa4, 0xff, 0x40, 0x00, 0x00, 0x00,
    0x00, 0x00, 0x00, 0xa4, 0xff, 0x40, 0x00, 0x00, 0x00, 0x04, 0xb5, 0xf1, 0x61, 0x33, 0xff, 0xff,
    0xd3, 0x0c, 0xde, 0xff, 0xae, 0x00, 0xb3, 0xff, 0x4b, 0x01, 0xee, 0xdb, 0x01, 0x2d, 0xff, 0x6f,
    0x00, 0x8c, 0xb0, 0xb0, 0xb0, 0xb0, 0xb0, 0x4a, 0xcc, 0xff, 0xff, 0xff, 0xff, 0xff, 0x6c, 0x08,
    0xb5, 0xed, 0x66, 0x39, 0xff, 0xff, 0xd5, 0x08, 0xb6, 0xed, 0x66, 0x00, 0x00, 0x00, 0x00, 0x00,
    0x00, 0x76, 0x3f, 0x00, 0x00, 0x00, 0x00, 0x00, 0x00, 0x27, 0xfd, 0xf0, 0x0d, 0x00, 0x00, 0x00,
    0x00, 0x00, 0xa0, 0xff, 0x84, 0x00, 0x00, 0x00, 0x00, 0x00, 0x20, 0xfb, 0xf5, 0x14, 0x00, 0x00,
    0x00, 0x00, 0x00, 0x97, 0xff, 0x8f, 0x00, 0x00, 0x00, 0x00, 0x00, 0x1a, 0xf8, 0xf9, 0x1b, 0x00,
    0x00, 0x00, 0x00, 0x00, 0x8e, 0xff, 0x99, 0x00, 0x00, 0x00, 0x00, 0x00, 0x14, 0xf5, 0xfc, 0x22,
    0x00, 0x00, 0x00, 0x00, 0x00, 0x85, 0xff, 0xa3, 0x00, 0x00, 0x00, 0x00, 0x00, 0x0f, 0xf0, 0xfe,
    0x2a, 0x00, 0x00, 0x00, 0x00, 0x00, 0x7d, 0xff, 0xad, 0x00, 0x00, 0x00, 0x00, 0x00, 0x0b, 0xec,
    0xff, 0x33, 0x00, 0x00, 0x00, 0x00, 0x00, 0x65, 0xff, 0xb7, 0x00, 0x00, 0x00, 0x00, 0x00, 0x00,
    0x01, 0x4c, 0x31, 0x00, 0x00, 0x00, 0x00, 0x00, 0x00, 0x00, 0x01, 0x7f, 0xe4, 0xf8, 0xcb, 0x3d,
    0x00, 0x00, 0x7a, 0xff, 0xee, 0xbe, 0xfd, 0xf4, 0x21, 0x04, 0xec, 0xff, 0x36, 0x01, 0xd5, 0xff,
    0x8c, 0x2d, 0xff, 0xee, 0x00, 0x58, 0xf9, 0xff, 0xc8, 0x46, 0xff, 0xdb, 0x03, 0xd9, 0x8d, 0xff,
    0xe1, 0x46, 0xff, 0xd9, 0x63, 0xc7, 0x41, 0xff, 0xe0, 0x2c, 0xff, 0xea, 0xe1, 0x42, 0x54, 0xff,
    0xc7, 0x03, 0xeb, 0xff, 0xbc, 0x00, 0x99, 0xff, 0x8a, 0x00, 0x77, 0xff, 0xe2, 0xbe, 0xfe, 0xf4,
    0x1f, 0x00, 0x01, 0x7e, 0xe5, 0xf9, 0xca, 0x3c, 0x00, 0x00, 0x00, 0x1b, 0xaa, 0xff, 0xff, 0x0c,
    0x00, 0x03, 0x70, 0xf2, 0xff, 0xff, 0xff, 0x0c, 0x00, 0x05, 0xd3, 0xf7, 0x9a, 0xff, 0xff, 0x0c,
    0x00, 0x00, 0x30, 0x24, 0x28, 0xff, 0xff, 0x0c, 0x00, 0x00, 0x00, 0x00, 0x28, 0xff, 0xff, 0x0c,
    0x00, 0x00, 0x00, 0x00, 0x28, 0xff, 0xff, 0x0c, 0x00, 0x00, 0x00, 0x00, 0x28, 0xff, 0xff, 0x0c,
    0x00, 0x00, 0x00, 0x00, 0x28, 0xff, 0xff, 0x0c, 0x00, 0x00, 0x69, 0xbc, 0xc6, 0xff, 0xff, 0xbf,
    0xaa, 0x00, 0x90, 0xff, 0xff, 0xff, 0xff, 0xff, 0xe8, 0x00, 0x40, 0xbf, 0xf3, 0xf3, 0xba, 0x2f,
    0x00, 0x2c, 0xfc, 0xf8, 0xc2, 0xe1, 0xff, 0xed, 0x13, 0x00, 0x58, 0x30, 0x00, 0x10, 0xfa, 0xff,
    0x57, 0x00, 0x00, 0x00, 0x00, 0x0e, 0xfc, 0xff, 0x43, 0x00, 0x00, 0x00, 0x00, 0x80, 0xff, 0xe2,
    0x07, 0x00, 0x00, 0x00, 0x4f, 0xfd, 0xfa, 0x40, 0x00, 0x00, 0x00, 0x45, 0xf8, 0xfb, 0x55, 0x00,
    0x00, 0x00, 0x47, 0xf7, 0xf7, 0x4f, 0x00, 0x00, 0x00, 0x27, 0xf9, 0xff, 0xdb, 0xb0, 0xb0, 0xb0,
    0x64, 0x3c, 0xff, 0xff, 0xff, 0xff, 0xff, 0xff, 0x72, 0x00, 0x5d, 0xca, 0xf6, 0xf4, 0xc1, 0x44,
    0x00, 0x32, 0xf4, 0xe4, 0xbb, 0xe1, 0xff, 0xfb, 0x21, 0x00, 0x19, 0x03, 0x00, 0x08, 0xf8, 0xff,
    0x36, 0x00, 0x00, 0x11, 0xb3, 0xe0, 0xf8, 0x88, 0x00, 0x00, 0x00, 0x3c, 0xff, 0xff, 0xdc, 0x6d,
    0x00, 0x00, 0x00, 0x00, 0x03, 0x3c, 0xf5, 0xff, 0x54, 0x00, 0x00, 0x00, 0x00, 0x00, 0xc2, 0xff,
    0x90, 0x04, 0x7c, 0x0c, 0x00, 0x0e, 0xe8, 0xff, 0x7b, 0x79, 0xff, 0xef, 0xbd, 0xe6, 0xff, 0xea,
    0x19, 0x06, 0x78, 0xd5, 0xf8, 0xed, 0xac, 0x25, 0x00, 0x00, 0x00, 0x00, 0x02, 0x00, 0x00, 0x00,
    0x00, 0x00, 0x00, 0x00, 0xcd, 0xa8, 0x1b, 0x00, 0x00, 0x00, 0x00, 0x41, 0xff, 0xef, 0x0a, 0x00,
    0x00, 0x00, 0x00, 0xac, 0xff, 0x90, 0x00, 0x00, 0x00, 0x00, 0x1b, 0xfb, 0xfe, 0x27, 0x00, 0x00,
    0x00, 0x00, 0x82, 0xff, 0xbc, 0x07, 0xff, 0xf4, 0x00, 0x05, 0xe7, 0xff, 0x52, 0x24, 0xff, 0xf4,
    0x00, 0x4d, 0xff, 0xff, 0xb4, 0xc1, 0xff, 0xfc, 0xa7, 0x5c, 0xff, 0xff, 0xff, 0xff, 0xff, 0xff,
    0xf4, 0x00, 0x00, 0x00, 0x00, 0x3c, 0xff, 0xf4, 0x00, 0x00, 0x00, 0x00, 0x00, 0x39, 0xff, 0xf4,
    0x00, 0x00, 0xac, 0xff, 0xff, 0xff, 0xff, 0xff, 0x50, 0x00, 0xac, 0xff, 0xd8, 0xb0, 0xb0, 0xb0,
    0x21, 0x00, 0xac, 0xff, 0x80, 0x00, 0x00, 0x00, 0x00, 0x00, 0xac, 0xff, 0xab, 0x85, 0x7f, 0x21,
    0x00, 0x00, 0xac, 0xff, 0xfb, 0xfa, 0xff, 0xf1, 0x27, 0x00, 0x2b, 0x3f, 0x0c, 0x0d, 0xd6, 0xff,
    0x98, 0x00, 0x00, 0x00, 0x00, 0x00, 0x9d, 0xff, 0xbc, 0x00, 0x4f, 0x2b, 0x00, 0x0d, 0xda, 0xff,
    0x9a, 0x2d, 0xfd, 0xfa, 0xcf, 0xeb, 0xff, 0xf3, 0x28, 0x00, 0x50, 0xc8, 0xf6, 0xef, 0xb3, 0x2e,
    0x00, 0x00, 0x00, 0x26, 0xac, 0xec, 0xed, 0xa9, 0x09, 0x00, 0x22, 0xea, 0xff, 0xd3, 0xbd, 0x9a,
    0x00, 0x00, 0xac, 0xff, 0x9d, 0x01, 0x00, 0x00, 0x00, 0x0c, 0xf9, 0xff, 0x8e, 0xda, 0xf2, 0x99,
    0x07, 0x34, 0xff, 0xff, 0xf5, 0xbf, 0xf7, 0xff, 0x85, 0x41, 0xff, 0xff, 0x34, 0x00, 0x78, 0xff,
    0xdb, 0x29, 0xff, 0xff, 0x28, 0x00, 0x56, 0xff, 0xeb, 0x06, 0xe9, 0xff, 0x67, 0x00, 0x85, 0xff,
    0xc1, 0x00, 0x77, 0xff, 0xf5, 0xc0, 0xfb, 0xff, 0x4b, 0x00, 0x01, 0x78, 0xe0, 0xf8, 0xd2, 0x54,
    0x00, 0x08, 0xff, 0xff, 0xff, 0xff, 0xff, 0xff, 0xa4, 0x05, 0xb0, 0xb0, 0xb0, 0xb0, 0xea, 0xff,
    0x96, 0x00, 0x00, 0x00, 0x00, 0x14, 0xf5, 0xff, 0x35, 0x00, 0x00, 0x00, 0x00, 0x81, 0xff, 0xc5,
    0x00, 0x00, 0x00, 0x00, 0x0b, 0xed, 0xff, 0x54, 0x00, 0x00, 0x00, 0x00, 0x71, 0xff, 0xe0, 0x03,
    0x00, 0x00, 0x00, 0x05, 0xe2, 0xff, 0x74, 0x00, 0x00, 0x00, 0x00, 0x60, 0xff, 0xf4, 0x10, 0x00,
    0x00, 0x00, 0x01, 0xd5, 0xff, 0x93, 0x00, 0x00, 0x00, 0x00, 0x27, 0xe0, 0xfe, 0x25, 0x00, 0x00,
    0x00, 0x00, 0x00, 0x00, 0x24, 0x00, 0x00, 0x00, 0x00, 0x00, 0x0d, 0x94, 0xe7, 0xf9, 0xd6, 0x66,
    0x00, 0x00, 0xac, 0xff, 0xe7, 0xbd, 0xfd, 0xff, 0x56, 0x00, 0xf6, 0xff, 0x3b, 0x00, 0xa1, 0xff,
    0x96, 0x00, 0xd7, 0xff, 0x82, 0x06, 0xc8, 0xff, 0x5b, 0x00, 0x34, 0xe6, 0xff, 0xf4, 0xff, 0x80,
    0x00, 0x00, 0x7a, 0xf9, 0xc2, 0xb7, 0xff, 0xf5, 0x43, 0x36, 0xff, 0xf9, 0x0c, 0x00, 0x80, 0xff,
    0xd7, 0x58, 0xff, 0xf3, 0x0c, 0x00, 0x63, 0xff, 0xf3, 0x15, 0xee, 0xff, 0xe0, 0xba, 0xf8, 0xff,
    0x96, 0x00, 0x2c, 0xb3, 0xef, 0xf9, 0xda, 0x7d, 0x05, 0x00, 0x09, 0x8c, 0xe6, 0xf6, 0xcb, 0x49,
    0x00, 0x00, 0xb1, 0xff, 0xe7, 0xc6, 0xff, 0xfd, 0x39, 0x2d, 0xff, 0xfe, 0x22, 0x00, 0xb5, 0xff,
    0xaa, 0x57, 0xff, 0xef, 0x00, 0x00, 0x7d, 0xff, 0xda, 0x47, 0xff, 0xfd, 0x16, 0x00, 0x7d, 0xff,
    0xde, 0x09, 0xe6, 0xff, 0xe1, 0xc2, 0xfd, 0xff, 0xc7, 0x00, 0x32, 0xcc, 0xf4, 0xbd, 0xd7, 0xff,
    0x8d, 0x00, 0x00, 0x00, 0x00, 0x4d, 0xfe, 0xfc, 0x30, 0x00, 0x00, 0x14, 0x86, 0xf9, 0xff, 0x81,
    0x00, 0x00, 0x6d, 0xfb, 0xff, 0xf1, 0x6d, 0x00, 0x00, 0x00, 0x43, 0xbc, 0x71, 0x11, 0x00, 0x00,
    0x00, 0x01, 0xa9, 0xef, 0x5a, 0x25, 0xff, 0xff, 0xc3, 0x03, 0xb3, 0xf1, 0x5d, 0x00, 0x00, 0x00,
    0x00, 0x00, 0x00, 0x00, 0x00, 0x03, 0xb3, 0xf1, 0x5d, 0x28, 0xff, 0xff, 0xc3, 0x03, 0xb3, 0xf1,
    0x5c, 0x01, 0xa9, 0xef, 0x5a, 0x25, 0xff, 0xff, 0xc3, 0x03, 0xb3, 0xf1, 0x5d, 0x00, 0x00, 0x00,
    0x00, 0x00, 0x00, 0x00, 0x00, 0x02, 0xb0, 0xf1, 0x59, 0x27, 0xff, 0xff, 0xc3, 0x07, 0xd7, 0xff,
    0x9e, 0x00, 0xaf, 0xff, 0x41, 0x00, 0xe8, 0xd7, 0x00, 0x23, 0xff, 0x6d, 0x00, 0x00, 0x00, 0x00,
    0x00, 0x22, 0x90, 0x03, 0x00, 0x00, 0x05, 0x7a, 0xf6, 0xff, 0x63, 0x00, 0x3e, 0xd6, 0xff, 0xed,
    0x6c, 0x03, 0x9f, 0xff, 0xfc, 0x96, 0x13, 0x00, 0x00, 0xff, 0xff, 0x63, 0x00, 0x00, 0x00, 0x00,
    0x9c, 0xfe, 0xfe, 0xa1, 0x1a, 0x00, 0x00, 0x00, 0x3c, 0xd5, 0xff, 0xf4, 0x7c, 0x08, 0x00, 0x00,
    0x05, 0x7a, 0xf6, 0xff, 0x60, 0x00, 0x00, 0x00, 0x00, 0x23, 0x8a, 0x01, 0xa7, 0xb0, 0xb0, 0xb0,
    0xb0, 0xb0, 0x63, 0xf4, 0xff, 0xff, 0xff, 0xff, 0xff, 0x90, 0x00, 0x00, 0x00, 0x00, 0x00, 0x00,
    0x00, 0xa7, 0xb0, 0xb0, 0xb0, 0xb0, 0xb0, 0x63, 0xf4, 0xff, 0xff, 0xff, 0xff, 0xff, 0x90, 0x31,
    0x7c, 0x06, 0x00, 0x00, 0x00, 0x00, 0xc3, 0xff, 0xd7, 0x3f, 0x00, 0x00, 0x00, 0x23, 0xaf, 0xff,
    0xff, 0xa0, 0x14, 0x00, 0x00, 0x00, 0x40, 0xcf, 0xff, 0xed, 0x50, 0x00, 0x00, 0x00, 0x05, 0xbd,
    0xff, 0xa0, 0x00, 0x00, 0x3d, 0xd0, 0xff, 0xeb, 0x4e, 0x1b, 0xa5, 0xff, 0xff, 0x9f, 0x13, 0x00,
    0xc2, 0xff, 0xd7, 0x3f, 0x00, 0x00, 0x00, 0x2e, 0x7d, 0x06, 0x00, 0x00, 0x00, 0x00, 0x00, 0x2a,
    0xac, 0xed, 0xf9, 0xd8, 0x70, 0x00, 0x08, 0xdb, 0xff, 0xd0, 0xcc, 0xff, 0xff, 0x5a, 0x00, 0x16,
    0x4b, 0x00, 0x01, 0xe8, 0xff, 0x7f, 0x00, 0x00, 0x00, 0x18, 0xb7, 0xff, 0xe3, 0x1f, 0x00, 0x00,
    0x01, 0xd5, 0xff, 0xac, 0x12, 0x00, 0x00, 0x00, 0x23, 0xfc, 0xeb, 0x03, 0x00, 0x00, 0x00, 0x00,
    0x00, 0x00, 0x00, 0x00, 0x00, 0x00, 0x00, 0x00, 0x13, 0xb9, 0x96, 0x00, 0x00, 0x00, 0x00, 0x00,
    0x60, 0xff, 0xff, 0x20, 0x00, 0x00, 0x00, 0x00, 0x20, 0xe1, 0xbe, 0x03, 0x00, 0x00, 0x00, 0x00,
    0x41, 0xb7, 0xef, 0xf3, 0xcc, 0x5b, 0x00, 0x00, 0x00, 0x81, 0xff, 0xf3, 0xbe, 0xc1, 0xf8, 0xff,
    0x6d, 0x00, 0x00, 0x89, 0x87, 0x0c, 0x00, 0x00, 0x23, 0xe9, 0xf0, 0x0d, 0x00, 0x00, 0x00, 0x00,
    0x00, 0x00, 0x00, 0x7d, 0xff, 0x4c, 0x00, 0x00, 0x69, 0xe3, 0xf4, 0xc2, 0x45, 0x44, 0xff, 0x7a,
    0x00, 0x33, 0xff, 0xef, 0xcc, 0xff, 0xb0, 0x2d, 0xff, 0x8d, 0x00, 0x92, 0xff, 0x68, 0x38, 0xff,
    0xb0, 0x25, 0xff, 0x95, 0x00, 0xb6, 0xff, 0x46, 0x38, 0xff, 0xb0, 0x26, 0xff, 0x8e, 0x00, 0xbc,
    0xff, 0x43, 0x38, 0xff, 0xb0, 0x2c, 0xff, 0x7c, 0x00, 0x9e, 0xff, 0x70, 0x6d, 0xff, 0xbb, 0x41,
    0xff, 0x5d, 0x00, 0x52, 0xff, 0xff, 0xff, 0x97, 0xfa, 0xd9, 0xfd, 0x20, 0x00, 0x00, 0x66, 0xa6,
    0x61, 0x04, 0xb3, 0xf2, 0x7d, 0x00, 0x00, 0x00, 0x00, 0x44, 0xff, 0xff, 0xe5, 0x01, 0x00, 0x00,
    0x00, 0x00, 0x00, 0x92, 0xff, 0xfb, 0xff, 0x34, 0x00, 0x00, 0x00, 0x00, 0x00, 0xdf, 0xff, 0x9d,
    0xff, 0x81, 0x00, 0x00, 0x00, 0x00, 0x2e, 0xff, 0xd5, 0x46, 0xff, 0xcf, 0x00, 0x00, 0x00, 0x00,
    0x7c, 0xff, 0x94, 0x0b, 0xfa, 0xff, 0x1d, 0x00, 0x00, 0x00, 0xca, 0xff, 0x54, 0x00, 0xc4, 0xff,
    0x6a, 0x00, 0x00, 0x18, 0xfe, 0xff, 0xff, 0xff, 0xff, 0xff, 0xb8, 0x00, 0x00, 0x66, 0xff, 0xf2,
    0xbc, 0xbc, 0xcb, 0xff, 0xf8, 0x0c, 0x00, 0xb4, 0xff, 0xa6, 0x00, 0x00, 0x14, 0xff, 0xff, 0x53,
    0x0a, 0xf6, 0xff, 0x6a, 0x00, 0x00, 0x00, 0xd9, 0xff, 0xa1, 0x34, 0xff, 0xff, 0xff, 0xee, 0xcd,
    0x79, 0x03, 0x00, 0x34, 0xff, 0xff, 0xbc, 0xc7, 0xff, 0xff, 0x7e, 0x00, 0x34, 0xff, 0xff, 0x28,
    0x00, 0xaf, 0xff, 0xb9, 0x00, 0x34, 0xff, 0xff, 0x28, 0x15, 0xce, 0xff, 0x87, 0x00, 0x34, 0xff,
    0xff, 0xff, 0xff, 0xff, 0x97, 0x07, 0x00, 0x34, 0xff, 0xff, 0xbc, 0xbc, 0xf9, 0xfb, 0x76, 0x00,
    0x34, 0xff, 0xff, 0x28, 0x00, 0x61, 0xff, 0xfe, 0x1b, 0x34, 0xff, 0xff, 0x28, 0x00, 0x63, 0xff,
    0xff, 0x28, 0x34, 0xff, 0xff, 0xbc, 0xbe, 0xfa, 0xff, 0xcc, 0x01, 0x34, 0xff, 0xff, 0xff, 0xf7,
    0xdf, 0x94, 0x12, 0x00, 0x00, 0x00, 0x3a, 0xb3, 0xec, 0xf8, 0xd5, 0x69, 0x04, 0x00, 0x52, 0xfb,
    0xff, 0xd8, 0xc1, 0xf6, 0xe0, 0x14, 0x0a, 0xee, 0xff, 0xa1, 0x01, 0x00, 0x1b, 0x29, 0x00, 0x53,
    0xff, 0xff, 0x20, 0x00, 0x00, 0x00, 0x00, 0x00, 0x77, 0xff, 0xf5, 0x00, 0x00, 0x00, 0x00, 0x00,
    0x00, 0x77, 0xff, 0xf8, 0x00, 0x00, 0x00, 0x00, 0x00, 0x00, 0x55, 0xff, 0xff, 0x1f, 0x00, 0x00,
    0x00, 0x00, 0x00, 0x0d, 0xf3, 0xff, 0x9f, 0x02, 0x00, 0x10, 0x46, 0x00, 0x00, 0x5d, 0xfe, 0xff,
    0xdb, 0xb8, 0xef, 0xfb, 0x34, 0x00, 0x00, 0x43, 0xba, 0xef, 0xf7, 0xcf, 0x6a, 0x02, 0x40, 0xff,
    0xff, 0xf8, 0xdd, 0xab, 0x34, 0x00, 0x00, 0x40, 0xff, 0xff, 0xbb, 0xe4, 0xff, 0xf9, 0x43, 0x00,
    0x40, 0xff, 0xff, 0x18, 0x03, 0xb9, 0xff, 0xd2, 0x00, 0x40, 0xff, 0xff, 0x18, 0x00, 0x55, 0xff,
    0xff, 0x1c, 0x40, 0xff, 0xff, 0x18, 0x00, 0x37, 0xff, 0xff, 0x36, 0x40, 0xff, 0xff, 0x18, 0x00,
    0x39, 0xff, 0xff, 0x35, 0x40, 0xff, 0xff, 0x18, 0x00, 0x59, 0xff, 0xff, 0x18, 0x40, 0xff, 0xff,
    0x18, 0x05, 0xc1, 0xff, 0xcc, 0x00, 0x40, 0xff, 0xff, 0xb9, 0xdf, 0xff, 0xf8, 0x3c, 0x00, 0x40,
    0xff, 0xff, 0xfb, 0xdf, 0xab, 0x30, 0x00, 0x00, 0xac, 0xff, 0xff, 0xff, 0xff, 0xff, 0xc5, 0xac,
    0xff, 0xe7, 0xb0, 0xb0, 0xb0, 0x73, 0xac, 0xff, 0xb0, 0x00, 0x00, 0x00, 0x00, 0xac, 0xff, 0xb0,
    0x00, 0x00, 0x00, 0x00, 0xac, 0xff, 0xff, 0xff, 0xff, 0xff, 0x24, 0xac, 0xff, 0xe7, 0xb0, 0xb0,
    0xb0, 0x18, 0xac, 0xff, 0xb0, 0x00, 0x00, 0x00, 0x00, 0xac, 0xff, 0xb0, 0x00, 0x00, 0x00, 0x00,
    0xac, 0xff, 0xe7, 0xb0, 0xb0, 0xb0, 0x94, 0xac, 0xff, 0xff, 0xff, 0xff, 0xff, 0xd8, 0x74, 0xff,
    0xff, 0xff, 0xff, 0xff, 0xfd, 0x07, 0x74, 0xff, 0xf8, 0xb0, 0xb0, 0xb0, 0x9d, 0x00, 0x74, 0xff,
    0xe8, 0x00, 0x00, 0x00, 0x00, 0x00, 0x74, 0xff, 0xe8, 0x00, 0x00, 0x00, 0x00, 0x00, 0x74, 0xff,
    0xf8, 0xb0, 0xb0, 0xb0, 0x47, 0x00, 0x74, 0xff, 0xff, 0xff, 0xff, 0xff, 0x68, 0x00, 0x74, 0xff,
    0xe8, 0x00, 0x00, 0x00, 0x00, 0x00, 0x74, 0xff, 0xe8, 0x00, 0x00, 0x00, 0x00, 0x00, 0x74, 0xff,
    0xe8, 0x00, 0x00, 0x00, 0x00, 0x00, 0x74, 0xff, 0xe8, 0x00, 0x00, 0x00, 0x00, 0x00, 0x00, 0x00,
    0x50, 0xc2, 0xf2, 0xf4, 0xbf, 0x36, 0x00, 0x00, 0x7a, 0xff, 0xff, 0xcb, 0xc5, 0xfb, 0xb9, 0x02,
    0x27, 0xfd, 0xff, 0x70, 0x00, 0x00, 0x24, 0x07, 0x00, 0x7d, 0xff, 0xee, 0x02, 0x00, 0x00, 0x00,
    0x00, 0x00, 0x9f, 0xff, 0xc8, 0x00, 0x7b, 0xff, 0xff, 0xff, 0x28, 0xa5, 0xff, 0xc5, 0x00, 0x3f,
    0xb5, 0xff, 0xff, 0x28, 0x87, 0xff, 0xde, 0x00, 0x00, 0x10, 0xff, 0xff, 0x28, 0x40, 0xff, 0xff,
    0x39, 0x00, 0x10, 0xff, 0xff, 0x28, 0x00, 0xb1, 0xff, 0xf5, 0xb9, 0xd5, 0xff, 0xff, 0x28, 0x00,
    0x07, 0x82, 0xdc, 0xfa, 0xef, 0xb9, 0x52, 0x02, 0x40, 0xff, 0xff, 0x18, 0x00, 0x7c, 0xff, 0xe0,
    0x40, 0xff, 0xff, 0x18, 0x00, 0x7c, 0xff, 0xe0, 0x40, 0xff, 0xff, 0x18, 0x00, 0x7c, 0xff, 0xe0,
    0x40, 0xff, 0xff, 0x18, 0x00, 0x7c, 0xff, 0xe0, 0x40, 0xff, 0xff, 0xff, 0xff, 0xff, 0xff, 0xe0,
    0x40, 0xff, 0xff, 0xb7, 0xb0, 0xd6, 0xff, 0xe0, 0x40, 0xff, 0xff, 0x18, 0x00, 0x7c, 0xff, 0xe0,
    0x40, 0xff, 0xff, 0x18, 0x00, 0x7c, 0xff, 0xe0, 0x40, 0xff, 0xff, 0x18, 0x00, 0x7c, 0xff, 0xe0,
    0x40, 0xff, 0xff, 0x18, 0x00, 0x7c, 0xff, 0xe0, 0xec, 0xff, 0xff, 0xff, 0xff, 0xff, 0x88, 0xa2,
    0xb0, 0xf6, 0xff, 0xd6, 0xb0, 0x5d, 0x00, 0x00, 0xe0, 0xff, 0x7c, 0x00, 0x00, 0x00, 0x00, 0xe0,
    0xff, 0x7c, 0x00, 0x00, 0x00, 0x00, 0xe0, 0xff, 0x7c, 0x00, 0x00, 0x00, 0x00, 0xe0, 0xff, 0x7c,
    0x00, 0x00, 0x00, 0x00, 0xe0, 0xff, 0x7c, 0x00, 0x00, 0x00, 0x00, 0xe0, 0xff, 0x7c, 0x00, 0x00,
    0xa2, 0xb0, 0xf6, 0xff, 0xd6, 0xb0, 0x5d, 0xec, 0xff, 0xff, 0xff, 0xff, 0xff, 0x88, 0x00, 0x00,
    0xd8, 0xff, 0xff, 0xff, 0xff, 0x90, 0x00, 0x00, 0x94, 0xb0, 0xb0, 0xee, 0xff, 0x90, 0x00, 0x00,
    0x00, 0x00, 0x00, 0xc8, 0xff, 0x90, 0x00, 0x00, 0x00, 0x00, 0x00, 0xc8, 0xff, 0x90, 0x00, 0x00,
    0x00, 0x00, 0x00, 0xc8, 0xff, 0x90, 0x00, 0x00, 0x00, 0x00, 0x00, 0xc8, 0xff, 0x90, 0x00, 0x00,
    0x00, 0x00, 0x00, 0xd0, 0xff, 0x8a, 0x00, 0x22, 0x00, 0x00, 0x25, 0xf8, 0xff, 0x60, 0x1b, 0xf2,
    0xd8, 0xba, 0xf2, 0xff, 0xdb, 0x0a, 0x18, 0x92, 0xda, 0xf6, 0xdd, 0x97, 0x14, 0x00, 0x28, 0xff,
    0xff, 0x34, 0x00, 0x4a, 0xff, 0xfb, 0x2d, 0x28, 0xff, 0xff, 0x34, 0x06, 0xda, 0xff, 0x89, 0x00,
    0x28, 0xff, 0xff, 0x34, 0x76, 0xff, 0xe0, 0x0a, 0x00, 0x28, 0xff, 0xff, 0x4c, 0xf2, 0xff, 0x4b,
    0x00, 0x00, 0x28, 0xff, 0xff, 0xc4, 0xff, 0xce, 0x00, 0x00, 0x00, 0x28, 0xff, 0xff, 0x7d, 0xff,
    0xfe, 0x34, 0x00, 0x00, 0x28, 0xff, 0xff, 0x34, 0xc6, 0xff, 0xc2, 0x00, 0x00, 0x28, 0xff, 0xff,
    0x34, 0x43, 0xff, 0xff, 0x53, 0x00, 0x28, 0xff, 0xff, 0x34, 0x00, 0xc0, 0xff, 0xdc, 0x06, 0x28,
    0xff, 0xff, 0x34, 0x00, 0x3d, 0xff, 0xff, 0x73, 0xac, 0xff, 0xb0, 0x00, 0x00, 0x00, 0x00, 0xac,
    0xff, 0xb0, 0x00, 0x00, 0x00, 0x00, 0xac, 0xff, 0xb0, 0x00, 0x00, 0x00, 0x00, 0xac, 0xff, 0xb0,
    0x00, 0x00, 0x00, 0x00, 0xac, 0xff, 0xb0, 0x00, 0x00, 0x00, 0x00, 0xac, 0xff, 0xb0, 0x00, 0x00,
    0x00, 0x00, 0xac, 0xff, 0xb0, 0x00, 0x00, 0x00, 0x00, 0xac, 0xff, 0xb0, 0x00, 0x00, 0x00, 0x00,
    0xac, 0xff, 0xf6, 0xe0, 0xe0, 0xe0, 0xd3, 0xac, 0xff, 0xff, 0xff, 0xff, 0xff, 0xd3, 0x38, 0xff,
    0xff, 0x51, 0x00, 0xb1, 0xff, 0xd2, 0x00, 0x46, 0xff, 0xff, 0x7d, 0x00, 0xda, 0xff, 0xe1, 0x00,
    0x54, 0xff, 0xf2, 0xa9, 0x06, 0xfc, 0xf3, 0xef, 0x00, 0x63, 0xff, 0xd3, 0xd5, 0x2d, 0xfe, 0xd8,
    0xfd, 0x00, 0x71, 0xff, 0xaa, 0xfa, 0x5c, 0xde, 0xd3, 0xff, 0x0c, 0x80, 0xff, 0x7a, 0xff, 0xab,
    0xb0, 0xd0, 0xff, 0x1a, 0x8e, 0xff, 0x54, 0xf0, 0xf5, 0x83, 0xcb, 0xff, 0x29, 0x9c, 0xff, 0x4f,
    0xc0, 0xff, 0x55, 0xc3, 0xff, 0x37, 0xab, 0xff, 0x4a, 0x32, 0x50, 0x11, 0xbc, 0xff, 0x46, 0xb9,
    0xff, 0x46, 0x00, 0x00, 0x00, 0xb4, 0xff, 0x54, 0x40, 0xff, 0xff, 0xd7, 0x00, 0x24, 0xff, 0xe0,
    0x40, 0xff, 0xff, 0xff, 0x28, 0x24, 0xff, 0xe0, 0x40, 0xff, 0xe6, 0xff, 0x79, 0x24, 0xff, 0xe0,
    0x40, 0xff, 0xb2, 0xff, 0xca, 0x24, 0xff, 0xe0, 0x40, 0xff, 0xac, 0xcb, 0xfe, 0x3d, 0xff, 0xe0,
    0x40, 0xff, 0xb8, 0x77, 0xff, 0x80, 0xff, 0xe0, 0x40, 0xff, 0xbf, 0x22, 0xff, 0xbf, 0xfa, 0xe0,
    0x40, 0xff, 0xc0, 0x00, 0xcf, 0xfb, 0xed, 0xe0, 0x40, 0xff, 0xc0, 0x00, 0x7b, 0xff, 0xff, 0xe0,
    0x40, 0xff, 0xc0, 0x00, 0x26, 0xff, 0xff, 0xe0, 0x00, 0x08, 0x8c, 0xe3, 0xf6, 0xce, 0x55, 0x00,
    0x00, 0x00, 0xb1, 0xff, 0xec, 0xc4, 0xfe, 0xff, 0x58, 0x00, 0x3c, 0xff, 0xff, 0x28, 0x00, 0x8e,
    0xff, 0xdf, 0x00, 0x84, 0xff, 0xd9, 0x00, 0x00, 0x3f, 0xff, 0xff, 0x25, 0xa2, 0xff, 0xc3, 0x00,
    0x00, 0x28, 0xff, 0xff, 0x41, 0xa2, 0xff, 0xc3, 0x00, 0x00, 0x28, 0xff, 0xff, 0x41, 0x86, 0xff,
    0xda, 0x00, 0x00, 0x3e, 0xff, 0xff, 0x24, 0x40, 0xff, 0xff, 0x29, 0x00, 0x8b, 0xff, 0xdc, 0x00,
    0x00, 0xb7, 0xff, 0xec, 0xc3, 0xfd, 0xfe, 0x53, 0x00, 0x00, 0x0a, 0x8f, 0xe5, 0xf6, 0xcd, 0x52,
    0x00, 0x00, 0x1c, 0xff, 0xff, 0xff, 0xf1, 0xd3, 0x7c, 0x0d, 0x00, 0x1c, 0xff, 0xff, 0xc4, 0xc0,
    0xfc, 0xff, 0xc3, 0x01, 0x1c, 0xff, 0xff, 0x40, 0x00, 0x5f, 0xff, 0xff, 0x2e, 0x1c, 0xff, 0xff,
    0x40, 0x00, 0x33, 0xff, 0xff, 0x3e, 0x1c, 0xff, 0xff, 0x40, 0x0d, 0x9a, 0xff, 0xfa, 0x15, 0x1c,
    0xff, 0xff, 0xff, 0xff, 0xff, 0xff, 0x7a, 0x00, 0x1c, 0xff, 0xff, 0xc4, 0xab, 0x8e, 0x3a, 0x00,
    0x00, 0x1c, 0xff, 0xff, 0x40, 0x00, 0x00, 0x00, 0x00, 0x00, 0x1c, 0xff, 0xff, 0x40, 0x00, 0x00,
    0x00, 0x00, 0x00, 0x1c, 0xff, 0xff, 0x40, 0x00, 0x00, 0x00, 0x00, 0x00, 0x00, 0x04, 0x84, 0xe2,
    0xf6, 0xd1, 0x57, 0x00, 0x00, 0x00, 0x00, 0x9a, 0xff, 0xf0, 0xc3, 0xfc, 0xff, 0x54, 0x00, 0x00,
    0x21, 0xfd, 0xff, 0x42, 0x00, 0x8e, 0xff, 0xd6, 0x00, 0x00, 0x62, 0xff, 0xfb, 0x04, 0x00, 0x4c,
    0xff, 0xff, 0x1a, 0x00, 0x7e, 0xff, 0xee, 0x00, 0x00, 0x3a, 0xff, 0xff, 0x35, 0x00, 0x7a, 0xff,
    0xee, 0x00, 0x00, 0x3b, 0xff, 0xff, 0x31, 0x00, 0x5f, 0xff, 0xfc, 0x05, 0x00, 0x4c, 0xff, 0xff,
    0x13, 0x00, 0x23, 0xfd, 0xff, 0x45, 0x00, 0x8e, 0xff, 0xc7, 0x00, 0x00, 0x00, 0xad, 0xff, 0xf0,
    0xc3, 0xfc, 0xed, 0x30, 0x00, 0x00, 0x00, 0x0f, 0x9c, 0xed, 0xff, 0xff, 0xbb, 0x4a, 0x00, 0x00,
    0x00, 0x00, 0x00, 0x00, 0x07, 0x4a, 0xeb, 0xff, 0x79, 0x00, 0x00, 0x00, 0x00, 0x00, 0x00, 0x00,
    0x46, 0xff, 0xd4, 0x04, 0x00, 0x00, 0x00, 0x00, 0x00, 0x00, 0x00, 0x2e, 0x00, 0x00, 0x2c, 0xff,
    0xff, 0xff, 0xf2, 0xd5, 0x81, 0x0d, 0x00, 0x2c, 0xff, 0xff, 0xbf, 0xc1, 0xfc, 0xff, 0xb1, 0x00,
    0x2c, 0xff, 0xff, 0x30, 0x00, 0x7c, 0xff, 0xfd, 0x06, 0x2c, 0xff, 0xff, 0x30, 0x00, 0x81, 0xff,
    0xf6, 0x02, 0x2c, 0xff, 0xff, 0xbf, 0xc0, 0xfd, 0xff, 0x84, 0x00, 0x2c, 0xff, 0xff, 0xff, 0xff,
    0xff, 0x6f, 0x00, 0x00, 0x2c, 0xff, 0xff, 0x34, 0xda, 0xff, 0x99, 0x00, 0x00, 0x2c, 0xff, 0xff,
    0x30, 0x56, 0xff, 0xfd, 0x32, 0x00, 0x2c, 0xff, 0xff, 0x30, 0x00, 0xca, 0xff, 0xc6, 0x01, 0x2c,
    0xff, 0xff, 0x30, 0x00, 0x41, 0xff, 0xff, 0x60, 0x00, 0x1c, 0x9e, 0xe6, 0xfa, 0xe5, 0xa2, 0x29,
    0x00, 0x0a, 0xdf, 0xff, 0xeb, 0xb8, 0xdc, 0xff, 0xb7, 0x00, 0x43, 0xff, 0xff, 0x37, 0x00, 0x00,
    0x51, 0x13, 0x00, 0x29, 0xff, 0xff, 0xc1, 0x47, 0x04, 0x00, 0x00, 0x00, 0x00, 0x88, 0xff, 0xff,
    0xff, 0xed, 0x87, 0x09, 0x00, 0x00, 0x00, 0x34, 0x99, 0xeb, 0xff, 0xff, 0xb6, 0x00, 0x00, 0x00,
    0x00, 0x00, 0x05, 0x9b, 0xff, 0xff, 0x18, 0x07, 0x73, 0x10, 0x00, 0x00, 0x6e, 0xff, 0xff, 0x14,
    0x8d, 0xff, 0xf4, 0xc7, 0xc0, 0xfb, 0xff, 0xa7, 0x00, 0x0a, 0x79, 0xd0, 0xf4, 0xf7, 0xd6, 0x7d,
    0x07, 0x00, 0xac, 0xff, 0xff, 0xff, 0xff, 0xff, 0xff, 0xff, 0x4d, 0x76, 0xb0, 0xb0, 0xf7, 0xff,
    0xd5, 0xb0, 0xb0, 0x21, 0x00, 0x00, 0x00, 0xe4, 0xff, 0x78, 0x00, 0x00, 0x00, 0x00, 0x00, 0x00,
    0xe4, 0xff, 0x78, 0x00, 0x00, 0x00, 0x00, 0x00, 0x00, 0xe4, 0xff, 0x78, 0x00, 0x00, 0x00, 0x00,
    0x00, 0x00, 0xe4, 0xff, 0x78, 0x00, 0x00, 0x00, 0x00, 0x00, 0x00, 0xe4, 0xff, 0x78, 0x00, 0x00,
    0x00, 0x00, 0x00, 0x00, 0xe4, 0xff, 0x78, 0x00, 0x00, 0x00, 0x00, 0x00, 0x00, 0xe4, 0xff, 0x78,
    0x00, 0x00, 0x00, 0x00, 0x00, 0x00, 0xe4, 0xff, 0x78, 0x00, 0x00, 0x00, 0x64, 0xff, 0xf8, 0x00,
    0x00, 0x58, 0xff, 0xff, 0x04, 0x64, 0xff, 0xf8, 0x00, 0x00, 0x58, 0xff, 0xff, 0x04, 0x64, 0xff,
    0xf8, 0x00, 0x00, 0x58, 0xff, 0xff, 0x04, 0x64, 0xff, 0xf8, 0x00, 0x00, 0x58, 0xff, 0xff, 0x04,
    0x64, 0xff, 0xf8, 0x00, 0x00, 0x58, 0xff, 0xff, 0x04, 0x64, 0xff, 0xf8, 0x00, 0x00, 0x58, 0xff,
    0xff, 0x04, 0x60, 0xff, 0xff, 0x03, 0x00, 0x64, 0xff, 0xfe, 0x02, 0x40, 0xff, 0xff, 0x34, 0x00,
    0x98, 0xff, 0xdd, 0x00, 0x03, 0xd3, 0xff, 0xe9, 0xc0, 0xfd, 0xff, 0x6e, 0x00, 0x00, 0x19, 0xa5,
    0xeb, 0xf9, 0xd7, 0x6a, 0x00, 0x00, 0xdc, 0xff, 0x98, 0x00, 0x00, 0x00, 0xe5, 0xff, 0x7e, 0x93,
    0xff, 0xd3, 0x00, 0x00, 0x21, 0xff, 0xff, 0x35, 0x4a, 0xff, 0xfe, 0x10, 0x00, 0x5c, 0xff, 0xea,
    0x01, 0x09, 0xf7, 0xff, 0x49, 0x00, 0x97, 0xff, 0xa2, 0x00, 0x00, 0xb9, 0xff, 0x83, 0x00, 0xd2,
    0xff, 0x58, 0x00, 0x00, 0x70, 0xff, 0xbe, 0x0f, 0xfd, 0xfc, 0x12, 0x00, 0x00, 0x27, 0xff, 0xf4,
    0x4d, 0xff, 0xc5, 0x00, 0x00, 0x00, 0x00, 0xde, 0xff, 0xb8, 0xff, 0x7b, 0x00, 0x00, 0x00, 0x00,
    0x95, 0xff, 0xff, 0xff, 0x32, 0x00, 0x00, 0x00, 0x00, 0x4c, 0xff, 0xff, 0xe7, 0x01, 0x00, 0x00,
    0x02, 0xfb, 0xff, 0x2d, 0x00, 0x00, 0x00, 0x6d, 0xff, 0x98, 0x00, 0xe3, 0xff, 0x38, 0xbc, 0xff,
    0x65, 0x7d, 0xff, 0x7b, 0x00, 0xc7, 0xff, 0x43, 0xda, 0xfe, 0x82, 0x8d, 0xff, 0x5d, 0x00, 0xac,
    0xff, 0x4f, 0xf7, 0xd9, 0x9e, 0x9d, 0xff, 0x40, 0x00, 0x90, 0xff, 0x70, 0xff, 0xa3, 0xba, 0xad,
    0xff, 0x22, 0x00, 0x75, 0xff, 0x9a, 0xff, 0x6e, 0xd6, 0xbd, 0xfe, 0x06, 0x00, 0x59, 0xff, 0xc3,
    0xea, 0x4d, 0xf2, 0xcd, 0xe7, 0x00, 0x00, 0x3d, 0xff, 0xec, 0xce, 0x34, 0xff, 0xeb, 0xc9, 0x00,
    0x00, 0x22, 0xff, 0xff, 0xb2, 0x1a, 0xff, 0xff, 0xac, 0x00, 0x00, 0x07, 0xfe, 0xff, 0x96, 0x03,
    0xfd, 0xff, 0x8e, 0x00, 0x76, 0xff, 0xf5, 0x14, 0x00, 0x65, 0xff, 0xf2, 0x17, 0x07, 0xe0, 0xff,
    0x80, 0x02, 0xd9, 0xff, 0x77, 0x00, 0x00, 0x5a, 0xff, 0xeb, 0x5e, 0xff, 0xde, 0x07, 0x00, 0x00,
    0x01, 0xcb, 0xff, 0xf7, 0xff, 0x52, 0x00, 0x00, 0x00, 0x00, 0x4a, 0xff, 0xff, 0xd5, 0x00, 0x00,
    0x00, 0x00, 0x00, 0x8b, 0xff, 0xff, 0xfd, 0x2c, 0x00, 0x00, 0x00, 0x1c, 0xf7, 0xfe, 0xb9, 0xff,
    0xb3, 0x00, 0x00, 0x00, 0x9d, 0xff, 0xb1, 0x23, 0xfc, 0xff, 0x3c, 0x00, 0x29, 0xfc, 0xff, 0x3b,
    0x00, 0xaa, 0xff, 0xc5, 0x00, 0xaf, 0xff, 0xc6, 0x00, 0x00, 0x33, 0xff, 0xff, 0x4f, 0x03, 0xd7,
    0xff, 0xae, 0x00, 0x00, 0x0a, 0xee, 0xff, 0x79, 0x00, 0x57, 0xff, 0xfc, 0x20, 0x00, 0x69, 0xff,
    0xe9, 0x0b, 0x00, 0x01, 0xd1, 0xff, 0x8c, 0x01, 0xd7, 0xff, 0x70, 0x00, 0x00, 0x00, 0x50, 0xff,
    0xef, 0x55, 0xff, 0xe4, 0x08, 0x00, 0x00, 0x00, 0x00, 0xcb, 0xff, 0xf2, 0xff, 0x67, 0x00, 0x00,
    0x00, 0x00, 0x00, 0x49, 0xff, 0xff, 0xde, 0x05, 0x00, 0x00, 0x00, 0x00, 0x00, 0x00, 0xe5, 0xff,
    0x81, 0x00, 0x00, 0x00, 0x00, 0x00, 0x00, 0x00, 0xe0, 0xff, 0x7c, 0x00, 0x00, 0x00, 0x00, 0x00,
    0x00, 0x00, 0xe0, 0xff, 0x7c, 0x00, 0x00, 0x00, 0x00, 0x00, 0x00, 0x00, 0xe0, 0xff, 0x7c, 0x00,
    0x00, 0x00, 0x00, 0xec, 0xff, 0xff, 0xff, 0xff, 0xff, 0xf8, 0x00, 0x00, 0xa2, 0xb0, 0xb0, 0xb0,
    0xf2, 0xff, 0xed, 0x00, 0x00, 0x00, 0x00, 0x00, 0x4a, 0xff, 0xff, 0x61, 0x00, 0x00, 0x00, 0x00,
    0x15, 0xe8, 0xff, 0xae, 0x00, 0x00, 0x00, 0x00, 0x00, 0xb1, 0xff, 0xe7, 0x14, 0x00, 0x00, 0x00,
    0x00, 0x66, 0xff, 0xff, 0x4a, 0x00, 0x00, 0x00, 0x00, 0x24, 0xf4, 0xff, 0x97, 0x00, 0x00, 0x00,
    0x00, 0x04, 0xc9, 0xff, 0xda, 0x0a, 0x00, 0x00, 0x00, 0x00, 0x61, 0xff, 0xff, 0xd2, 0xb0, 0xb0,
    0xb0, 0xae, 0x03, 0x70, 0xff, 0xff, 0xff, 0xff, 0xff, 0xff, 0xe5, 0x00, 0x86, 0xb0, 0xb0, 0xb0,
    0x73, 0xc4, 0xff, 0xff, 0xff, 0xa8, 0xc4, 0xff, 0x60, 0x00, 0x00, 0xc4, 0xff, 0x60, 0x00, 0x00,
    0xc4, 0xff, 0x60, 0x00, 0x00, 0xc4, 0xff, 0x60, 0x00, 0x00, 0xc4, 0xff, 0x60, 0x00, 0x00, 0xc4,
    0xff, 0x60, 0x00, 0x00, 0xc4, 0xff, 0x60, 0x00, 0x00, 0xc4, 0xff, 0x60, 0x00, 0x00, 0xc4, 0xff,
    0x60, 0x00, 0x00, 0xc4, 0xff, 0x60, 0x00, 0x00, 0xc4, 0xff, 0xce, 0xb0, 0x73, 0xc4, 0xff, 0xff,
    0xff, 0xa8, 0x0a, 0x6b, 0x42, 0x00, 0x00, 0x00, 0x00, 0x00, 0x00, 0x62, 0xff, 0xc7, 0x00, 0x00,
    0x00, 0x00, 0x00, 0x00, 0x06, 0xe3, 0xff, 0x42, 0x00, 0x00, 0x00, 0x00, 0x00, 0x00, 0x6e, 0xff,
    0xbd, 0x00, 0x00, 0x00, 0x00, 0x00, 0x00, 0x09, 0xe9, 0xff, 0x37, 0x00, 0x00, 0x00, 0x00, 0x00,
    0x00, 0x77, 0xff, 0xb2, 0x00, 0x00, 0x00, 0x00, 0x00, 0x00, 0x0d, 0xee, 0xff, 0x2e, 0x00, 0x00,
    0x00, 0x00, 0x00, 0x00, 0x81, 0xff, 0xa8, 0x00, 0x00, 0x00, 0x00, 0x00, 0x00, 0x12, 0xf3, 0xfd,
    0x26, 0x00, 0x00, 0x00, 0x00, 0x00, 0x00, 0x8a, 0xff, 0x9e, 0x00, 0x00, 0x00, 0x00, 0x00, 0x00,
    0x18, 0xf7, 0xfa, 0x1e, 0x00, 0x00, 0x00, 0x00, 0x00, 0x00, 0x94, 0xff, 0x94, 0x00, 0x00, 0x00,
    0x00, 0x00, 0x00, 0x1e, 0xfa, 0xf3, 0x0d, 0x00, 0x00, 0x00, 0x00, 0x00, 0x00, 0x5c, 0x22, 0x00,
    0x08, 0xb0, 0xb0, 0xb0, 0xb0, 0x42, 0x0c, 0xff, 0xff, 0xff, 0xff, 0x60, 0x00, 0x00, 0x00, 0xc4,
    0xff, 0x60, 0x00, 0x00, 0x00, 0xc4, 0xff, 0x60, 0x00, 0x00, 0x00, 0xc4, 0xff, 0x60, 0x00, 0x00,
    0x00, 0xc4, 0xff, 0x60, 0x00, 0x00, 0x00, 0xc4, 0xff, 0x60, 0x00, 0x00, 0x00, 0xc4, 0xff, 0x60,
    0x00, 0x00, 0x00, 0xc4, 0xff, 0x60, 0x00, 0x00, 0x00, 0xc4, 0xff, 0x60, 0x00, 0x00, 0x00, 0xc4,
    0xff, 0x60, 0x00, 0x00, 0x00, 0xc4, 0xff, 0x60, 0x08, 0xb0, 0xb0, 0xed, 0xff, 0x60, 0x0c, 0xff,
    0xff, 0xff, 0xff, 0x60, 0x00, 0x00, 0x00, 0x6f, 0x80, 0x3f, 0x00, 0x00, 0x00, 0x00, 0x00, 0x53,
    0xff, 0xff, 0xe5, 0x0c, 0x00, 0x00, 0x00, 0x0b, 0xe2, 0xfb, 0xa9, 0xff, 0x8c, 0x00, 0x00, 0x00,
    0x88, 0xff, 0x98, 0x0f, 0xec, 0xfb, 0x2c, 0x00, 0x28, 0xfa, 0xf6, 0x1a, 0x00, 0x6e, 0xff, 0xc1,
    0x00, 0x31, 0xb0, 0xb0, 0xb0, 0xb0, 0xb0, 0xb0, 0x9c, 0x48, 0xff, 0xff, 0xff, 0xff, 0xff, 0xff,
    0xe4, 0x15, 0xc0, 0x35, 0x00, 0x00, 0x70, 0xff, 0xfd, 0x97, 0x0f, 0x00, 0x2f, 0x95, 0xe1, 0x15,
    0x00, 0x00, 0x00, 0x01, 0x00, 0x00, 0x74, 0xcd, 0xf0, 0xf3, 0xce, 0x54, 0x00, 0x00, 0x8d, 0xda,
    0xb7, 0xd3, 0xff, 0xfc, 0x2a, 0x00, 0x02, 0x00, 0x00, 0x01, 0xd7, 0xff, 0x62, 0x00, 0x45, 0xbd,
    0xeb, 0xff, 0xff, 0xff, 0x6c, 0x31, 0xfa, 0xff, 0xdd, 0xb4, 0xed, 0xff, 0x6c, 0x72, 0xff, 0xea,
    0x03, 0x03, 0xd3, 0xff, 0x70, 0x49, 0xff, 0xff, 0xc9, 0xdb, 0xfe, 0xff, 0xc2, 0x00, 0x7e, 0xe8,
    0xf4, 0xb1, 0x30, 0xb2, 0x90, 0x00, 0x02, 0x04, 0x00, 0x00, 0x00, 0x00, 0x00, 0xe2, 0xfb, 0x48,
    0x00, 0x00, 0x00, 0x00, 0x00, 0xff, 0xff, 0x48, 0x00, 0x00, 0x00, 0x00, 0x00, 0xff, 0xff, 0x48,
    0x00, 0x00, 0x00, 0x00, 0x00, 0xff, 0xff, 0x7a, 0xd7, 0xf7, 0xaf, 0x0e, 0x00, 0xff, 0xff, 0xfb,
    0xc6, 0xf9, 0xff, 0x8a, 0x00, 0xff, 0xff, 0x6d, 0x00, 0x83, 0xff, 0xe0, 0x00, 0xff, 0xff, 0x48,
    0x00, 0x52, 0xff, 0xfc, 0x02, 0xff, 0xff, 0x48, 0x00, 0x57, 0xff, 0xfd, 0x03, 0xff, 0xff, 0x57,
    0x00, 0x91, 0xff, 0xd6, 0x00, 0xff, 0xff, 0xf2, 0xc1, 0xfe, 0xff, 0x71, 0x00, 0xff, 0xff, 0x88,
    0xe8, 0xed, 0x88, 0x01, 0x00, 0x00, 0x00, 0x38, 0xbb, 0xf1, 0xea, 0xb8, 0x39, 0x00, 0x36, 0xf9,
    0xff, 0xd4, 0xc3, 0xfc, 0x58, 0x00, 0xba, 0xff, 0xb7, 0x01, 0x00, 0x1c, 0x00, 0x00, 0xf4, 0xff,
    0x6b, 0x00, 0x00, 0x00, 0x00, 0x00, 0xf7, 0xff, 0x64, 0x00, 0x00, 0x00, 0x00, 0x00, 0xc5, 0xff,
    0xa9, 0x00, 0x00, 0x25, 0x00, 0x00, 0x45, 0xfd, 0xff, 0xd2, 0xc9, 0xfe, 0x5b, 0x00, 0x00, 0x43,
    0xc2, 0xf4, 0xf3, 0xb6, 0x34, 0x00, 0x00, 0x00, 0x00, 0x00, 0x06, 0x00, 0x00, 0x00, 0x00, 0x00,
    0x00, 0x00, 0xa8, 0xf3, 0x86, 0x00, 0x00, 0x00, 0x00, 0x00, 0xa8, 0xff, 0x9c, 0x00, 0x00, 0x00,
    0x00, 0x00, 0xa8, 0xff, 0x9c, 0x00, 0x1f, 0xbc, 0xf5, 0xc8, 0xcb, 0xff, 0x9c, 0x02, 0xce, 0xff,
    0xeb, 0xc9, 0xff, 0xff, 0x9c, 0x38, 0xff, 0xff, 0x32, 0x00, 0xb7, 0xff, 0x9c, 0x62, 0xff, 0xf6,
    0x00, 0x00, 0xa8, 0xff, 0x9c, 0x63, 0xff, 0xf1, 0x00, 0x00, 0xa8, 0xff, 0x9c, 0x42, 0xff, 0xff,
    0x21, 0x02, 0xc4, 0xff, 0x9c, 0x07, 0xe5, 0xff, 0xe4, 0xd4, 0xff, 0xff, 0x9c, 0x00, 0x39, 0xd3,
    0xf8, 0xbd, 0x91, 0xff, 0x9c, 0x00, 0x03, 0x7f, 0xe1, 0xf7, 0xd1, 0x55, 0x00, 0x00, 0x96, 0xff,
    0xe7, 0xb9, 0xf5, 0xff, 0x4d, 0x18, 0xfd, 0xfe, 0x1c, 0x00, 0x60, 0xff, 0xbf, 0x4b, 0xff, 0xff,
    0xff, 0xff, 0xff, 0xff, 0xea, 0x4b, 0xff, 0xff, 0xb1, 0xb0, 0xb0, 0xb0, 0xa3, 0x1b, 0xfe, 0xff,
    0x48, 0x00, 0x00, 0x1a, 0x00, 0x00, 0x9a, 0xff, 0xfa, 0xbc, 0xcc, 0xfe, 0x53, 0x00, 0x03, 0x7a,
    0xdb, 0xf9, 0xe9, 0x9a, 0x19, 0x00, 0x00, 0x30, 0xc1, 0xf6, 0xf0, 0xca, 0x37, 0x00, 0x0a, 0xe9,
    0xff, 0xd8, 0xb8, 0xde, 0x14, 0x00, 0x41, 0xff, 0xfc, 0x0a, 0x00, 0x00, 0x00, 0x00, 0x4c, 0xff,
    0xf4, 0x00, 0x00, 0x00, 0x00, 0xe8, 0xff, 0xff, 0xff, 0xff, 0xff, 0x5c, 0x00, 0x9f, 0xc7, 0xff,
    0xfc, 0xb0, 0xb0, 0x29, 0x00, 0x00, 0x4c, 0xff, 0xf4, 0x00, 0x00, 0x00, 0x00, 0x00, 0x4c, 0xff,
    0xf4, 0x00, 0x00, 0x00, 0x00, 0x00, 0x4c, 0xff, 0xf4, 0x00, 0x00, 0x00, 0x00, 0x00, 0x4c, 0xff,
    0xf4, 0x00, 0x00, 0x00, 0x00, 0x00, 0x4c, 0xff, 0xf4, 0x00, 0x00, 0x00, 0x00, 0x00, 0x00, 0x00,
    0x00, 0x06, 0x1f, 0x66, 0xc2, 0x02, 0x00, 0x1b, 0xa6, 0xed, 0xff, 0xff, 0xff, 0xf9, 0x2a, 0x02,
    0xd4, 0xff, 0xe5, 0xbe, 0xfe, 0xbe, 0x11, 0x00, 0x2b, 0xff, 0xff, 0x2a, 0x00, 0xab, 0xff, 0x73,
    0x00, 0x1e, 0xff, 0xff, 0x57, 0x0f, 0xcb, 0xff, 0x84, 0x00, 0x00, 0x8e, 0xff, 0xff, 0xff, 0xff,
    0xf0, 0x25, 0x00, 0x00, 0x49, 0xfb, 0xb8, 0xa9, 0x86, 0x20, 0x00, 0x00, 0x00, 0xa7, 0xff, 0xcf,
    0xb0, 0xaa, 0x80, 0x15, 0x00, 0x00, 0x37, 0xd2, 0xfa, 0xff, 0xff, 0xff, 0xdb, 0x07, 0x40, 0x78,
    0x3e, 0x00, 0x00, 0x35, 0xff, 0xff, 0x2f, 0x5f, 0xff, 0xf7, 0xb9, 0xb3, 0xe1, 0xff, 0xe5, 0x09,
    0x02, 0x7f, 0xd9, 0xf7, 0xf7, 0xdf, 0x99, 0x22, 0x00, 0x00, 0x01, 0x03, 0x00, 0x00, 0x00, 0x00,
    0xe1, 0xf9, 0x48, 0x00, 0x00, 0x00, 0x00, 0xff, 0xff, 0x48, 0x00, 0x00, 0x00, 0x00, 0xff, 0xff,
    0x48, 0x00, 0x00, 0x00, 0x00, 0xff, 0xff, 0x7e, 0xca, 0xf6, 0xbd, 0x11, 0xff, 0xff, 0xfe, 0xc0,
    0xfa, 0xff, 0x78, 0xff, 0xff, 0x78, 0x00, 0xb3, 0xff, 0x9a, 0xff, 0xff, 0x48, 0x00, 0xa8, 0xff,
    0x9c, 0xff, 0xff, 0x48, 0x00, 0xa8, 0xff, 0x9c, 0xff, 0xff, 0x48, 0x00, 0xa8, 0xff, 0x9c, 0xff,
    0xff, 0x48, 0x00, 0xa8, 0xff, 0x9c, 0xff, 0xff, 0x48, 0x00, 0xa8, 0xff, 0x9c, 0x00, 0x00, 0x36,
    0x6f, 0x0c, 0x00, 0x00, 0x00, 0x04, 0xf1, 0xff, 0x85, 0x00, 0x00, 0x00, 0x01, 0xe5, 0xff, 0x76,
    0x00, 0x00, 0x00, 0x00, 0x1b, 0x47, 0x02, 0x00, 0x00, 0xb0, 0xff, 0xff, 0xff, 0xac, 0x00, 0x00,
    0x79, 0xb0, 0xe0, 0xff, 0xac, 0x00, 0x00, 0x00, 0x00, 0x9c, 0xff, 0xac, 0x00, 0x00, 0x00, 0x00,
    0x9c, 0xff, 0xac, 0x00, 0x00, 0x00, 0x00, 0x9c, 0xff, 0xac, 0x00, 0x00, 0x00, 0x00, 0x9c, 0xff,
    0xac, 0x00, 0x00, 0x86, 0xb0, 0xe0, 0xff, 0xe5, 0xb0, 0x6b, 0xc4, 0xff, 0xff, 0xff, 0xff, 0xff,
    0x9c, 0x00, 0x00, 0x00, 0x34, 0x70, 0x0d, 0x00, 0x00, 0x01, 0xec, 0xff, 0x89, 0x00, 0x00, 0x00,
    0xde, 0xff, 0x7a, 0x00, 0x00, 0x00, 0x19, 0x48, 0x03, 0x3c, 0xff, 0xff, 0xff, 0xff, 0xc8, 0x29,
    0xb0, 0xb0, 0xd6, 0xff, 0xc8, 0x00, 0x00, 0x00, 0x7c, 0xff, 0xc8, 0x00, 0x00, 0x00, 0x7c, 0xff,
    0xc8, 0x00, 0x00, 0x00, 0x7c, 0xff, 0xc8, 0x00, 0x00, 0x00, 0x7c, 0xff, 0xc5, 0x00, 0x00, 0x00,
    0x91, 0xff, 0xaf, 0x00, 0x00, 0x09, 0xde, 0xff, 0x7a, 0x00, 0x29, 0xbd, 0xff, 0xed, 0x19, 0xc4,
    0xff, 0xff, 0xe6, 0x3c, 0x00, 0xc0, 0xcb, 0x74, 0x10, 0x00, 0x00, 0x04, 0x00, 0x00, 0x00, 0x00,
    0x00, 0x22, 0x3e, 0x16, 0x00, 0x00, 0x00, 0x00, 0x00, 0xff, 0xff, 0x48, 0x00, 0x00, 0x00, 0x00,
    0x00, 0xff, 0xff, 0x48, 0x00, 0x00, 0x00, 0x00, 0x00, 0xff, 0xff, 0x48, 0x00, 0x00, 0x00, 0x00,
    0x00, 0xff, 0xff, 0x48, 0x00, 0x7c, 0xff, 0xd7, 0x09, 0xff, 0xff, 0x48, 0x31, 0xfa, 0xfa, 0x32,
    0x00, 0xff, 0xff, 0x4f, 0xd3, 0xff, 0x78, 0x00, 0x00, 0xff, 0xff, 0xbe, 0xff, 0xe4, 0x02, 0x00,
    0x00, 0xff, 0xff, 0x72, 0xfb, 0xff, 0x50, 0x00, 0x00, 0xff, 0xff, 0x48, 0x93, 0xff, 0xe1, 0x0b,
    0x00, 0xff, 0xff, 0x48, 0x12, 0xed, 0xff, 0x89, 0x00, 0xff, 0xff, 0x48, 0x00, 0x6d, 0xff, 0xfa,
    0x2a, 0x88, 0xff, 0xff, 0xff, 0xfc, 0x00, 0x00, 0x00, 0x5d, 0xb0, 0xc6, 0xff, 0xfc, 0x00, 0x00,
    0x00, 0x00, 0x00, 0x48, 0xff, 0xfc, 0x00, 0x00, 0x00, 0x00, 0x00, 0x48, 0xff, 0xfc, 0x00, 0x00,
    0x00, 0x00, 0x00, 0x48, 0xff, 0xfc, 0x00, 0x00, 0x00, 0x00, 0x00, 0x48, 0xff, 0xfc, 0x00, 0x00,
    0x00, 0x00, 0x00, 0x48, 0xff, 0xfc, 0x00, 0x00, 0x00, 0x00, 0x00, 0x48, 0xff, 0xfc, 0x00, 0x00,
    0x00, 0x00, 0x00, 0x39, 0xff, 0xfe, 0x05, 0x00, 0x00, 0x00, 0x00, 0x0e, 0xf0, 0xff, 0xd4, 0xc4,
    0x32, 0x00, 0x00, 0x00, 0x4c, 0xd8, 0xf7, 0xdd, 0x52, 0xa0, 0xff, 0x8a, 0xe9, 0xb4, 0x9f, 0xf0,
    0xae, 0x00, 0xa0, 0xff, 0xec, 0xe3, 0xff, 0xdb, 0xf4, 0xff, 0x26, 0xa0, 0xff, 0x61, 0x7b, 0xff,
    0x25, 0xb7, 0xff, 0x3b, 0xa0, 0xff, 0x5c, 0x78, 0xff, 0x20, 0xb4, 0xff, 0x3c, 0xa0, 0xff, 0x5c,
    0x78, 0xff, 0x20, 0xb4, 0xff, 0x3c, 0xa0, 0xff, 0x5c, 0x78, 0xff, 0x20, 0xb4, 0xff, 0x3c, 0xa0,
    0xff, 0x5c, 0x78, 0xff, 0x20, 0xb4, 0xff, 0x3c, 0xa0, 0xff, 0x5c, 0x78, 0xff, 0x20, 0xb4, 0xff,
    0x3c, 0xff, 0xff, 0x50, 0xd1, 0xf7, 0xba, 0x10, 0xff, 0xff, 0xfd, 0xc5, 0xfa, 0xff, 0x77, 0xff,
    0xff, 0x73, 0x00, 0xb3, 0xff, 0x9a, 0xff, 0xff, 0x48, 0x00, 0xa8, 0xff, 0x9c, 0xff, 0xff, 0x48,
    0x00, 0xa8, 0xff, 0x9c, 0xff, 0xff, 0x48, 0x00, 0xa8, 0xff, 0x9c, 0xff, 0xff, 0x48, 0x00, 0xa8,
    0xff, 0x9c, 0xff, 0xff, 0x48, 0x00, 0xa8, 0xff, 0x9c, 0x00, 0x09, 0x8e, 0xe5, 0xf7, 0xce, 0x54,
    0x00, 0x00, 0x00, 0xad, 0xff, 0xec, 0xc1, 0xff, 0xff, 0x50, 0x00, 0x27, 0xff, 0xff, 0x33, 0x00,
    0x98, 0xff, 0xc7, 0x00, 0x58, 0xff, 0xf9, 0x00, 0x00, 0x5e, 0xff, 0xf7, 0x00, 0x52, 0xff, 0xf9,
    0x00, 0x00, 0x5f, 0xff, 0xf0, 0x00, 0x27, 0xff, 0xff, 0x31, 0x00, 0x98, 0xff, 0xc4, 0x00, 0x00,
    0xae, 0xff, 0xeb, 0xc1, 0xff, 0xff, 0x48, 0x00, 0x00, 0x0e, 0x99, 0xea, 0xfa, 0xd4, 0x5b, 0x00,
    0x00, 0xff, 0xff, 0x63, 0xd7, 0xf4, 0xac, 0x0b, 0x00, 0xff, 0xff, 0xfb, 0xc6, 0xfa, 0xff, 0x8b,
    0x00, 0xff, 0xff, 0x6e, 0x00, 0x86, 0xff, 0xdb, 0x00, 0xff, 0xff, 0x48, 0x00, 0x5a, 0xff, 0xfb,
    0x00, 0xff, 0xff, 0x48, 0x00, 0x5f, 0xff, 0xf9, 0x00, 0xff, 0xff, 0x56, 0x00, 0x96, 0xff, 0xd1,
    0x00, 0xff, 0xff, 0xf1, 0xc0, 0xfe, 0xff, 0x6e, 0x00, 0xff, 0xff, 0xa1, 0xe3, 0xef, 0x8c, 0x01,
    0x00, 0xff, 0xff, 0x48, 0x00, 0x00, 0x00, 0x00, 0x00, 0xff, 0xff, 0x48, 0x00, 0x00, 0x00, 0x00,
    0x00, 0xf1, 0xd4, 0x36, 0x00, 0x00, 0x00, 0x00, 0x00, 0x00, 0x1f, 0xbb, 0xf5, 0xd4, 0xab, 0xff,
    0x9c, 0x01, 0xcc, 0xff, 0xeb, 0xc9, 0xff, 0xff, 0x9c, 0x32, 0xff, 0xff, 0x33, 0x00, 0xb8, 0xff,
    0x9c, 0x5a, 0xff, 0xf9, 0x00, 0x00, 0xa8, 0xff, 0x9c, 0x5c, 0xff, 0xf5, 0x00, 0x00, 0xa8, 0xff,
    0x9c, 0x3d, 0xff, 0xff, 0x23, 0x01, 0xc4, 0xff, 0x9c, 0x06, 0xe6, 0xff, 0xe3, 0xd2, 0xff, 0xff,
    0x9c, 0x00, 0x3b, 0xd4, 0xf3, 0xb5, 0xbf, 0xff, 0x9c, 0x00, 0x00, 0x00, 0x00, 0x00, 0xa8, 0xff,
    0x9c, 0x00, 0x00, 0x00, 0x00, 0x00, 0xa8, 0xff, 0x9c, 0x00, 0x00, 0x00, 0x00, 0x00, 0x81, 0xdf,
    0x96, 0xec, 0xff, 0xeb, 0x09, 0xa0, 0xf3, 0xfc, 0x05, 0xa2, 0xf9, 0xff, 0xb5, 0xff, 0xfc, 0xdd,
    0x00, 0x00, 0xec, 0xff, 0xf5, 0x41, 0xc4, 0xb9, 0x00, 0x00, 0xec, 0xff, 0x81, 0x00, 0x00, 0x00,
    0x00, 0x00, 0xec, 0xff, 0x58, 0x00, 0x00, 0x00, 0x00, 0x00, 0xec, 0xff, 0x58, 0x00, 0x00, 0x00,
    0x00, 0xa2, 0xf9, 0xff, 0xcb, 0x97, 0x00, 0x00, 0x00, 0xec, 0xff, 0xff, 0xff, 0xdc, 0x00, 0x00,
    0x00, 0x00, 0x0d, 0x94, 0xe3, 0xf9, 0xe4, 0x92, 0x18, 0x00, 0x9d, 0xff, 0xec, 0xb7, 0xdf, 0xfc,
    0x35, 0x00, 0xc9, 0xff, 0xa7, 0x0c, 0x00, 0x2a, 0x00, 0x00, 0x63, 0xfd, 0xff, 0xf6, 0xae, 0x46,
    0x00, 0x00, 0x00, 0x2e, 0x8d, 0xde, 0xff, 0xfe, 0x5e, 0x00, 0x29, 0x1d, 0x00, 0x03, 0xc9, 0xff,
    0xa6, 0x15, 0xe6, 0xf9, 0xc9, 0xc5, 0xfd, 0xff, 0x69, 0x00, 0x50, 0xc8, 0xf5, 0xf8, 0xd0, 0x68,
    0x00, 0x00, 0x00, 0x6a, 0xd0, 0xa4, 0x00, 0x00, 0x00, 0x00, 0x00, 0x94, 0xff, 0xb4, 0x00, 0x00,
    0x00, 0x2c, 0xff, 0xff, 0xff, 0xff, 0xff, 0xff, 0x15, 0x1e, 0xb0, 0xde, 0xff, 0xe8, 0xb0, 0xaa,
    0x00, 0x00, 0x00, 0x94, 0xff, 0xb4, 0x00, 0x00, 0x00, 0x00, 0x00, 0x94, 0xff, 0xb4, 0x00, 0x00,
    0x00, 0x00, 0x00, 0x94, 0xff, 0xb4, 0x00, 0x00, 0x00, 0x00, 0x00, 0x86, 0xff, 0xc1, 0x00, 0x00,
    0x00, 0x00, 0x00, 0x46, 0xff, 0xfe, 0xbf, 0xd0, 0x66, 0x00, 0x00, 0x00, 0x72, 0xdf, 0xf6, 0xd8,
    0x6e, 0xff, 0xff, 0x48, 0x00, 0xa8, 0xff, 0x9c, 0xff, 0xff, 0x48, 0x00, 0xa8, 0xff, 0x9c, 0xff,
    0xff, 0x48, 0x00, 0xa8, 0xff, 0x9c, 0xff, 0xff, 0x48, 0x00, 0xa8, 0xff, 0x9c, 0xff, 0xff, 0x48,
    0x00, 0xa8, 0xff, 0x9c, 0xfd, 0xff, 0x4f, 0x03, 0xc6, 0xff, 0x9c, 0xd7, 0xff, 0xe4, 0xd6, 0xff,
    0xff, 0x9c, 0x45, 0xde, 0xef, 0xae, 0x83, 0xff, 0x9c, 0x6c, 0xff, 0xf5, 0x05, 0x00, 0x39, 0xff,
    0xfa, 0x10, 0x1b, 0xfe, 0xff, 0x37, 0x00, 0x79, 0xff, 0xb9, 0x00, 0x00, 0xc8, 0xff, 0x75, 0x00,
    0xba, 0xff, 0x67, 0x00, 0x00, 0x76, 0xff, 0xb2, 0x05, 0xf4, 0xfd, 0x18, 0x00, 0x00, 0x23, 0xff,
    0xee, 0x3d, 0xff, 0xc4, 0x00, 0x00, 0x00, 0x00, 0xd2, 0xff, 0xa9, 0xff, 0x73, 0x00, 0x00, 0x00,
    0x00, 0x80, 0xff, 0xfd, 0xff, 0x22, 0x00, 0x00, 0x00, 0x00, 0x2d, 0xff, 0xff, 0xd0, 0x00, 0x00,
    0x00, 0xe3, 0xff, 0x29, 0x00, 0x00, 0x00, 0x7b, 0xff, 0x7e, 0xbf, 0xff, 0x3d, 0xa7, 0xff, 0x64,
    0x8f, 0xff, 0x5b, 0x9b, 0xff, 0x50, 0xcb, 0xfc, 0x85, 0xa3, 0xff, 0x39, 0x77, 0xff, 0x64, 0xf0,
    0xca, 0xa7, 0xb7, 0xff, 0x16, 0x53, 0xff, 0x8d, 0xff, 0x8a, 0xc8, 0xcc, 0xf4, 0x00, 0x2f, 0xff,
    0xc6, 0xf5, 0x55, 0xe9, 0xe0, 0xd1, 0x00, 0x0b, 0xff, 0xf8, 0xd4, 0x36, 0xff, 0xf9, 0xaf, 0x00,
    0x00, 0xe6, 0xff, 0xb4, 0x17, 0xff, 0xff, 0x8d, 0x00, 0x27, 0xf9, 0xff, 0x55, 0x00, 0xbb, 0xff,
    0x9a, 0x00, 0x00, 0x83, 0xff, 0xcf, 0x31, 0xff, 0xed, 0x13, 0x00, 0x00, 0x08, 0xdb, 0xff, 0xda,
    0xff, 0x67, 0x00, 0x00, 0x00, 0x00, 0x4b, 0xff, 0xff, 0xd7, 0x02, 0x00, 0x00, 0x00, 0x00, 0x82,
    0xff, 0xff, 0xfa, 0x2b, 0x00, 0x00, 0x00, 0x27, 0xf9, 0xee, 0x99, 0xff, 0xc2, 0x01, 0x00, 0x00,
    0xbf, 0xff, 0x7f, 0x14, 0xf3, 0xff, 0x60, 0x00, 0x60, 0xff, 0xf1, 0x11, 0x00, 0x85, 0xff, 0xea,
    0x12, 0x72, 0xff, 0xe8, 0x00, 0x00, 0x3c, 0xff, 0xfb, 0x12, 0x24, 0xff, 0xff, 0x23, 0x00, 0x7c,
    0xff, 0xba, 0x00, 0x00, 0xd7, 0xff, 0x5e, 0x00, 0xbb, 0xff, 0x67, 0x00, 0x00, 0x89, 0xff, 0x98,
    0x05, 0xf5, 0xfd, 0x17, 0x00, 0x00, 0x3c, 0xff, 0xd3, 0x3a, 0xff, 0xc0, 0x00, 0x00, 0x00, 0x02,
    0xeb, 0xfe, 0x89, 0xff, 0x6d, 0x00, 0x00, 0x00, 0x00, 0xa1, 0xff, 0xf1, 0xfe, 0x1b, 0x00, 0x00,
    0x00, 0x00, 0x53, 0xff, 0xff, 0xc6, 0x00, 0x00, 0x00, 0x00, 0x00, 0x04, 0xb9, 0xff, 0x5c, 0x00,
    0x00, 0x00, 0x00, 0x72, 0xd4, 0xff, 0xbe, 0x04, 0x00, 0x00, 0x00, 0x00, 0xa9, 0xdb, 0x86, 0x0d,
    0x00, 0x00, 0x00, 0x00, 0xa8, 0xff, 0xff, 0xff, 0xff, 0xff, 0x74, 0x73, 0xb0, 0xb0, 0xc9, 0xff,
    0xff, 0x61, 0x00, 0x00, 0x08, 0xcc, 0xff, 0xb7, 0x02, 0x00, 0x00, 0xa1, 0xff, 0xdd, 0x11, 0x00,
    0x00, 0x6e, 0xff, 0xf6, 0x2f, 0x00, 0x00, 0x3d, 0xfb, 0xff, 0x5c, 0x00, 0x00, 0x00, 0xe4, 0xff,
    0xf3, 0xb0, 0xb0, 0xb0, 0x55, 0xf8, 0xff, 0xff, 0xff, 0xff, 0xff, 0x60, 0x00, 0x00, 0x1a, 0xb0,
    0xeb, 0xb1, 0x00, 0x00, 0x9d, 0xff, 0xed, 0x80, 0x00, 0x00, 0xb7, 0xff, 0x65, 0x00, 0x00, 0x00,
    0xa4, 0xff, 0x76, 0x00, 0x00, 0x00, 0x8a, 0xff, 0x8f, 0x00, 0x03, 0x28, 0xcb, 0xff, 0x79, 0x00,
    0x7c, 0xff, 0xe2, 0x80, 0x08, 0x00, 0x59, 0xda, 0xff, 0xcd, 0x21, 0x00, 0x00, 0x01, 0xa8, 0xff,
    0x8a, 0x00, 0x00, 0x00, 0x8e, 0xff, 0x8d, 0x00, 0x00, 0x00, 0xa8, 0xff, 0x73, 0x00, 0x00, 0x00,
    0xb6, 0xff, 0x65, 0x00, 0x00, 0x00, 0x98, 0xff, 0xed, 0x80, 0x00, 0x00, 0x17, 0xad, 0xeb, 0xb1,
    0xc0, 0xff, 0x5c, 0xc0, 0xff, 0x5c, 0xc0, 0xff, 0x5c, 0xc0, 0xff, 0x5c, 0xc0, 0xff, 0x5c, 0xc0,
    0xff, 0x5c, 0xc0, 0xff, 0x5c, 0xc0, 0xff, 0x5c, 0xc0, 0xff, 0x5c, 0xc0, 0xff, 0x5c, 0xc0, 0xff,
    0x5c, 0xc0, 0xff, 0x5c, 0xc0, 0xff, 0x5c, 0x13, 0xf9, 0xda, 0x78, 0x00, 0x00, 0x00, 0x0d, 0xc2,
    0xff, 0xff, 0x38, 0x00, 0x00, 0x00, 0x00, 0xc8, 0xff, 0x52, 0x00, 0x00, 0x00, 0x00, 0xdb, 0xff,
    0x40, 0x00, 0x00, 0x00, 0x00, 0xf4, 0xff, 0x28, 0x00, 0x00, 0x00, 0x00, 0xe0, 0xff, 0x80, 0x11,
    0x00, 0x00, 0x00, 0x30, 0xa7, 0xfa, 0xff, 0x18, 0x00, 0x00, 0x5d, 0xeb, 0xfb, 0xc4, 0x10, 0x00,
    0x00, 0xed, 0xff, 0x47, 0x00, 0x00, 0x00, 0x00, 0xf1, 0xff, 0x2d, 0x00, 0x00, 0x00, 0x00, 0xd8,
    0xff, 0x45, 0x00, 0x00, 0x00, 0x00, 0xc8, 0xff, 0x52, 0x00, 0x00, 0x0d, 0xc2, 0xff, 0xff, 0x35,
    0x00, 0x00, 0x14, 0xfa, 0xda, 0x75, 0x00, 0x00, 0x00, 0x00, 0x63, 0xed, 0xdd, 0x5b, 0x00, 0x2b,
    0x84, 0x12, 0x43, 0xfe, 0xce, 0xe7, 0xff, 0xc8, 0xea, 0xde, 0x08, 0x38, 0x85, 0x02, 0x0e, 0x9c,
    0xf1, 0xd0, 0x2d, 0x00, 0x04, 0x1f, 0x20, 0x20, 0x20, 0x20, 0x20, 0x20, 0x0f, 0x00, 0xcb, 0xff,
    0xff, 0xff, 0xff, 0xff, 0xff, 0xff, 0xf6, 0x2b, 0xff, 0xff, 0xca, 0x41, 0x0d, 0x26, 0x94, 0xff,
    0xff, 0x57, 0xff, 0xd3, 0x09, 0x00, 0x00, 0x00, 0x00, 0x84, 0xff, 0x58, 0xff, 0x5b, 0x00, 0x00,
    0x02, 0x00, 0x00, 0x0d, 0xf7, 0x58, 0xff, 0x34, 0x00, 0x00, 0xc8, 0x24, 0x00, 0x00, 0xdc, 0x58,
    0xff, 0x57, 0x00, 0x00, 0x2a, 0x40, 0x00, 0x0a, 0xf6, 0x58, 0xff, 0xcc, 0x07, 0x00, 0xa9, 0x82,
    0x45, 0x7d, 0xff, 0x58, 0xff, 0xff, 0xc4, 0x3a, 0x7f, 0x27, 0xa4, 0xfe, 0xff, 0x58, 0xff, 0xff,
    0xff, 0xff, 0xff, 0x89, 0x0e, 0xd9, 0xff, 0x58, 0xff, 0x72, 0xd3, 0xff, 0xff, 0xe8, 0x20, 0xb7,
    0xff, 0x58, 0xf3, 0xcd, 0xf4, 0xff, 0xff, 0xff, 0xfb, 0xff, 0xff, 0x4b, 0x40, 0x83, 0x84, 0x84,
    0x84, 0x84, 0x84, 0x84, 0x6a, 0x02, 0x00, 0x00, 0x00, 0x00, 0x17, 0x1b, 0x00, 0x00, 0x1c, 0x17,
    0x00, 0x00, 0x00, 0x00, 0x00, 0x00, 0x00, 0x00, 0x99, 0xa8, 0x00, 0x00, 0xa9, 0x99, 0x00, 0x00,
    0x00, 0x00, 0x00, 0x00, 0x4b, 0x8e, 0xd6, 0xdd, 0x90, 0x90, 0xdd, 0xd6, 0x8e, 0x49, 0x00, 0x00,
    0x00, 0x23, 0xfd, 0xcb, 0xc4, 0xc4, 0xc4, 0xc4, 0xc4, 0xc4, 0xcb, 0xfc, 0x22, 0x00, 0x00, 0x40,
    0xff, 0x10, 0x00, 0x00, 0x00, 0x00, 0x00, 0x00, 0x10, 0xff, 0x40, 0x00, 0xc9, 0xf1, 0xff, 0x10,
    0x74, 0xeb, 0xec, 0xec, 0xeb, 0x73, 0x10, 0xff, 0xf1, 0xc7, 0x48, 0x8b, 0xff, 0x10, 0xa0, 0xcf,
    0x64, 0x64, 0xcf, 0xa0, 0x10, 0xff, 0x8b, 0x46, 0x00, 0x40, 0xff, 0x10, 0xa0, 0xb0, 0x00, 0x00,
    0xb0, 0xa0, 0x10, 0xff, 0x40, 0x00, 0x00, 0x40, 0xff, 0x10, 0xa0, 0xb0, 0x00, 0x00, 0xb0, 0xa0,
    0x10, 0xff, 0x40, 0x00, 0xd9, 0xff, 0xff, 0x10, 0x9a, 0xff, 0xff, 0xff, 0xff, 0x99, 0x10, 0xff,
    0xff, 0xd7, 0x36, 0x7c, 0xff, 0x10, 0x18, 0x4f, 0x50, 0x50, 0x4f, 0x17, 0x10, 0xff, 0x7c, 0x35,
    0x00, 0x37, 0xff, 0x69, 0x5c, 0x5c, 0x5c, 0x5c, 0x5c, 0x5c, 0x6a, 0xff, 0x37, 0x00, 0x00, 0x03,
    0xab, 0xf2, 0xfb, 0xfc, 0xf4, 0xf4, 0xfc, 0xfb, 0xf2, 0xa9, 0x03, 0x00, 0x00, 0x00, 0x00, 0x00,
    0xa0, 0xb0, 0x00, 0x00, 0xb0, 0xa0, 0x00, 0x00, 0x00, 0x00, 0x00, 0x00, 0x00, 0x00, 0x4e, 0x58,
    0x00, 0x00, 0x59, 0x4d, 0x00, 0x00, 0x00, 0x00, 0x00, 0x00, 0x00, 0x47, 0x60, 0x18, 0x8f, 0x00,
    0x00, 0x00, 0x00, 0x00, 0x1a, 0x61, 0xb1, 0xcc, 0x7e, 0xff, 0x63, 0x48, 0x00, 0x00, 0x00, 0xbe,
    0xd6, 0xc3, 0xc3, 0xc3, 0xc3, 0xc3, 0xf5, 0x3a, 0x00, 0x0f, 0xd6, 0x4f, 0x07, 0x0f, 0x0f, 0x0f,
    0x00, 0xd3, 0x5a, 0x07, 0xff, 0xff, 0x4f, 0x7f, 0xff, 0xff, 0xff, 0x00, 0xd3, 0xff, 0x7f, 0x1f,
    0xd9, 0x4f, 0x7f, 0xb6, 0x46, 0xff, 0x00, 0xd3, 0x65, 0x0f, 0xbb, 0xf4, 0x4f, 0x7f, 0xe9, 0xc7,
    0xff, 0x00, 0xd3, 0xd1, 0x5d, 0x6f, 0xe7, 0x4f, 0x37, 0x6f, 0x6f, 0x6f, 0x00, 0xd3, 0x9c, 0x37,
    0x00, 0xd0, 0x94, 0x63, 0x63, 0x63, 0x63, 0x63, 0xe5, 0x4c, 0x00, 0x00, 0x57, 0xc1, 0xe1, 0xec,
    0xce, 0xff, 0xc3, 0xa8, 0x0c, 0x00, 0x00, 0x00, 0x00, 0x77, 0xa1, 0x29, 0xef, 0x00, 0x00, 0x00,
    0x00, 0x00, 0x00, 0x00, 0x00, 0x26, 0x28, 0x00, 0x00, 0x00, 0x00, 0x00, 0x00, 0x4c, 0xf8, 0x2c,
    0x00, 0x00, 0x00, 0x00, 0x00, 0x18, 0xf5, 0xff, 0x41, 0x00, 0x00, 0x00, 0x00, 0x06, 0x7b, 0xff,
    0xff, 0xbc, 0x04, 0x00, 0x00, 0x13, 0x5e, 0xa7, 0xff, 0xff, 0xff, 0xbf, 0x15, 0x00, 0x80, 0x78,
    0x9c, 0xff, 0xaf, 0xf6, 0xff, 0xc6, 0x01, 0xba, 0xd6, 0x86, 0xff, 0x8d, 0x43, 0xfc, 0xff, 0x3b,
    0xb5, 0xff, 0xff, 0xff, 0x9e, 0x00, 0xc0, 0xff, 0x59, 0x68, 0xff, 0xff, 0xd2, 0x1e, 0x13, 0xea,
    0xff, 0x29, 0x07, 0xc4, 0xff, 0xfb, 0xb9, 0xe9, 0xff, 0x9b, 0x00, 0x00, 0x09, 0x81, 0xd5, 0xea,
    0xcb, 0x6e, 0x02, 0x00, 0x00, 0x00, 0x00, 0x00, 0x00, 0x00, 0x00, 0x00, 0x00, 0x00, 0x3b, 0x57,
    0x58, 0x58, 0x58, 0x58, 0x58, 0x58, 0x58, 0x58, 0x55, 0x24, 0x00, 0x00, 0x90, 0xff, 0xff, 0xff,
    0xff, 0xff, 0xff, 0xff, 0xff, 0xff, 0xff, 0xff, 0xfb, 0x4d, 0x00, 0xf5, 0xc3, 0x44, 0x44, 0x44,
    0x44, 0x44, 0x44, 0x44, 0x44, 0x44, 0x48, 0xf1, 0xb0, 0x00, 0xff, 0x9c, 0x88, 0xec, 0xec, 0xec,
    0xec, 0xec, 0xec, 0xec, 0xec, 0x49, 0xe0, 0xf9, 0x59, 0xff, 0x9c, 0x94, 0xff, 0xff, 0xff, 0xff,
    0xff, 0xff, 0xff, 0xff, 0x50, 0xe0, 0xff, 0x88, 0xff, 0x9c, 0x94, 0xff, 0xff, 0xff, 0xff, 0xff,
    0xff, 0xff, 0xff, 0x50, 0xe0, 0xff, 0x80, 0xfd, 0xa0, 0x2e, 0x50, 0x50, 0x50, 0x50, 0x50, 0x50,
    0x50, 0x50, 0x19, 0xe4, 0xcb, 0x0b, 0xca, 0xfb, 0xe0, 0xe0, 0xe0, 0xe0, 0xe0, 0xe0, 0xe0, 0xe0,
    0xe0, 0xe4, 0xff, 0x84, 0x00, 0x20, 0x9f, 0xbc, 0xbc, 0xbc, 0xbc, 0xbc, 0xbc, 0xbc, 0xbc, 0xbc,
    0xb9, 0x84, 0x08, 0x00, 0x00, 0x3b, 0x57, 0x58, 0x58, 0x58, 0x58, 0x58, 0x58, 0x58, 0x58, 0x55,
    0x24, 0x00, 0x00, 0x90, 0xff, 0xff, 0xff, 0xff, 0xff, 0xff, 0xff, 0xff, 0xff, 0xff, 0xff, 0xfb,
    0x4d, 0x00, 0xf5, 0xc3, 0x44, 0x44, 0x44, 0x44, 0x44, 0x44, 0x44, 0x44, 0x44, 0x48, 0xf1, 0xb0,
    0x00, 0xff, 0x9c, 0x88, 0xec, 0xec, 0xec, 0xec, 0xec, 0xd2, 0x00, 0x00, 0x00, 0xe0, 0xf9, 0x59,
    0xff, 0x9c, 0x94, 0xff, 0xff, 0xff, 0xff, 0xff, 0xe4, 0x00, 0x00, 0x00, 0xe0, 0xff, 0x88, 0xff,
    0x9c, 0x94, 0xff, 0xff, 0xff, 0xff, 0xff, 0xe4, 0x00, 0x00, 0x00, 0xe0, 0xff, 0x80, 0xfd, 0xa0,
    0x2e, 0x50, 0x50, 0x50, 0x50, 0x50, 0x47, 0x00, 0x00, 0x00, 0xe4, 0xcb, 0x0b, 0xca, 0xfb, 0xe0,
    0xe0, 0xe0, 0xe0, 0xe0, 0xe0, 0xe0, 0xe0, 0xe0, 0xe4, 0xff, 0x84, 0x00, 0x20, 0x9f, 0xbc, 0xbc,
    0xbc, 0xbc, 0xbc, 0xbc, 0xbc, 0xbc, 0xbc, 0xb9, 0x84, 0x08, 0x00, 0x00, 0x3b, 0x57, 0x58, 0x58,
    0x58, 0x58, 0x58, 0x58, 0x58, 0x58, 0x55, 0x24, 0x00, 0x00, 0x90, 0xff, 0xff, 0xff, 0xff, 0xff,
    0xff, 0xff, 0xff, 0xff, 0xff, 0xff, 0xfb, 0x4d, 0x00, 0xf5, 0xc3, 0x44, 0x44, 0x44, 0x44, 0x44,
    0x44, 0x44, 0x44, 0x44, 0x48, 0xf1, 0xb0, 0x00, 0xff, 0x9c, 0x88, 0xec, 0xec, 0xec, 0xec, 0x3e,
    0x00, 0x00, 0x00, 0x00, 0xe0, 0xf9, 0x59, 0xff, 0x9c, 0x94, 0xff, 0xff, 0xff, 0xff, 0x44, 0x00,
    0x00, 0x00, 0x00, 0xe0, 0xff, 0x88, 0xff, 0x9c, 0x94, 0xff, 0xff, 0xff, 0xff, 0x44, 0x00, 0x00,
    0x00, 0x00, 0xe0, 0xff, 0x80, 0xfd, 0xa0, 0x2e, 0x50, 0x50, 0x50, 0x50, 0x15, 0x00, 0x00, 0x00,
    0x00, 0xe4, 0xcb, 0x0b, 0xca, 0xfb, 0xe0, 0xe0, 0xe0, 0xe0, 0xe0, 0xe0, 0xe0, 0xe0, 0xe0, 0xe4,
    0xff, 0x84, 0x00, 0x20, 0x9f, 0xbc, 0xbc, 0xbc, 0xbc, 0xbc, 0xbc, 0xbc, 0xbc, 0xbc, 0xb9, 0x84,
    0x08, 0x00, 0x00, 0x3b, 0x57, 0x58, 0x58, 0x58, 0x58, 0x58, 0x58, 0x58, 0x58, 0x55, 0x24, 0x00,
    0x00, 0x90, 0xff, 0xff, 0xff, 0xff, 0xff, 0xff, 0xff, 0xff, 0xff, 0xff, 0xff, 0xfb, 0x4d, 0x00,
    0xf5, 0xc3, 0x44, 0x44, 0x44, 0x44, 0x44, 0x44, 0x44, 0x44, 0x44, 0x48, 0xf1, 0xb0, 0x00, 0xff,
    0x9c, 0x88, 0xec, 0xc7, 0x00, 0x00, 0x00, 0x00, 0x00, 0x00, 0x00, 0xe0, 0xf9, 0x59, 0xff, 0x9c,
    0x94, 0xff, 0xd8, 0x00, 0x00, 0x00, 0x00, 0x00, 0x00, 0x00, 0xe0, 0xff, 0x88, 0xff, 0x9c, 0x94,
    0xff, 0xd8, 0x00, 0x00, 0x00, 0x00, 0x00, 0x00, 0x00, 0xe0, 0xff, 0x80, 0xfd, 0xa0, 0x2e, 0x50,
    0x43, 0x00, 0x00, 0x00, 0x00, 0x00, 0x00, 0x00, 0xe4, 0xcb, 0x0b, 0xca, 0xfb, 0xe0, 0xe0, 0xe0,
    0xe0, 0xe0, 0xe0, 0xe0, 0xe0, 0xe0, 0xe4, 0xff, 0x84, 0x00, 0x20, 0x9f, 0xbc, 0xbc, 0xbc, 0xbc,
    0xbc, 0xbc, 0xbc, 0xbc, 0xbc, 0xb9, 0x84, 0x08, 0x00, 0x00, 0x3b, 0x57, 0x58, 0x58, 0x58, 0x58,
    0x58, 0x58, 0x58, 0x58, 0x55, 0x24, 0x00, 0x00, 0x90, 0xff, 0xff, 0xff, 0xff, 0xff, 0xff, 0xff,
    0xff, 0xff, 0xff, 0xff, 0xfb, 0x4d, 0x00, 0xf5, 0xc3, 0x44, 0x44, 0x44, 0x44, 0x44, 0x44, 0x44,
    0x44, 0x44, 0x48, 0xf1, 0xb0, 0x00, 0xff, 0x9c, 0x00, 0x00, 0x00, 0x00, 0x00, 0x00, 0x00, 0x00,
    0x00, 0x00, 0xe0, 0xf9, 0x59, 0xff, 0x9c, 0x00, 0x00, 0x00, 0x00, 0x00, 0x00, 0x00, 0x00, 0x00,
    0x00, 0xe0, 0xff, 0x88, 0xff, 0x9c, 0x00, 0x00, 0x00, 0x00, 0x00, 0x00, 0x00, 0x00, 0x00, 0x00,
    0xe0, 0xff, 0x80, 0xfd, 0xa0, 0x00, 0x00, 0x00, 0x00, 0x00, 0x00, 0x00, 0x00, 0x00, 0x00, 0xe4,
    0xcb, 0x0b, 0xca, 0xfb, 0xe0, 0xe0, 0xe0, 0xe0, 0xe0, 0xe0, 0xe0, 0xe0, 0xe0, 0xe4, 0xff, 0x84,
    0x00, 0x20, 0x9f, 0xbc, 0xbc, 0xbc, 0xbc, 0xbc, 0xbc, 0xbc, 0xbc, 0xbc, 0xb9, 0x84, 0x08, 0x00,
    0x00, 0x00, 0x0d, 0x1f, 0x1f, 0x1f, 0x01, 0x00, 0x00, 0x00, 0x6f, 0xff, 0xff, 0xff, 0x0f, 0x00,
    0x14, 0xe9, 0xfd, 0xff, 0xff, 0xff, 0xfc, 0x9a, 0x2f, 0xff, 0xff, 0xff, 0xfc, 0xff, 0xff, 0xcb,
    0x2f, 0xff, 0xff, 0xff, 0x9b, 0xff, 0xff, 0xcb, 0x2f, 0xff, 0xff, 0xe9, 0x2b, 0xff, 0xff, 0xcb,
    0x2f, 0xff, 0xff, 0x6d, 0x1f, 0xff, 0xff, 0xcb, 0x2f, 0xff, 0xe0, 0x06, 0x00, 0x35, 0xff, 0xcb,
    0x2f, 0xff, 0xf1, 0xa1, 0x00, 0xbd, 0xff, 0xcb, 0x2f, 0xff, 0xff, 0xbb, 0x46, 0xff, 0xff, 0xcb,
    0x2f, 0xff, 0xff, 0xbd, 0xcd, 0xff, 0xff, 0xcb, 0x2c, 0xff, 0xff, 0xf7, 0xff, 0xff, 0xff, 0xc8,
    0x02, 0x72, 0x83, 0x83, 0x83, 0x83, 0x83, 0x3f, 0x00, 0x00, 0x00, 0x00, 0x00, 0x00, 0x2e, 0x0f,
    0x00, 0x00, 0x00, 0x00, 0x00, 0x00, 0x00, 0x45, 0x36, 0x87, 0xf0, 0x5d, 0x00, 0x00, 0x00, 0x00,
    0x00, 0x46, 0xf7, 0x3f, 0x00, 0x58, 0xf7, 0x5d, 0x00, 0x0f, 0x0f, 0x4c, 0xf7, 0xff, 0x3f, 0x43,
    0x07, 0x62, 0xef, 0x0c, 0xff, 0xff, 0xff, 0xff, 0xff, 0x3f, 0x93, 0x8b, 0x02, 0xe5, 0x56, 0xff,
    0xff, 0xff, 0xff, 0xff, 0x3f, 0x93, 0xd5, 0x00, 0xbb, 0x77, 0xff, 0xff, 0xff, 0xff, 0xff, 0x3f,
    0x93, 0xb4, 0x00, 0xd0, 0x68, 0x6f, 0x6f, 0xaa, 0xff, 0xff, 0x3f, 0x79, 0x2b, 0x2b, 0xfc, 0x24,
    0x00, 0x00, 0x01, 0x9d, 0xff, 0x3f, 0x00, 0x12, 0xcd, 0xa2, 0x00, 0x00, 0x00, 0x00, 0x01, 0x9b,
    0x3f, 0x50, 0xe5, 0xbe, 0x0b, 0x00, 0x00, 0x00, 0x00, 0x00, 0x01, 0x0f, 0x67, 0x63, 0x02, 0x00,
    0x00, 0x00, 0x00, 0x00, 0x00, 0x00, 0x7a, 0x00, 0x00, 0x00, 0x00, 0x89, 0xef, 0x04, 0x0f, 0x0f,
    0x88, 0xff, 0xef, 0x4f, 0xff, 0xff, 0xff, 0xff, 0xef, 0x4f, 0xff, 0xff, 0xff, 0xff, 0xef, 0x4f,
    0xff, 0xff, 0xff, 0xff, 0xef, 0x22, 0x6f, 0x6f, 0xd3, 0xff, 0xef, 0x00, 0x00, 0x00, 0x16, 0xd5,
    0xef, 0x00, 0x00, 0x00, 0x00, 0x17, 0xc6, 0x00, 0x00, 0x00, 0x00, 0x00, 0x11, 0x00, 0x00, 0x00,
    0x00, 0x45, 0x37, 0x00, 0x00, 0x00, 0x00, 0x00, 0x00, 0x00, 0x00, 0x00, 0x46, 0xf7, 0x40, 0x00,
    0x00, 0x00, 0x00, 0x00, 0x00, 0x10, 0x10, 0x4c, 0xf7, 0xff, 0x40, 0x13, 0x53, 0x00, 0x13, 0x55,
    0x00, 0xff, 0xff, 0xff, 0xff, 0xff, 0x40, 0x42, 0xf7, 0x6f, 0xce, 0xb8, 0x01, 0xff, 0xff, 0xff,
    0xff, 0xff, 0x40, 0x00, 0x5d, 0xff, 0xd1, 0x08, 0x00, 0xff, 0xff, 0xff, 0xff, 0xff, 0x40, 0x12,
    0xcf, 0xca, 0xf7, 0x61, 0x00, 0x70, 0x70, 0xaa, 0xff, 0xff, 0x40, 0x43, 0xb4, 0x09, 0x4b, 0xb3,
    0x01, 0x00, 0x00, 0x02, 0x9e, 0xff, 0x40, 0x00, 0x00, 0x00, 0x00, 0x00, 0x00, 0x00, 0x00, 0x00,
    0x02, 0x9e, 0x40, 0x00, 0x00, 0x00, 0x00, 0x00, 0x00, 0x00, 0x00, 0x00, 0x00, 0x02, 0x10, 0x00,
    0x00, 0x00, 0x00, 0x00, 0x00, 0x00, 0x00, 0x00, 0x2c, 0x6f, 0x98, 0xac, 0xa3, 0x8a, 0x4e, 0x0e,
    0x00, 0x00, 0x00, 0x00, 0x57, 0xcd, 0xf7, 0xbc, 0x8f, 0x7d, 0x85, 0xa5, 0xe0, 0xf5, 0x98, 0x1f,
    0x00, 0xa7, 0xef, 0x6f, 0x0e, 0x00, 0x00, 0x00, 0x00, 0x00, 0x00, 0x3a, 0xb7, 0xf4, 0x47, 0x4b,
    0xf6, 0x36, 0x00, 0x00, 0x00, 0x00, 0x00, 0x00, 0x00, 0x00, 0x12, 0x37, 0x0b, 0x00, 0x7c, 0xe4,
    0x17, 0x00, 0x00, 0x00, 0x00, 0x00, 0x00, 0x49, 0x00, 0xa3, 0x1e, 0x00, 0x01, 0xae, 0xc3, 0x05,
    0x00, 0x00, 0x00, 0x00, 0x45, 0xd0, 0x00, 0xff, 0x2f, 0x00, 0x00, 0x0d, 0xd6, 0x95, 0x00, 0x00,
    0x00, 0x22, 0xed, 0x6c, 0x00, 0xff, 0x2f, 0x00, 0x00, 0x00, 0x27, 0xf1, 0x62, 0x00, 0x0c, 0xd3,
    0xa0, 0x00, 0x00, 0xdb, 0x29, 0x00, 0x00, 0x00, 0x00, 0x4f, 0xf7, 0x37, 0xad, 0xcb, 0x08, 0x00,
    0x00, 0x00, 0x00, 0x00, 0x00, 0x00, 0x00, 0x00, 0x83, 0xf7, 0xe9, 0x1d, 0x00, 0x00, 0x00, 0xf7,
    0x2e, 0x00, 0x00, 0x00, 0x00, 0x00, 0x02, 0xb1, 0x3e, 0x00, 0x00, 0x00, 0x00, 0x37, 0x0a, 0x00,
    0x00, 0x00, 0x00, 0x00, 0x00, 0x01, 0x00, 0x00, 0x00, 0x00, 0x00, 0x00, 0x00, 0x00, 0x00, 0x00,
    0x2a, 0x6d, 0x97, 0xac, 0xa3, 0x8a, 0x4f, 0x0f, 0x00, 0x00, 0x00, 0x00, 0x54, 0xca, 0xfa, 0xc1,
    0x91, 0x7d, 0x84, 0xa2, 0xdd, 0xf5, 0x99, 0x1f, 0x00, 0xa6, 0xf3, 0x7a, 0x13, 0x00, 0x00, 0x00,
    0x00, 0x00, 0x00, 0x37, 0xb6, 0xf4, 0x48, 0x4c, 0xf7, 0x38, 0x00, 0x00, 0x00, 0x00, 0x00, 0x00,
    0x00, 0x00, 0x9d, 0xd4, 0x0c, 0x00, 0x7d, 0xe6, 0x1a, 0x00, 0x00, 0x00, 0x00, 0x00, 0x00, 0x6a,
    0xef, 0x24, 0x00, 0x00, 0x01, 0xaf, 0xc8, 0x07, 0x00, 0x00, 0x00, 0x00, 0x3d, 0xf8, 0x48, 0x00,
    0x00, 0x00, 0x00, 0x0d, 0xd6, 0xb3, 0xb1, 0xda, 0xce, 0x8a, 0xe8, 0x77, 0x00, 0x00, 0x00, 0x00,
    0x00, 0x00, 0x26, 0xf1, 0xff, 0xff, 0xff, 0xff, 0xa9, 0x00, 0x00, 0x00, 0x00, 0x00, 0x00, 0x00,
    0x00, 0x4d, 0xfe, 0xff, 0xff, 0xd1, 0x0b, 0x00, 0x00, 0x00, 0x00, 0x00, 0x00, 0x00, 0x00, 0x00,
    0x7e, 0xff, 0xed, 0x22, 0x00, 0x00, 0x00, 0x00, 0x00, 0x00, 0x00, 0x00, 0x00, 0x00, 0x01, 0xad,
    0x45, 0x00, 0x00, 0x00, 0x00, 0x00, 0x00, 0x00, 0x00, 0x00, 0x00, 0x00, 0x00, 0x01, 0x00, 0x00,
    0x00, 0x00, 0x00, 0x00, 0x00, 0x00, 0x00, 0x00, 0x2a, 0x6d, 0x97, 0xac, 0xa3, 0x8a, 0x4f, 0x0f,
    0x00, 0x00, 0x00, 0x00, 0x54, 0xca, 0xfa, 0xc1, 0x91, 0x7d, 0x84, 0xa2, 0xdd, 0xf5, 0x99, 0x1f,
    0x00, 0xa6, 0xf3, 0x7a, 0x13, 0x00, 0x00, 0x00, 0x00, 0x00, 0x00, 0x37, 0xb6, 0xf4, 0x48, 0x4c,
    0xf7, 0x38, 0x00, 0x00, 0x00, 0x00, 0x00, 0x00, 0x00, 0x00, 0x9e, 0xd4, 0x0c, 0x00, 0x7d, 0xe5,
    0x19, 0x2a, 0x77, 0x98, 0x8b, 0x5f, 0x0b, 0x6e, 0xef, 0x24, 0x00, 0x00, 0x01, 0xaf, 0xec, 0xff,
    0xff, 0xff, 0xff, 0xff, 0xf0, 0xf9, 0x48, 0x00, 0x00, 0x00, 0x00, 0x0d, 0xd6, 0xff, 0xff, 0xff,
    0xff, 0xff, 0xff, 0x77, 0x00, 0x00, 0x00, 0x00, 0x00, 0x00, 0x26, 0xf1, 0xff, 0xff, 0xff, 0xff,
    0xa9, 0x00, 0x00, 0x00, 0x00, 0x00, 0x00, 0x00, 0x00, 0x4d, 0xfe, 0xff, 0xff, 0xd1, 0x0b, 0x00,
    0x00, 0x00, 0x00, 0x00, 0x00, 0x00, 0x00, 0x00, 0x7e, 0xff, 0xed, 0x22, 0x00, 0x00, 0x00, 0x00,
    0x00, 0x00, 0x00, 0x00, 0x00, 0x00, 0x01, 0xad, 0x45, 0x00, 0x00, 0x00, 0x00, 0x00, 0x00, 0x00,
    0x00, 0x00, 0x00, 0x00, 0x00, 0x01, 0x00, 0x00, 0x00, 0x00, 0x00, 0x00, 0x00, 0x00, 0x00, 0x00,
    0x2a, 0x6d, 0x97, 0xac, 0xa3, 0x8a, 0x4f, 0x0f, 0x00, 0x00, 0x00, 0x00, 0x54, 0xca, 0xfa, 0xc1,
    0x91, 0x7d, 0x84, 0xa2, 0xdd, 0xf5, 0x99, 0x1f, 0x00, 0xa6, 0xf3, 0x7a, 0x13, 0x00, 0x00, 0x00,
    0x00, 0x00, 0x00, 0x37, 0xb6, 0xf4, 0x48, 0x4c, 0xf7, 0x38, 0x15, 0x6c, 0xa8, 0xc2, 0xb9, 0x8c,
    0x38, 0x00, 0x9e, 0xd4, 0x0c, 0x00, 0x7d, 0xed, 0xf5, 0xff, 0xff, 0xff, 0xff, 0xff, 0xff, 0xd9,
    0xef, 0x24, 0x00, 0x00, 0x01, 0xaf, 0xff, 0xff, 0xff, 0xff, 0xff, 0xff, 0xff, 0xfd, 0x48, 0x00,
    0x00, 0x00, 0x00, 0x0d, 0xd6, 0xff, 0xff, 0xff, 0xff, 0xff, 0xff, 0x77, 0x00, 0x00, 0x00, 0x00,
    0x00, 0x00, 0x26, 0xf1, 0xff, 0xff, 0xff, 0xff, 0xa9, 0x00, 0x00, 0x00, 0x00, 0x00, 0x00, 0x00,
    0x00, 0x4d, 0xfe, 0xff, 0xff, 0xd1, 0x0b, 0x00, 0x00, 0x00, 0x00, 0x00, 0x00, 0x00, 0x00, 0x00,
    0x7e, 0xff, 0xed, 0x22, 0x00, 0x00, 0x00, 0x00, 0x00, 0x00, 0x00, 0x00, 0x00, 0x00, 0x01, 0xad,
    0x45, 0x00, 0x00, 0x00, 0x00, 0x00, 0x00, 0x00, 0x00, 0x00, 0x00, 0x00, 0x00, 0x01, 0x00, 0x00,
    0x00, 0x00, 0x00, 0x00, 0x00, 0x00, 0x00, 0x00, 0x2a, 0x6d, 0x97, 0xac, 0xa3, 0x8a, 0x4f, 0x0f,
    0x00, 0x00, 0x00, 0x00, 0x54, 0xca, 0xff, 0xff, 0xff, 0xff, 0xff, 0xff, 0xff, 0xf5, 0x99, 0x1f,
    0x00, 0xa6, 0xff, 0xff, 0xff, 0xff, 0xff, 0xff, 0xff, 0xff, 0xff, 0xff, 0xff, 0xf4, 0x48, 0x4c,
    0xfe, 0xff, 0xff, 0xff, 0xff, 0xff, 0xff, 0xff, 0xff, 0xff, 0xff, 0xd4, 0x0c, 0x00, 0x7d, 0xff,
    0xff, 0xff, 0xff, 0xff, 0xff, 0xff, 0xff, 0xff, 0xef, 0x24, 0x00, 0x00, 0x01, 0xaf, 0xff, 0xff,
    0xff, 0xff, 0xff, 0xff, 0xff, 0xfd, 0x48, 0x00, 0x00, 0x00, 0x00, 0x0d, 0xd6, 0xff, 0xff, 0xff,
    0xff, 0xff, 0xff, 0x77, 0x00, 0x00, 0x00, 0x00, 0x00, 0x00, 0x26, 0xf1, 0xff, 0xff, 0xff, 0xff,
    0xa9, 0x00, 0x00, 0x00, 0x00, 0x00, 0x00, 0x00, 0x00, 0x4d, 0xfe, 0xff, 0xff, 0xd1, 0x0b, 0x00,
    0x00, 0x00, 0x00, 0x00, 0x00, 0x00, 0x00, 0x00, 0x7e, 0xff, 0xed, 0x22, 0x00, 0x00, 0x00, 0x00,
    0x00, 0x00, 0x00, 0x00, 0x00, 0x00, 0x01, 0xad, 0x45, 0x00, 0x00, 0x00, 0x00, 0x00, 0x00, 0x00,
    0x00, 0x00, 0x00, 0x00, 0x00, 0x01, 0x00, 0x00, 0x00, 0x00, 0x00, 0x00, 0x00, 0x00, 0x03, 0x78,
    0xe3, 0xf8, 0xc7, 0x38, 0x00, 0x00, 0x00, 0xa3, 0xff, 0xff, 0xff, 0xff, 0xfc, 0x42, 0x00, 0x3e,
    0xff, 0xff, 0xff, 0xff, 0xff, 0xff, 0xda, 0x00, 0x83, 0xff, 0xff, 0xff, 0xff, 0xff, 0xff, 0xff,
    0x22, 0x83, 0xff, 0xff, 0xff, 0xff, 0xff, 0xff, 0xff, 0x22, 0x40, 0xff, 0xff, 0xff, 0xff, 0xff,
    0xff, 0xdb, 0x00, 0x00, 0xa6, 0xff, 0xff, 0xff, 0xff, 0xfd, 0x44, 0x00, 0x00, 0x04, 0x7d, 0xe5,
    0xf9, 0xca, 0x3c, 0x00, 0x00, 0x00, 0x00, 0x00, 0x01, 0x46, 0x00, 0x00, 0x00, 0x00, 0x00, 0x00,
    0x00, 0x51, 0xe6, 0x08, 0x00, 0x00, 0x00, 0x00, 0x00, 0x01, 0xcf, 0xff, 0x6f, 0x00, 0x00, 0x00,
    0x00, 0x00, 0x51, 0xff, 0xff, 0xe6, 0x08, 0x00, 0x00, 0x00, 0x01, 0xcf, 0xff, 0xff, 0xff, 0x6f,
    0x00, 0x00, 0x00, 0x51, 0xff, 0xff, 0xff, 0xff, 0xe6, 0x08, 0x00, 0x01, 0xcf, 0xff, 0xff, 0xff,
    0xff, 0xff, 0x6f, 0x00, 0x50, 0xff, 0xff, 0xff, 0xff, 0xff, 0xff, 0xe6, 0x08, 0x00, 0x03, 0x78,
    0xe3, 0xf8, 0xc7, 0x38, 0x00, 0x00, 0x00, 0xa3, 0xc0, 0x2b, 0x0a, 0x58, 0xee, 0x42, 0x00, 0x3e,
    0xea, 0x0f, 0x00, 0x00, 0x00, 0x61, 0xda, 0x00, 0x83, 0xa4, 0x00, 0x00, 0x00, 0x00, 0x09, 0xfe,
    0x22, 0x83, 0xa3, 0x00, 0x00, 0x00, 0x00, 0x09, 0xff, 0x22, 0x40, 0xea, 0x0e, 0x00, 0x00, 0x00,
    0x60, 0xdb, 0x00, 0x00, 0xa6, 0xbf, 0x2a, 0x0a, 0x58, 0xef, 0x44, 0x00, 0x00, 0x04, 0x7d, 0xe5,
    0xf9, 0xca, 0x3c, 0x00, 0x00, 0x00, 0x00, 0x00, 0x00, 0x00, 0x02, 0x15, 0x0b, 0x00, 0x00, 0x00,
    0x00, 0x00, 0x00, 0x00, 0x00, 0x00, 0x3a, 0xb0, 0xf4, 0xff, 0xff, 0xe2, 0x8d, 0x15, 0x00, 0x00,
    0x00, 0x00, 0x00, 0x05, 0xc3, 0xff, 0xff, 0xff, 0xff, 0xff, 0xff, 0xec, 0x3f, 0x00, 0x00, 0x00,
    0x12, 0x00, 0x0c, 0x8b, 0x3f, 0x10, 0x16, 0x59, 0xd9, 0xff, 0xf4, 0x30, 0x00, 0x32, 0xe6, 0x2a,
    0x00, 0x00, 0x00, 0x00, 0x00, 0x00, 0x0d, 0xc6, 0xff, 0xcf, 0x02, 0xa0, 0xff, 0xb0, 0x00, 0x00,
    0x13, 0x66, 0x4e, 0x00, 0x00, 0x1d, 0xf7, 0xff, 0x43, 0xe2, 0xff, 0x58, 0x00, 0x0f, 0xe1, 0xff,
    0xff, 0x92, 0x00, 0x00, 0xaf, 0xff, 0x84, 0xfa, 0xff, 0x31, 0x00, 0x4e, 0xff, 0xff, 0xff, 0xf1,
    0x00, 0x00, 0x8b, 0xff, 0x9d, 0xed, 0xff, 0x3d, 0x00, 0x28, 0xfc, 0xff, 0xff, 0xc8, 0x00, 0x00,
    0xa0, 0xff, 0x92, 0xbe, 0xff, 0x87, 0x00, 0x00, 0x58, 0xc7, 0xae, 0x21, 0x00, 0x06, 0xe7, 0xff,
    0x60, 0x62, 0xff, 0xf3, 0x28, 0x00, 0x00, 0x00, 0x00, 0x00, 0x00, 0x0a, 0xc4, 0xf3, 0x0f, 0x03,
    0xcd, 0xff, 0xe6, 0x43, 0x00, 0x00, 0x00, 0x0c, 0x1c, 0x00, 0x0c, 0x4d, 0x00, 0x00, 0x1c, 0xdb,
    0xff, 0xff, 0xd3, 0xa8, 0xb7, 0xf0, 0xe6, 0x28, 0x00, 0x00, 0x00, 0x00, 0x00, 0x12, 0xa0, 0xfd,
    0xff, 0xff, 0xff, 0xff, 0xe9, 0x58, 0x00, 0x00, 0x00, 0x00, 0x00, 0x00, 0x00, 0x19, 0x5b, 0x78,
    0x73, 0x47, 0x06, 0x00, 0x00, 0x00, 0x00, 0x00, 0x00, 0x11, 0x82, 0xd2, 0xf3, 0x54, 0x00, 0x00,
    0x00, 0x00, 0x34, 0xe8, 0xf5, 0xff, 0x6c, 0x00, 0x00, 0x00, 0x00, 0x16, 0xe9, 0x9b, 0xb7, 0xa2,
    0x00, 0x00, 0x00, 0x00, 0x00, 0x8b, 0xd0, 0x0c, 0xfd, 0x37, 0x00, 0x00, 0x00, 0x00, 0x00, 0xda,
    0x68, 0x27, 0xff, 0x0f, 0x00, 0x00, 0x00, 0x00, 0x00, 0xf9, 0x41, 0x1c, 0xff, 0x23, 0x00, 0x00,
    0x00, 0x00, 0x00, 0xeb, 0x52, 0x00, 0xdf, 0x73, 0x00, 0x00, 0x00, 0x00, 0x00, 0xae, 0xa0, 0x00,
    0x6a, 0xef, 0x24, 0x00, 0x00, 0x00, 0x00, 0x3b, 0xfb, 0x42, 0x01, 0x9d, 0xeb, 0x5d, 0x06, 0x00,
    0x00, 0x00, 0x7e, 0xf7, 0x73, 0x11, 0x70, 0xeb, 0xfb, 0xe5, 0x87, 0x00, 0x00, 0x5d, 0xe4, 0xfd,
    0xe7, 0xf6, 0xf5, 0x89, 0x08, 0x00, 0x00, 0x00, 0x02, 0x34, 0x52, 0x43, 0x0d, 0x00, 0x00, 0x00,
    0x9f, 0x3f, 0x00, 0x00, 0x00, 0x00, 0x00, 0x5f, 0x7d, 0x00, 0x00, 0x00, 0x00, 0x00, 0x00, 0x00,
    0x00, 0x00, 0x7f, 0xfa, 0x72, 0x00, 0x00, 0x00, 0x36, 0xd9, 0xf0, 0x3f, 0x00, 0x00, 0x00, 0x00,
    0x00, 0x00, 0x00, 0x00, 0x00, 0x4f, 0xf1, 0xa9, 0x0b, 0x89, 0xff, 0xff, 0xff, 0xff, 0xaf, 0x09,
    0x00, 0x00, 0x00, 0x00, 0x00, 0x00, 0x00, 0x00, 0x25, 0xd4, 0xe9, 0xff, 0xff, 0xff, 0xff, 0xff,
    0xff, 0x89, 0x00, 0x00, 0x00, 0x00, 0x00, 0x00, 0x00, 0x00, 0x00, 0x0b, 0xa7, 0xff, 0xff, 0xff,
    0xff, 0xff, 0xff, 0xf3, 0x01, 0x00, 0x00, 0x00, 0x00, 0x00, 0x00, 0x00, 0x00, 0x00, 0x04, 0x71,
    0xfb, 0xff, 0xff, 0xff, 0xff, 0xff, 0x1a, 0x00, 0x00, 0x00, 0x00, 0x00, 0x00, 0x00, 0x00, 0x03,
    0xc3, 0x1a, 0x3e, 0xe8, 0xff, 0xff, 0xff, 0xff, 0x2b, 0x00, 0x00, 0x00, 0x00, 0x00, 0x00, 0x00,
    0x00, 0x38, 0xff, 0xe8, 0x3e, 0x1a, 0xc5, 0xff, 0xff, 0xff, 0x63, 0x00, 0x00, 0x00, 0x00, 0x00,
    0x00, 0x00, 0x00, 0xb2, 0xff, 0xff, 0xfb, 0x70, 0x05, 0x93, 0xff, 0xff, 0xd6, 0x07, 0x00, 0x00,
    0x00, 0x00, 0x00, 0x00, 0x60, 0xff, 0xff, 0xff, 0xff, 0xff, 0xa6, 0x0a, 0x5b, 0xf5, 0xff, 0x8b,
    0x00, 0x00, 0x00, 0x00, 0x00, 0x00, 0x42, 0xba, 0xbc, 0xbc, 0xbc, 0xbc, 0xbc, 0x8e, 0x07, 0x2e,
    0xdc, 0xdc, 0x1f, 0x00, 0x00, 0x00, 0x00, 0x00, 0x00, 0x00, 0x00, 0x00, 0x3a, 0x78, 0x78, 0x4e,
    0x00, 0x00, 0x10, 0xb4, 0xec, 0x48, 0x00, 0x00, 0x00, 0x00, 0x00, 0x00, 0x00, 0x00, 0x31, 0xf2,
    0xfa, 0x52, 0x00, 0x00, 0x00, 0x01, 0x7e, 0xfa, 0x10, 0x00, 0x00, 0x00, 0x00, 0x00, 0x00, 0x00,
    0x00, 0x0c, 0x12, 0x00, 0x00, 0x00, 0x00, 0x00, 0x00, 0x10, 0x00, 0x00, 0x00, 0x00, 0x1b, 0x8b,
    0xbb, 0xa6, 0x40, 0x00, 0x00, 0x00, 0x00, 0x00, 0x00, 0x23, 0xea, 0xff, 0xe6, 0xfb, 0xfe, 0x63,
    0x00, 0x00, 0x00, 0x00, 0x00, 0xb0, 0xfc, 0x4b, 0x00, 0x1d, 0xda, 0xf4, 0x0f, 0x00, 0x00, 0x00,
    0x00, 0xef, 0xb6, 0x00, 0x00, 0x00, 0x66, 0xff, 0x42, 0x00, 0x00, 0x00, 0x00, 0xfc, 0xa4, 0x00,
    0x00, 0x00, 0x54, 0xff, 0x4c, 0x00, 0x00, 0x65, 0xe2, 0xff, 0xf8, 0xec, 0xec, 0xec, 0xf2, 0xff,
    0xef, 0xa1, 0x03, 0xf4, 0xff, 0xff, 0xff, 0xff, 0xff, 0xff, 0xff, 0xff, 0xff, 0xff, 0x43, 0xff,
    0xff, 0xff, 0xff, 0xff, 0xff, 0xff, 0xff, 0xff, 0xff, 0xff, 0x50, 0xff, 0xff, 0xff, 0xff, 0xff,
    0xff, 0xff, 0xff, 0xff, 0xff, 0xff, 0x50, 0xff, 0xff, 0xff, 0xff, 0xff, 0xff, 0xff, 0xff, 0xff,
    0xff, 0xff, 0x50, 0xff, 0xff, 0xff, 0xff, 0xff, 0xff, 0xff, 0xff, 0xff, 0xff, 0xff, 0x50, 0xfa,
    0xff, 0xff, 0xff, 0xff, 0xff, 0xff, 0xff, 0xff, 0xff, 0xff, 0x4a, 0x9c, 0xff, 0xff, 0xff, 0xff,
    0xff, 0xff, 0xff, 0xff, 0xff, 0xda, 0x0f, 0x00, 0x1f, 0x28, 0x28, 0x28, 0x28, 0x28, 0x28, 0x28,
    0x25, 0x05, 0x00, 0x00, 0x00, 0x00, 0x00, 0x27, 0x91, 0x9b, 0x32, 0x00, 0x00, 0x00, 0x00, 0x00,
    0x00, 0x01, 0x4b, 0xb8, 0xfe, 0xff, 0xff, 0xff, 0xc5, 0x58, 0x05, 0x00, 0x00, 0x44, 0xdc, 0xff,
    0xff, 0xff, 0xff, 0xff, 0xff, 0xff, 0xff, 0xe6, 0x59, 0x00, 0xee, 0xff, 0xff, 0xff, 0xff, 0xff,
    0xff, 0xff, 0xff, 0xff, 0xff, 0xfc, 0x11, 0xf6, 0xff, 0xff, 0xff, 0xff, 0xff, 0xff, 0xff, 0xff,
    0xff, 0xff, 0xff, 0x13, 0xd8, 0xff, 0xff, 0xff, 0xff, 0xff, 0xff, 0xff, 0xff, 0xff, 0xff, 0xf2,
    0x01, 0xa2, 0xff, 0xff, 0xff, 0xff, 0xff, 0xff, 0xff, 0xff, 0xff, 0xff, 0xbe, 0x00, 0x57, 0xff,
    0xff, 0xff, 0xff, 0xff, 0xff, 0xff, 0xff, 0xff, 0xff, 0x72, 0x00, 0x07, 0xe6, 0xff, 0xff, 0xff,
    0xff, 0xff, 0xff, 0xff, 0xff, 0xf4, 0x13, 0x00, 0x00, 0x66, 0xff, 0xff, 0xff, 0xff, 0xff, 0xff,
    0xff, 0xff, 0x7f, 0x00, 0x00, 0x00, 0x00, 0xb0, 0xff, 0xff, 0xff, 0xff, 0xff, 0xff, 0xc7, 0x04,
    0x00, 0x00, 0x00, 0x00, 0x08, 0xb4, 0xff, 0xff, 0xff, 0xff, 0xc7, 0x10, 0x00, 0x00, 0x00, 0x00,
    0x00, 0x00, 0x02, 0x6c, 0xf0, 0xf7, 0x7e, 0x06, 0x00, 0x00, 0x00, 0x00, 0x00, 0x00, 0x00, 0x00,
    0x00, 0x06, 0x0a, 0x00, 0x00, 0x00, 0x00, 0x00, 0x00, 0x00, 0x00, 0x3a, 0x96, 0xba, 0xb3, 0x8f,
    0x2e, 0x00, 0x00, 0x00, 0x77, 0xff, 0xff, 0xba, 0xf0, 0xff, 0xfb, 0x51, 0x00, 0x2c, 0xfe, 0xff,
    0xff, 0x8c, 0x3c, 0xf6, 0xff, 0xec, 0x09, 0x94, 0xff, 0xf0, 0xff, 0x8c, 0x23, 0x49, 0xfa, 0xff,
    0x50, 0xce, 0xff, 0x40, 0x92, 0x8c, 0x80, 0x52, 0x87, 0xff, 0x84, 0xec, 0xff, 0xe7, 0x28, 0x2f,
    0x30, 0x37, 0xf4, 0xff, 0xa1, 0xfa, 0xff, 0xff, 0xe7, 0x1b, 0x19, 0xea, 0xff, 0xff, 0xac, 0xf5,
    0xff, 0xff, 0x9e, 0x02, 0x02, 0xa0, 0xff, 0xff, 0xa8, 0xe3, 0xff, 0x9e, 0x25, 0x6c, 0x68, 0x2c,
    0xaa, 0xff, 0x97, 0xb5, 0xff, 0x7a, 0xe2, 0x8d, 0x6a, 0x31, 0xa7, 0xff, 0x70, 0x68, 0xff, 0xff,
    0xff, 0x91, 0x04, 0xa8, 0xff, 0xff, 0x2e, 0x06, 0xd1, 0xff, 0xff, 0x98, 0xa8, 0xff, 0xff, 0xb4,
    0x00, 0x00, 0x16, 0xa3, 0xf5, 0xf8, 0xff, 0xf9, 0xa0, 0x0d, 0x00, 0x00, 0x00, 0x00, 0x06, 0x1f,
    0x1c, 0x04, 0x00, 0x00, 0x00, 0x00, 0x00, 0x00, 0x0b, 0x55, 0xa2, 0xd0, 0xe9, 0xed, 0xd4, 0xac,
    0x60, 0x12, 0x00, 0x00, 0x00, 0x00, 0x00, 0x06, 0x70, 0xea, 0xff, 0xfb, 0xcf, 0xb6, 0xb2, 0xca,
    0xf6, 0xff, 0xf3, 0x83, 0x0e, 0x00, 0x00, 0x1a, 0xc7, 0xff, 0xd4, 0x5b, 0x0f, 0x00, 0x00, 0x00,
    0x00, 0x09, 0x4d, 0xc4, 0xff, 0xdb, 0x2d, 0x00, 0xd9, 0xfc, 0x74, 0x02, 0x00, 0x00, 0x00, 0x00,
    0x00, 0x00, 0x00, 0x00, 0x00, 0x57, 0xf3, 0xf3, 0x0d, 0x64, 0x3a, 0x00, 0x00, 0x0a, 0x6b, 0xb8,
    0xde, 0xe1, 0xc1, 0x79, 0x14, 0x00, 0x00, 0x28, 0x74, 0x00, 0x00, 0x00, 0x00, 0x47, 0xe8, 0xff,
    0xec, 0xbd, 0xba, 0xe4, 0xff, 0xf4, 0x63, 0x00, 0x00, 0x00, 0x00, 0x00, 0x00, 0x00, 0xe9, 0xe7,
    0x56, 0x02, 0x00, 0x00, 0x00, 0x43, 0xd6, 0xfe, 0x14, 0x00, 0x00, 0x00, 0x00, 0x00, 0x00, 0x2a,
    0x10, 0x00, 0x00, 0x00, 0x00, 0x00, 0x00, 0x08, 0x31, 0x00, 0x00, 0x00, 0x00, 0x00, 0x00, 0x00,
    0x00, 0x00, 0x00, 0x15, 0xb6, 0xc5, 0x29, 0x00, 0x00, 0x00, 0x00, 0x00, 0x00, 0x00, 0x00, 0x00,
    0x00, 0x00, 0x00, 0x00, 0x78, 0xff, 0xff, 0xa0, 0x00, 0x00, 0x00, 0x00, 0x00, 0x00, 0x00, 0x00,
    0x00, 0x00, 0x00, 0x00, 0x00, 0x48, 0xfe, 0xff, 0x6f, 0x00, 0x00, 0x00, 0x00, 0x00, 0x00, 0x00,
    0x00, 0x00, 0x00, 0x00, 0x00, 0x00, 0x00, 0x30, 0x3d, 0x00, 0x00, 0x00, 0x00, 0x00, 0x00, 0x00,
    0x00, 0x00, 0x00, 0x00, 0x00, 0x00, 0x00, 0x00, 0x00, 0x00, 0x00, 0x00, 0x00, 0x01, 0x03, 0x00,
    0x00, 0x00, 0x00, 0x00, 0x00, 0x00, 0x00, 0x01, 0x87, 0xd5, 0x05, 0x00, 0x00, 0x00, 0x69, 0xd4,
    0x16, 0x00, 0x00, 0x00, 0x00, 0x00, 0x00, 0x06, 0xa6, 0xff, 0xff, 0x14, 0x00, 0x00, 0x19, 0x0a,
    0xc0, 0xc7, 0x02, 0x00, 0x00, 0x00, 0x00, 0x0f, 0xbf, 0xff, 0xff, 0xff, 0x14, 0x00, 0x01, 0xee,
    0x79, 0x16, 0xee, 0x63, 0x00, 0x40, 0xb2, 0xbc, 0xdf, 0xff, 0xff, 0xff, 0xff, 0x14, 0x18, 0x1d,
    0x45, 0xfb, 0x2c, 0x82, 0xc7, 0x00, 0xe8, 0xff, 0xff, 0xff, 0xff, 0xff, 0xff, 0xff, 0x14, 0x6c,
    0xe0, 0x0a, 0xb5, 0x8d, 0x35, 0xfe, 0x07, 0xff, 0xff, 0xff, 0xff, 0xff, 0xff, 0xff, 0xff, 0x14,
    0x03, 0xf6, 0x3e, 0x84, 0xb3, 0x18, 0xff, 0x1f, 0xfa, 0xff, 0xff, 0xff, 0xff, 0xff, 0xff, 0xff,
    0x14, 0x3c, 0xfc, 0x1d, 0x99, 0xa3, 0x27, 0xff, 0x10, 0x95, 0xff, 0xff, 0xff, 0xff, 0xff, 0xff,
    0xff, 0x14, 0x4b, 0x65, 0x12, 0xec, 0x59, 0x5e, 0xe5, 0x00, 0x00, 0x17, 0x20, 0x53, 0xf4, 0xff,
    0xff, 0xff, 0x14, 0x00, 0x01, 0xc0, 0xc7, 0x04, 0xc6, 0x8e, 0x00, 0x00, 0x00, 0x00, 0x00, 0x34,
    0xe9, 0xff, 0xff, 0x14, 0x00, 0x00, 0x7a, 0x13, 0x72, 0xef, 0x17, 0x00, 0x00, 0x00, 0x00, 0x00,
    0x00, 0x22, 0xda, 0xfe, 0x0d, 0x00, 0x00, 0x00, 0x50, 0xf9, 0x4d, 0x00, 0x00, 0x00, 0x00, 0x00,
    0x00, 0x00, 0x00, 0x11, 0x3b, 0x00, 0x00, 0x00, 0x00, 0x26, 0x3d, 0x00, 0x00, 0x00, 0x00, 0x00,
    0x00, 0x00, 0x00, 0x00, 0x50, 0xe1, 0x30, 0x00, 0x00, 0x00, 0x00, 0x00, 0x6c, 0xfd, 0xff, 0x58,
    0x00, 0x00, 0x00, 0x01, 0x89, 0xff, 0xff, 0xff, 0x58, 0x1c, 0xa4, 0xbc, 0xcd, 0xff, 0xff, 0xff,
    0xff, 0x58, 0xa4, 0xff, 0xff, 0xff, 0xff, 0xff, 0xff, 0xff, 0x58, 0xbc, 0xff, 0xff, 0xff, 0xff,
    0xff, 0xff, 0xff, 0x58, 0xb6, 0xff, 0xff, 0xff, 0xff, 0xff, 0xff, 0xff, 0x58, 0x56, 0xfa, 0xff,
    0xff, 0xff, 0xff, 0xff, 0xff, 0x58, 0x00, 0x0e, 0x20, 0x32, 0xd9, 0xff, 0xff, 0xff, 0x58, 0x00,
    0x00, 0x00, 0x00, 0x13, 0xc6, 0xff, 0xff, 0x58, 0x00, 0x00, 0x00, 0x00, 0x00, 0x09, 0xb0, 0xff,
    0x4f, 0x00, 0x00, 0x00, 0x00, 0x00, 0x00, 0x02, 0x45, 0x03, 0x00, 0x00, 0x09, 0x83, 0xb7, 0x74,
    0x03, 0x00, 0x00, 0x00, 0x00, 0x9e, 0xff, 0xff, 0xff, 0x80, 0x00, 0x00, 0x00, 0x00, 0xed, 0xff,
    0xff, 0xff, 0xd1, 0x00, 0x00, 0x00, 0x00, 0xf8, 0xff, 0xff, 0xff, 0xdc, 0x00, 0x00, 0x00, 0x00,
    0xf8, 0xff, 0xff, 0xff, 0xdc, 0x00, 0x00, 0xc9, 0x1f, 0xf8, 0xff, 0xff, 0xff, 0xdc, 0x35, 0xb1,
    0xff, 0x39, 0xf5, 0xff, 0xff, 0xff, 0xd9, 0x55, 0xe2, 0xe9, 0x59, 0xc9, 0xff, 0xff, 0xff, 0xab,
    0x77, 0xcc, 0x99, 0xc8, 0x36, 0xe0, 0xff, 0xd2, 0x2d, 0xde, 0x7d, 0x16, 0xe0, 0xbd, 0x3f, 0x2f,
    0x48, 0xce, 0xcf, 0x0a, 0x00, 0x1b, 0xab, 0xfb, 0xff, 0xf7, 0x9c, 0x11, 0x00, 0x00, 0x00, 0x07,
    0x3a, 0xff, 0x20, 0x05, 0x00, 0x00, 0x00, 0x00, 0xda, 0xff, 0xff, 0xff, 0xbe, 0x00, 0x00, 0x00,
    0x00, 0x16, 0x28, 0x28, 0x28, 0x12, 0x00, 0x00, 0x00, 0x9f, 0x40, 0x00, 0x00, 0x00, 0x00, 0x29,
    0xa5, 0xae, 0x3f, 0x00, 0x00, 0x00, 0x00, 0x00, 0x00, 0x00, 0x00, 0x7f, 0xfa, 0x75, 0x00, 0x00,
    0x10, 0xe9, 0xff, 0xff, 0xf9, 0x2a, 0x00, 0x00, 0x00, 0x00, 0x00, 0x00, 0x00, 0x00, 0x4f, 0xf1,
    0xac, 0x0d, 0x49, 0xff, 0xff, 0xff, 0xff, 0x75, 0x00, 0x00, 0x00, 0x00, 0x00, 0x00, 0x00, 0x00,
    0x00, 0x25, 0xd4, 0xd8, 0x7e, 0xff, 0xff, 0xff, 0xff, 0x80, 0x00, 0x00, 0x00, 0x00, 0x00, 0x00,
    0x00, 0x00, 0x00, 0x00, 0x0b, 0xa7, 0xff, 0xff, 0xff, 0xff, 0xff, 0x80, 0x00, 0x00, 0x00, 0x00,
    0x00, 0x00, 0x00, 0x00, 0x00, 0x00, 0x1e, 0x06, 0x71, 0xfb, 0xff, 0xff, 0xff, 0x80, 0x85, 0x61,
    0x00, 0x00, 0x00, 0x00, 0x00, 0x00, 0x00, 0x00, 0x5b, 0xb9, 0x00, 0x3e, 0xe8, 0xff, 0xff, 0x80,
    0xb1, 0x86, 0x00, 0x00, 0x00, 0x00, 0x00, 0x00, 0x00, 0x00, 0x45, 0xf6, 0x07, 0x00, 0x1a, 0xc5,
    0xff, 0x84, 0xd2, 0x6b, 0x00, 0x00, 0x00, 0x00, 0x00, 0x00, 0x00, 0x00, 0x0a, 0xed, 0x70, 0x00,
    0x00, 0x05, 0x93, 0xf9, 0xfd, 0x1e, 0x00, 0x00, 0x00, 0x00, 0x00, 0x00, 0x00, 0x00, 0x00, 0x58,
    0xfa, 0x84, 0x28, 0x23, 0x0a, 0x5b, 0xf5, 0x9c, 0x08, 0x00, 0x00, 0x00, 0x00, 0x00, 0x00, 0x00,
    0x00, 0x00, 0x4c, 0xd4, 0xff, 0xff, 0xaa, 0x02, 0x2e, 0xdc, 0xcc, 0x20, 0x00, 0x00, 0x00, 0x00,
    0x00, 0x00, 0x00, 0x00, 0x00, 0x0c, 0x90, 0xb8, 0x0f, 0x00, 0x00, 0x10, 0xb4, 0xed, 0x48, 0x00,
    0x00, 0x00, 0x00, 0x00, 0x00, 0x00, 0x37, 0xff, 0xff, 0xff, 0xff, 0x62, 0x00, 0x00, 0x01, 0x7e,
    0xfa, 0x10, 0x00, 0x00, 0x00, 0x00, 0x00, 0x00, 0x00, 0x24, 0x28, 0x28, 0x27, 0x04, 0x00, 0x00,
    0x00, 0x00, 0x10, 0x00, 0x00, 0x00, 0x00, 0x00, 0x59, 0x8d, 0x0a, 0x00, 0x0e, 0x95, 0x4d, 0x00,
    0x00, 0x00, 0x00, 0x00, 0x00, 0x00, 0x00, 0xb1, 0xfc, 0xd9, 0x64, 0xe0, 0xfc, 0xa1, 0x00, 0x00,
    0x00, 0x00, 0x00, 0x00, 0x00, 0x00, 0xdf, 0x65, 0x96, 0xfc, 0x8b, 0x72, 0xd1, 0x00, 0x00, 0x00,
    0x00, 0x00, 0x40, 0x83, 0xb3, 0xff, 0x2a, 0x01, 0x22, 0x00, 0x3b, 0xfc, 0xae, 0x7f, 0x3a, 0x00,
    0x00, 0xe0, 0xe9, 0x8b, 0x53, 0x48, 0xe8, 0xff, 0xe1, 0x3e, 0x58, 0x8e, 0xef, 0xd1, 0x00, 0x00,
    0x47, 0xfa, 0x35, 0x16, 0xf2, 0x7d, 0x20, 0x8a, 0xea, 0x0d, 0x43, 0xfb, 0x39, 0x00, 0x00, 0x00,
    0xa6, 0xc6, 0x4d, 0xea, 0x00, 0x00, 0x02, 0xf8, 0x3d, 0xd7, 0x96, 0x00, 0x00, 0x00, 0x17, 0xeb,
    0x75, 0x31, 0xfb, 0x26, 0x00, 0x32, 0xfe, 0x21, 0x85, 0xe2, 0x0f, 0x00, 0x00, 0xb1, 0xe5, 0x29,
    0x02, 0x9f, 0xf0, 0xbb, 0xf4, 0x8b, 0x04, 0x30, 0xed, 0xa0, 0x00, 0x00, 0xa1, 0xe7, 0xff, 0xee,
    0x14, 0x4b, 0x77, 0x43, 0x20, 0xf3, 0xff, 0xe4, 0x94, 0x00, 0x00, 0x00, 0x00, 0x15, 0xf3, 0x48,
    0x35, 0xa5, 0x2d, 0x59, 0xe2, 0x12, 0x00, 0x00, 0x00, 0x00, 0x00, 0x00, 0x00, 0xc4, 0xcc, 0xfb,
    0xc8, 0xf8, 0xcf, 0xb1, 0x00, 0x00, 0x00, 0x00, 0x00, 0x00, 0x00, 0x00, 0x8b, 0xe6, 0x48, 0x00,
    0x53, 0xeb, 0x7f, 0x00, 0x00, 0x00, 0x00, 0x00, 0x00, 0x00, 0x00, 0x07, 0x0b, 0x00, 0x00, 0x00,
    0x0e, 0x06, 0x00, 0x00, 0x00, 0x00, 0x00, 0x00, 0x49, 0xa2, 0xbb, 0x9b, 0x3a, 0x00, 0x00, 0x00,
    0x9a, 0xf5, 0x9c, 0x78, 0xa6, 0xfa, 0x7e, 0x00, 0x64, 0xef, 0x2c, 0x1a, 0x38, 0x00, 0x40, 0xf9,
    0x48, 0xcf, 0x77, 0x2e, 0xd0, 0x5d, 0x00, 0x00, 0x95, 0xb3, 0xf6, 0x41, 0x83, 0x43, 0x00, 0x00,
    0x00, 0x5d, 0xda, 0xe0, 0x5b, 0x03, 0x00, 0x00, 0x00, 0x00, 0x79, 0xc4, 0x8e, 0xca, 0x03, 0x00,
    0x00, 0x00, 0x0a, 0xe1, 0x70, 0x14, 0xe8, 0x7d, 0x00, 0x00, 0x00, 0x98, 0xd7, 0x09, 0x00, 0x4d,
    0xf9, 0x1c, 0x00, 0x36, 0xfb, 0x33, 0x00, 0x00, 0x00, 0xbf, 0x64, 0x00, 0x80, 0xa2, 0x00, 0x00,
    0x00, 0x00, 0x27, 0x44, 0x44, 0x44, 0x1f, 0x00, 0x00, 0x00, 0x00, 0x81, 0xff, 0xff, 0xff, 0x65,
    0x00, 0x00, 0x00, 0x00, 0x19, 0xda, 0xff, 0xca, 0x0c, 0x00, 0x00, 0x00, 0x00, 0x00, 0x03, 0x1b,
    0x01, 0x00, 0x00, 0x00, 0x00, 0x00, 0x00, 0x00, 0x00, 0x3e, 0x4e, 0x00, 0x00, 0x00, 0x00, 0x00,
    0x00, 0x00, 0x00, 0x00, 0x00, 0x00, 0xbd, 0xd8, 0x00, 0x00, 0x00, 0x00, 0x00, 0x00, 0x00, 0x28,
    0xd4, 0x4f, 0x00, 0xc0, 0xdc, 0x00, 0x37, 0xd7, 0x39, 0x00, 0x00, 0x0b, 0xdf, 0xf4, 0x2f, 0x00,
    0xc0, 0xdc, 0x00, 0x1d, 0xea, 0xee, 0x17, 0x00, 0x79, 0xff, 0x56, 0x00, 0x00, 0xc0, 0xdc, 0x00,
    0x00, 0x3b, 0xfe, 0x95, 0x00, 0xd0, 0xda, 0x00, 0x00, 0x00, 0xc0, 0xdc, 0x00, 0x00, 0x00, 0xbf,
    0xed, 0x00, 0xf5, 0xa6, 0x00, 0x00, 0x00, 0xbf, 0xdb, 0x00, 0x00, 0x00, 0x8b, 0xff, 0x14, 0xf1,
    0xb0, 0x00, 0x00, 0x00, 0x57, 0x6a, 0x00, 0x00, 0x00, 0x94, 0xff, 0x10, 0xc0, 0xeb, 0x08, 0x00,
    0x00, 0x00, 0x00, 0x00, 0x00, 0x00, 0xd5, 0xe0, 0x00, 0x60, 0xff, 0x82, 0x00, 0x00, 0x00, 0x00,
    0x00, 0x00, 0x63, 0xff, 0x7f, 0x00, 0x03, 0xc4, 0xfe, 0x85, 0x0b, 0x00, 0x00, 0x06, 0x71, 0xfa,
    0xd8, 0x0c, 0x00, 0x00, 0x14, 0xc1, 0xff, 0xef, 0xba, 0xb6, 0xe9, 0xff, 0xd2, 0x20, 0x00, 0x00,
    0x00, 0x00, 0x02, 0x59, 0xb7, 0xe6, 0xe8, 0xc0, 0x66, 0x05, 0x00, 0x00, 0x00, 0x00, 0x00, 0x00,
    0x00, 0x00, 0x00, 0x00, 0x00, 0x00, 0x00, 0x00, 0x00, 0x00, 0x00, 0x00, 0x00, 0x4f, 0xb6, 0xe6,
    0xea, 0xbf, 0x5d, 0x02, 0x1e, 0x6b, 0x00, 0x00, 0x05, 0xa5, 0xff, 0xf3, 0xbb, 0xb7, 0xed, 0xff,
    0xba, 0x8e, 0xff, 0x18, 0x00, 0x91, 0xff, 0x9c, 0x0d, 0x00, 0x00, 0x08, 0x82, 0xff, 0xfd, 0xff,
    0x1c, 0x1f, 0xfc, 0xb2, 0x00, 0x00, 0x00, 0x00, 0x19, 0xaf, 0xf1, 0xff, 0xff, 0x1c, 0x21, 0xca,
    0x26, 0x00, 0x00, 0x00, 0x00, 0x25, 0xd7, 0xe4, 0xe4, 0xc6, 0x06, 0x00, 0x00, 0x00, 0x00, 0x00,
    0x00, 0x00, 0x00, 0x00, 0x00, 0x00, 0x00, 0x00, 0x5a, 0x80, 0x80, 0x78, 0x16, 0x00, 0x00, 0x00,
    0x00, 0x01, 0x62, 0x12, 0x00, 0xfd, 0xff, 0xff, 0xff, 0x58, 0x00, 0x00, 0x00, 0x00, 0x5a, 0xff,
    0x56, 0x00, 0xff, 0xff, 0xf9, 0x57, 0x00, 0x00, 0x00, 0x00, 0x2c, 0xeb, 0xe5, 0x09, 0x00, 0xff,
    0xc7, 0xea, 0xfb, 0x9b, 0x53, 0x50, 0x8f, 0xf5, 0xf4, 0x3b, 0x00, 0x00, 0xbd, 0x64, 0x1d, 0xb5,
    0xfe, 0xff, 0xff, 0xff, 0xc2, 0x2a, 0x00, 0x00, 0x00, 0x00, 0x00, 0x00, 0x00, 0x1d, 0x4a, 0x4d,
    0x24, 0x00, 0x00, 0x00, 0x00, 0x00, 0x00, 0x00, 0x00, 0x12, 0x6d, 0xaa, 0xbd, 0xa7, 0x65, 0x0c,
    0x00, 0x00, 0x00, 0x00, 0x00, 0x5f, 0xf0, 0xff, 0xff, 0xff, 0xff, 0xff, 0xe9, 0x50, 0x00, 0x00,
    0x00, 0x6a, 0xff, 0xff, 0xff, 0xff, 0xff, 0xff, 0xff, 0xff, 0xfe, 0x57, 0x00, 0x23, 0xfa, 0xff,
    0xff, 0xff, 0xff, 0xff, 0xff, 0xff, 0xff, 0xff, 0xf2, 0x16, 0x94, 0xff, 0xff, 0xff, 0x7a, 0x44,
    0x44, 0x44, 0x89, 0xff, 0xff, 0xff, 0x7f, 0xdc, 0xff, 0xff, 0xff, 0x08, 0x00, 0x00, 0x00, 0x1c,
    0xff, 0xff, 0xff, 0xc8, 0xf8, 0xff, 0xff, 0xff, 0x08, 0x00, 0x00, 0x00, 0x1c, 0xff, 0xff, 0xff,
    0xe4, 0xeb, 0xff, 0xff, 0xff, 0x08, 0x00, 0x00, 0x00, 0x1c, 0xff, 0xff, 0xff, 0xd7, 0xb5, 0xff,
    0xff, 0xff, 0x23, 0x00, 0x00, 0x00, 0x37, 0xff, 0xff, 0xff, 0xa0, 0x51, 0xff, 0xff, 0xff, 0xf6,
    0xe0, 0xe0, 0xe0, 0xf8, 0xff, 0xff, 0xff, 0x3d, 0x00, 0xb7, 0xff, 0xff, 0xff, 0xff, 0xff, 0xff,
    0xff, 0xff, 0xff, 0xa3, 0x00, 0x00, 0x10, 0xbf, 0xff, 0xff, 0xff, 0xff, 0xff, 0xff, 0xff, 0xb1,
    0x09, 0x00, 0x00, 0x00, 0x03, 0x67, 0xd2, 0xff, 0xff, 0xfe, 0xca, 0x5b, 0x01, 0x00, 0x00, 0x00,
    0x00, 0x00, 0x00, 0x00, 0x0f, 0x21, 0x0c, 0x00, 0x00, 0x00, 0x00, 0x00, 0x20, 0xba, 0xf3, 0xf8,
    0xa3, 0x00, 0x00, 0x00, 0x00, 0x00, 0x00, 0x00, 0x00, 0xc0, 0xf9, 0xb1, 0xa8, 0x63, 0x00, 0x00,
    0x00, 0x2b, 0x19, 0x00, 0x00, 0x00, 0xfa, 0xa7, 0x00, 0x00, 0x00, 0x00, 0x00, 0x00, 0xd1, 0xe7,
    0x27, 0x00, 0x00, 0xff, 0x9c, 0x00, 0x00, 0x00, 0x00, 0x00, 0x00, 0x42, 0xf6, 0xe7, 0x27, 0x00,
    0xff, 0x9c, 0x00, 0x00, 0x08, 0x1c, 0x1c, 0x1c, 0x1c, 0x5e, 0xfc, 0xe7, 0x27, 0xff, 0x9c, 0x00,
    0x00, 0xd5, 0xff, 0xff, 0xff, 0xff, 0xff, 0xff, 0xff, 0xcc, 0xff, 0x9c, 0x00, 0x00, 0x50, 0x80,
    0x80, 0x80, 0x80, 0x8d, 0xfc, 0xff, 0x6f, 0xff, 0x9c, 0x00, 0x00, 0x00, 0x00, 0x00, 0x00, 0x0d,
    0xc6, 0xff, 0x74, 0x00, 0xff, 0x9c, 0x00, 0x00, 0x00, 0x00, 0x00, 0x00, 0xb4, 0xff, 0x74, 0x00,
    0x00, 0xe3, 0xdd, 0x4d, 0x44, 0x18, 0x00, 0x00, 0x00, 0x7c, 0x64, 0x00, 0x00, 0x00, 0x5b, 0xfb,
    0xff, 0xff, 0xc8, 0x00, 0x00, 0x00, 0x00, 0x00, 0x00, 0x00, 0x00, 0x00, 0x21, 0x53, 0x58, 0x25,
    0x00, 0x00, 0x00, 0x00, 0x00, 0x00, 0x00, 0x00,
};

static const Glyph font_small_g[133] = {
    { 0x00020, 0, 0, 0, 0, 9, 0 },
    { 0x00021, 3, 10, 3, 10, 9, 0 },
    { 0x00022, 6, 4, 1, 11, 9, 30 },
    { 0x00023, 9, 10, 0, 10, 9, 54 },
    { 0x00024, 9, 15, 0, 13, 9, 144 },
    { 0x00025, 9, 12, 0, 11, 9, 279 },
    { 0x00026, 9, 10, 0, 10, 9, 387 },
    { 0x00027, 3, 4, 3, 11, 9, 477 },
    { 0x00028, 6, 16, 1, 13, 9, 489 },
    { 0x00029, 6, 16, 2, 13, 9, 585 },
    { 0x0002a, 9, 8, 0, 9, 9, 681 },
    { 0x0002b, 9, 8, 0, 9, 9, 753 },
    { 0x0002c, 4, 6, 2, 3, 9, 825 },
    { 0x0002d, 7, 2, 1, 6, 9, 849 },
    { 0x0002e, 4, 3, 2, 3, 9, 863 },
    { 0x0002f, 9, 14, 0, 12, 9, 875 },
    { 0x00030, 8, 10, 0, 10, 9, 1001 },
    { 0x00031, 8, 10, 0, 10, 9, 1081 },
    { 0x00032, 8, 10, 0, 10, 9, 1161 },
    { 0x00033, 8, 10, 0, 10, 9, 1241 },
    { 0x00034, 8, 11, 0, 11, 9, 1321 },
    { 0x00035, 8, 10, 0, 10, 9, 1409 },
    { 0x00036, 8, 10, 0, 10, 9, 1489 },
    { 0x00037, 8, 11, 0, 10, 9, 1569 },
    { 0x00038, 8, 10, 0, 10, 9, 1657 },
    { 0x00039, 8, 11, 0, 10, 9, 1737 },
    { 0x0003a, 4, 8, 2, 8, 9, 1825 },
    { 0x0003b, 4, 11, 2, 8, 9, 1857 },
    { 0x0003c, 7, 9, 1, 9, 9, 1901 },
    { 0x0003d, 7, 5, 1, 7, 9, 1964 },
    { 0x0003e, 7, 9, 1, 9, 9, 1999 },
    { 0x0003f, 8, 10, 0, 10, 9, 2062 },
    { 0x00040, 10, 12, -1, 10, 9, 2142 },
    { 0x00041, 10, 10, -1, 10, 9, 2262 },
    { 0x00042, 9, 10, 0, 10, 9, 2362 },
    { 0x00043, 9, 10, 0, 10, 9, 2452 },
    { 0x00044, 9, 10, 0, 10, 9, 2542 },
    { 0x00045, 7, 10, 1, 10, 9, 2632 },
    { 0x00046, 8, 10, 1, 10, 9, 2702 },
    { 0x00047, 9, 10, 0, 10, 9, 2782 },
    { 0x00048, 8, 10, 0, 10, 9, 2872 },
    { 0x00049, 7, 10, 1, 10, 9, 2952 },
    { 0x0004a, 8, 10, 0, 10, 9, 3022 },
    { 0x0004b, 9, 10, 0, 10, 9, 3102 },
    { 0x0004c, 7, 10, 1, 10, 9, 3192 },
    { 0x0004d, 9, 10, 0, 10, 9, 3262 },
    { 0x0004e, 8, 10, 0, 10, 9, 3352 },
    { 0x0004f, 9, 10, 0, 10, 9, 3432 },
    { 0x00050, 9, 10, 0, 10, 9, 3522 },
    { 0x00051, 10, 13, 0, 10, 9, 3612 },
    { 0x00052, 9, 10, 0, 10, 9, 3742 },
    { 0x00053, 9, 10, 0, 10, 9, 3832 },
    { 0x00054, 9, 10, 0, 10, 9, 3922 },
    { 0x00055, 9, 10, 0, 10, 9, 4012 },
    { 0x00056, 9, 10, 0, 10, 9, 4102 },
    { 0x00057, 10, 10, -1, 10, 9, 4192 },
    { 0x00058, 9, 10, 0, 10, 9, 4292 },
    { 0x00059, 10, 10, -1, 10, 9, 4382 },
    { 0x0005a, 9, 10, 0, 10, 9, 4482 },
    { 0x0005b, 5, 14, 2, 12, 9, 4572 },
    { 0x0005c, 9, 14, 0, 12, 9, 4642 },
    { 0x0005d, 6, 14, 1, 12, 9, 4768 },
    { 0x0005e, 9, 5, 0, 13, 9, 4852 },
    { 0x0005f, 8, 2, 0, -1, 9, 4897 },
    { 0x00060, 5, 4, 2, 12, 9, 4913 },
    { 0x00061, 8, 8, 0, 8, 9, 4933 },
    { 0x00062, 8, 12, 1, 12, 9, 4997 },
    { 0x00063, 8, 8, 0, 8, 9, 5093 },
    { 0x00064, 8, 12, 0, 12, 9, 5157 },
    { 0x00065, 8, 8, 0, 8, 9, 5253 },
    { 0x00066, 8, 11, 1, 11, 9, 5317 },
    { 0x00067, 9, 12, 0, 9, 9, 5405 },
    { 0x00068, 7, 12, 1, 12, 9, 5513 },
    { 0x00069, 7, 12, 1, 12, 9, 5597 },
    { 0x0006a, 6, 16, 1, 12, 9, 5681 },
    { 0x0006b, 8, 12, 1, 12, 9, 5777 },
    { 0x0006c, 8, 11, 0, 11, 9, 5873 },
    { 0x0006d, 9, 8, 0, 8, 9, 5961 },
    { 0x0006e, 7, 8, 1, 8, 9, 6033 },
    { 0x0006f, 9, 8, 0, 8, 9, 6089 },
    { 0x00070, 8, 11, 1, 8, 9, 6161 },
    { 0x00071, 8, 11, 0, 8, 9, 6249 },
    { 0x00072, 8, 8, 1, 8, 9, 6337 },
    { 0x00073, 8, 8, 0, 8, 9, 6401 },
    { 0x00074, 8, 10, 0, 10, 9, 6465 },
    { 0x00075, 7, 8, 1, 8, 9, 6545 },
    { 0x00076, 9, 8, 0, 8, 9, 6601 },
    { 0x00077, 9, 8, 0, 8, 9, 6673 },
    { 0x00078, 9, 8, 0, 8, 9, 6745 },
    { 0x00079, 9, 11, 0, 8, 9, 6817 },
    { 0x0007a, 7, 8, 1, 8, 9, 6916 },
    { 0x0007b, 6, 14, 1, 12, 9, 6972 },
    { 0x0007c, 3, 13, 3, 12, 9, 7056 },
    { 0x0007d, 7, 14, 1, 12, 9, 7095 },
    { 0x0007e, 9, 3, 0, 6, 9, 7193 },
    { 0x025b2, 9, 8, 0, 8, 9, 9781 },
    { 0x025cb, 9, 8, 0, 8, 9, 9853 },
    { 0x025cf, 9, 8, 0, 8, 9, 9709 },
    { 0x0f011, 13, 13, 0, 11, 9, 12244 },
    { 0x0f021, 13, 13, 0, 11, 9, 12413 },
    { 0x0f023, 12, 14, 0, 11, 9, 10507 },
    { 0x0f026, 9, 12, 0, 10, 9, 11422 },
    { 0x0f028, 17, 13, 0, 11, 9, 11201 },
    { 0x0f08b, 13, 12, 0, 10, 9, 12764 },
    { 0x0f0eb, 9, 14, 0, 11, 9, 12118 },
    { 0x0f130, 9, 14, 0, 11, 9, 11530 },
    { 0x0f131, 18, 14, -1, 11, 9, 11656 },
    { 0x0f132, 13, 14, 0, 11, 9, 10675 },
    { 0x0f185, 15, 14, -1, 11, 9, 11908 },
    { 0x0f186, 10, 12, 0, 10, 9, 10135 },
    { 0x0f1eb, 17, 12, 0, 10, 9, 10997 },
    { 0x0f1f6, 18, 14, -1, 11, 9, 10255 },
    { 0x0f240, 15, 9, 0, 9, 9, 7789 },
    { 0x0f241, 15, 9, 0, 9, 9, 7924 },
    { 0x0f242, 15, 9, 0, 9, 9, 8059 },
    { 0x0f243, 15, 9, 0, 9, 9, 8194 },
    { 0x0f244, 15, 9, 0, 9, 9, 8329 },
    { 0x0f28d, 13, 14, 0, 11, 9, 12582 },
    { 0x0f293, 10, 14, 0, 11, 9, 10857 },
    { 0x0f32e, 14, 15, 0, 12, 9, 9925 },
    { 0x0f4bc, 14, 15, 0, 12, 9, 7350 },
    { 0xf0084, 8, 13, 0, 11, 9, 8464 },
    { 0xf0238, 9, 12, 0, 10, 9, 7681 },
    { 0xf02ca, 10, 13, 0, 11, 9, 7220 },
    { 0xf035b, 11, 11, 0, 10, 9, 7560 },
    { 0xf057e, 11, 11, 0, 10, 9, 8568 },
    { 0xf057f, 6, 10, 1, 9, 9, 8689 },
    { 0xf075f, 12, 10, 0, 9, 9, 8749 },
    { 0xf091f, 14, 12, 0, 10, 9, 9037 },
    { 0xf0922, 14, 12, 0, 10, 9, 9205 },
    { 0xf0925, 14, 12, 0, 10, 9, 9373 },
    { 0xf0928, 14, 12, 0, 10, 9, 9541 },
    { 0xf092b, 14, 12, 0, 10, 9, 8869 },
};

static const Font font_small = {
    .px_size  = 14,
    .line_h   = 17,
    .baseline = 13,
    .n        = 133,
    .g        = font_small_g,
    .px       = font_small_px,
};

static const uint8_t font_large_px[30721] = {
    0x1b, 0xff, 0xff, 0xff, 0xa5, 0x0f, 0xff, 0xff, 0xff, 0x9a, 0x03, 0xff, 0xff, 0xff, 0x8e, 0x00,
    0xf7, 0xff, 0xff, 0x83, 0x00, 0xeb, 0xff, 0xff, 0x77, 0x00, 0xdf, 0xff, 0xff, 0x6b, 0x00, 0xd3,
    0xff, 0xff, 0x60, 0x00, 0xc7, 0xff, 0xff, 0x54, 0x00, 0xbb, 0xff, 0xff, 0x49, 0x00, 0xae, 0xff,
    0xff, 0x3d, 0x00, 0x00, 0x00, 0x00, 0x00, 0x00, 0x00, 0x00, 0x00, 0x00, 0x00, 0x7b, 0xf0, 0xd0,
    0x29, 0x27, 0xff, 0xff, 0xff, 0xb3, 0x28, 0xff, 0xff, 0xff, 0xb2, 0x00, 0x7b, 0xf0, 0xd0, 0x29,
    0x11, 0xff, 0xff, 0xff, 0x3f, 0xbd, 0xff, 0xff, 0x97, 0x02, 0xfe, 0xff, 0xff, 0x30, 0xad, 0xff,
    0xff, 0x88, 0x00, 0xf1, 0xff, 0xff, 0x21, 0x9e, 0xff, 0xff, 0x79, 0x00, 0xe1, 0xff, 0xff, 0x11,
    0x8e, 0xff, 0xff, 0x69, 0x00, 0xd1, 0xff, 0xff, 0x03, 0x7f, 0xff, 0xff, 0x5a, 0x00, 0xc1, 0xff,
    0xf2, 0x00, 0x6f, 0xff, 0xff, 0x4a, 0x00, 0xb0, 0xff, 0xe3, 0x00, 0x60, 0xff, 0xff, 0x3b, 0x00,
    0x00, 0x00, 0x4e, 0xff, 0xff, 0xa8, 0x00, 0x33, 0xff, 0xff, 0xc0, 0x00, 0x00, 0x00, 0x00, 0x70,
    0xff, 0xff, 0x83, 0x00, 0x57, 0xff, 0xff, 0x9b, 0x00, 0x00, 0x00, 0x00, 0x93, 0xff, 0xff, 0x5e,
    0x00, 0x7a, 0xff, 0xff, 0x76, 0x00, 0x00, 0x5c, 0xff, 0xff, 0xff, 0xff, 0xff, 0xff, 0xff, 0xff,
    0xff, 0xff, 0xc4, 0x00, 0x5c, 0xff, 0xff, 0xff, 0xff, 0xff, 0xff, 0xff, 0xff, 0xff, 0xff, 0xc4,
    0x00, 0x45, 0xc0, 0xfe, 0xff, 0xfd, 0xc0, 0xc0, 0xf8, 0xff, 0xff, 0xc3, 0x93, 0x00, 0x00, 0x0f,
    0xff, 0xff, 0xe1, 0x00, 0x01, 0xf5, 0xff, 0xf8, 0x01, 0x00, 0x00, 0x00, 0x33, 0xff, 0xff, 0xbe,
    0x00, 0x1b, 0xff, 0xff, 0xd8, 0x00, 0x00, 0x00, 0x00, 0x57, 0xff, 0xff, 0x9b, 0x00, 0x3f, 0xff,
    0xff, 0xb6, 0x00, 0x00, 0x00, 0x00, 0x7a, 0xff, 0xff, 0x79, 0x00, 0x62, 0xff, 0xff, 0x94, 0x00,
    0x00, 0x34, 0xff, 0xff, 0xff, 0xff, 0xff, 0xff, 0xff, 0xff, 0xff, 0xff, 0xec, 0x00, 0x34, 0xff,
    0xff, 0xff, 0xff, 0xff, 0xff, 0xff, 0xff, 0xff, 0xff, 0xec, 0x00, 0x27, 0xc0, 0xf8, 0xff, 0xff,
    0xc5, 0xc0, 0xf1, 0xff, 0xff, 0xcb, 0xb1, 0x00, 0x00, 0x00, 0xf4, 0xff, 0xfd, 0x05, 0x00, 0xd9,
    0xff, 0xff, 0x19, 0x00, 0x00, 0x00, 0x15, 0xff, 0xff, 0xe1, 0x00, 0x01, 0xf8, 0xff, 0xf6, 0x01,
    0x00, 0x00, 0x00, 0x34, 0xff, 0xff, 0xc0, 0x00, 0x1b, 0xff, 0xff, 0xd5, 0x00, 0x00, 0x00, 0x00,
    0x00, 0x00, 0x00, 0x00, 0x00, 0xf0, 0xe0, 0x00, 0x00, 0x00, 0x00, 0x00, 0x00, 0x00, 0x00, 0x00,
    0x00, 0x00, 0xf0, 0xe0, 0x00, 0x00, 0x00, 0x00, 0x00, 0x00, 0x00, 0x00, 0x00, 0x00, 0x00, 0xf0,
    0xe0, 0x00, 0x00, 0x00, 0x00, 0x00, 0x00, 0x00, 0x00, 0x00, 0x18, 0x5a, 0xf7, 0xee, 0x5d, 0x25,
    0x00, 0x00, 0x00, 0x00, 0x00, 0x06, 0x93, 0xfc, 0xff, 0xff, 0xff, 0xff, 0xff, 0xc3, 0x38, 0x00,
    0x00, 0x00, 0xa4, 0xff, 0xff, 0xff, 0xff, 0xff, 0xff, 0xff, 0xff, 0xf4, 0x17, 0x00, 0x2e, 0xff,
    0xff, 0xfc, 0x63, 0xf2, 0xe4, 0x3c, 0x9c, 0xfd, 0x59, 0x00, 0x00, 0x6c, 0xff, 0xff, 0xc2, 0x00,
    0xf0, 0xe0, 0x00, 0x00, 0x28, 0x00, 0x00, 0x00, 0x74, 0xff, 0xff, 0xe2, 0x04, 0xf0, 0xe0, 0x00,
    0x00, 0x00, 0x00, 0x00, 0x00, 0x45, 0xff, 0xff, 0xff, 0xc0, 0xf6, 0xe0, 0x00, 0x00, 0x00, 0x00,
    0x00, 0x00, 0x01, 0xc9, 0xff, 0xff, 0xff, 0xff, 0xf4, 0x6b, 0x0e, 0x00, 0x00, 0x00, 0x00, 0x00,
    0x16, 0xc2, 0xff, 0xff, 0xff, 0xff, 0xff, 0xed, 0x69, 0x00, 0x00, 0x00, 0x00, 0x00, 0x01, 0x56,
    0xc5, 0xff, 0xff, 0xff, 0xff, 0xff, 0x8f, 0x00, 0x00, 0x00, 0x00, 0x00, 0x00, 0x00, 0xf0, 0xf8,
    0xf8, 0xff, 0xff, 0xff, 0x33, 0x00, 0x00, 0x00, 0x00, 0x00, 0x00, 0xf0, 0xe0, 0x36, 0xfb, 0xff,
    0xff, 0x7f, 0x00, 0x00, 0x00, 0x00, 0x00, 0x00, 0xf0, 0xe0, 0x00, 0xc4, 0xff, 0xff, 0x95, 0x00,
    0x00, 0x68, 0x20, 0x00, 0x00, 0xf0, 0xe0, 0x00, 0xd5, 0xff, 0xff, 0x7d, 0x00, 0x53, 0xfe, 0xf3,
    0x84, 0x3f, 0xf3, 0xe8, 0x8d, 0xff, 0xff, 0xff, 0x31, 0x01, 0xc7, 0xff, 0xff, 0xff, 0xff, 0xff,
    0xff, 0xff, 0xff, 0xff, 0x9c, 0x00, 0x00, 0x0c, 0x89, 0xf5, 0xff, 0xff, 0xff, 0xff, 0xff, 0xfd,
    0x92, 0x04, 0x00, 0x00, 0x00, 0x00, 0x0d, 0x57, 0x86, 0xf9, 0xf1, 0x6b, 0x1e, 0x00, 0x00, 0x00,
    0x00, 0x00, 0x00, 0x00, 0x00, 0x00, 0xf0, 0xe0, 0x00, 0x00, 0x00, 0x00, 0x00, 0x00, 0x00, 0x00,
    0x00, 0x00, 0x00, 0xf0, 0xe0, 0x00, 0x00, 0x00, 0x00, 0x00, 0x00, 0x00, 0x00, 0x00, 0x00, 0x00,
    0xf0, 0xe0, 0x00, 0x00, 0x00, 0x00, 0x00, 0x00, 0x00, 0x00, 0x00, 0x00, 0x00, 0x00, 0x00, 0x00,
    0x02, 0x00, 0x00, 0x00, 0x00, 0x01, 0x70, 0xda, 0xf2, 0xc2, 0x31, 0x00, 0x00, 0x00, 0xad, 0xb2,
    0x2c, 0x00, 0x00, 0x62, 0xff, 0xfd, 0xe9, 0xff, 0xeb, 0x11, 0x00, 0x2d, 0xfe, 0xfc, 0x22, 0x00,
    0x00, 0xc6, 0xff, 0x8b, 0x05, 0xe8, 0xff, 0x5e, 0x00, 0xa9, 0xff, 0xa2, 0x00, 0x00, 0x00, 0xe2,
    0xff, 0x6c, 0x00, 0xd0, 0xff, 0x79, 0x27, 0xfd, 0xfd, 0x28, 0x00, 0x00, 0x00, 0xc1, 0xff, 0xa1,
    0x16, 0xef, 0xff, 0x58, 0xa2, 0xff, 0xa9, 0x00, 0x00, 0x00, 0x00, 0x52, 0xff, 0xff, 0xff, 0xff,
    0xde, 0x2b, 0xfc, 0xfe, 0x2e, 0x00, 0x00, 0x00, 0x00, 0x00, 0x4f, 0xb5, 0xcb, 0x9b, 0x19, 0x9b,
    0xff, 0xb0, 0x00, 0x00, 0x00, 0x00, 0x00, 0x00, 0x00, 0x00, 0x00, 0x00, 0x1d, 0xf9, 0xff, 0x34,
    0x00, 0x00, 0x00, 0x00, 0x00, 0x00, 0x00, 0x00, 0x00, 0x00, 0x94, 0xff, 0xb7, 0x00, 0x00, 0x00,
    0x00, 0x00, 0x00, 0x00, 0x00, 0x00, 0x00, 0x18, 0xf7, 0xff, 0x3d, 0x79, 0xdd, 0xf1, 0xba, 0x27,
    0x00, 0x00, 0x00, 0x00, 0x00, 0x8d, 0xff, 0xbe, 0x71, 0xff, 0xfb, 0xeb, 0xff, 0xdf, 0x07, 0x00,
    0x00, 0x00, 0x14, 0xf4, 0xff, 0x41, 0xd8, 0xff, 0x7a, 0x0a, 0xf5, 0xff, 0x49, 0x00, 0x00, 0x00,
    0x86, 0xff, 0xc5, 0x00, 0xf6, 0xff, 0x58, 0x00, 0xe0, 0xff, 0x66, 0x00, 0x00, 0x10, 0xf1, 0xff,
    0x48, 0x00, 0xda, 0xff, 0x7c, 0x0b, 0xf5, 0xff, 0x4a, 0x00, 0x00, 0x7f, 0xff, 0xcc, 0x00, 0x00,
    0x78, 0xff, 0xfc, 0xec, 0xff, 0xdf, 0x08, 0x00, 0x02, 0xdf, 0xff, 0x50, 0x00, 0x00, 0x04, 0x7f,
    0xdf, 0xf1, 0xbb, 0x27, 0x00, 0x00, 0x00, 0x0d, 0x61, 0x01, 0x00, 0x00, 0x00, 0x00, 0x00, 0x00,
    0x00, 0x00, 0x00, 0x00, 0x00, 0x00, 0x56, 0xbb, 0xed, 0xf9, 0xe0, 0x99, 0x1d, 0x00, 0x00, 0x00,
    0x00, 0x00, 0x00, 0x99, 0xff, 0xff, 0xff, 0xff, 0xff, 0xff, 0xf1, 0x38, 0x00, 0x00, 0x00, 0x00,
    0x35, 0xff, 0xff, 0xff, 0xf7, 0xc8, 0xdf, 0xff, 0xd5, 0x2e, 0x00, 0x00, 0x00, 0x00, 0x59, 0xff,
    0xff, 0xff, 0x33, 0x00, 0x00, 0x3c, 0x09, 0x00, 0x00, 0x00, 0x00, 0x00, 0x28, 0xfd, 0xff, 0xff,
    0x55, 0x00, 0x00, 0x00, 0x00, 0x00, 0x00, 0x00, 0x00, 0x00, 0x00, 0x72, 0xfc, 0xff, 0xff, 0xd5,
    0xc0, 0xc0, 0xc0, 0xc0, 0xc0, 0xc0, 0x09, 0x00, 0x00, 0x00, 0x55, 0xf2, 0xff, 0xff, 0xff, 0xff,
    0xff, 0xff, 0xff, 0xff, 0x0c, 0x00, 0x09, 0xab, 0xff, 0xff, 0xff, 0xff, 0xff, 0xff, 0xff, 0xff,
    0xff, 0xff, 0x0c, 0x00, 0x8a, 0xff, 0xff, 0xfb, 0x6a, 0x0d, 0x00, 0xbc, 0xff, 0xff, 0x8c, 0x00,
    0x00, 0x00, 0xf3, 0xff, 0xff, 0x97, 0x00, 0x00, 0x00, 0xbc, 0xff, 0xff, 0x8c, 0x00, 0x00, 0x18,
    0xff, 0xff, 0xff, 0x5b, 0x00, 0x00, 0x00, 0xbc, 0xff, 0xff, 0x8c, 0x00, 0x00, 0x18, 0xff, 0xff,
    0xff, 0x71, 0x00, 0x00, 0x00, 0xbc, 0xff, 0xff, 0x8c, 0x00, 0x00, 0x01, 0xe8, 0xff, 0xff, 0xd9,
    0x15, 0x00, 0x06, 0xcd, 0xff, 0xff, 0x8c, 0x00, 0x00, 0x00, 0x80, 0xff, 0xff, 0xff, 0xf2, 0xca,
    0xeb, 0xff, 0xff, 0xff, 0x8b, 0x00, 0x00, 0x00, 0x04, 0xb5, 0xff, 0xff, 0xff, 0xff, 0xff, 0xff,
    0xff, 0xcb, 0x1a, 0x00, 0x00, 0x00, 0x00, 0x01, 0x62, 0xc0, 0xeb, 0xfa, 0xe6, 0xba, 0x60, 0x03,
    0x00, 0x00, 0x00, 0xe9, 0xff, 0xff, 0x6b, 0xd9, 0xff, 0xff, 0x5b, 0xc9, 0xff, 0xff, 0x4b, 0xb9,
    0xff, 0xff, 0x3b, 0xa9, 0xff, 0xff, 0x2b, 0x99, 0xff, 0xff, 0x1b, 0x88, 0xff, 0xff, 0x0b, 0x00,
    0x00, 0x00, 0x00, 0x00, 0x08, 0x17, 0x00, 0x00, 0x00, 0x00, 0x00, 0x00, 0x0c, 0xbf, 0xdf, 0x26,
    0x00, 0x00, 0x00, 0x00, 0x08, 0xc4, 0xff, 0xff, 0xe3, 0x07, 0x00, 0x00, 0x01, 0xa8, 0xff, 0xff,
    0xfe, 0x58, 0x00, 0x00, 0x00, 0x66, 0xff, 0xff, 0xff, 0x88, 0x00, 0x00, 0x00, 0x19, 0xf1, 0xff,
    0xff, 0xce, 0x05, 0x00, 0x00, 0x00, 0x89, 0xff, 0xff, 0xff, 0x3e, 0x00, 0x00, 0x00, 0x08, 0xef,
    0xff, 0xff, 0xc2, 0x00, 0x00, 0x00, 0x00, 0x41, 0xff, 0xff, 0xff, 0x63, 0x00, 0x00, 0x00, 0x00,
    0x7e, 0xff, 0xff, 0xff, 0x25, 0x00, 0x00, 0x00, 0x00, 0x9d, 0xff, 0xff, 0xf9, 0x01, 0x00, 0x00,
    0x00, 0x00, 0xb0, 0xff, 0xff, 0xe9, 0x00, 0x00, 0x00, 0x00, 0x00, 0xb4, 0xff, 0xff, 0xe8, 0x00,
    0x00, 0x00, 0x00, 0x00, 0xa1, 0xff, 0xff, 0xfc, 0x01, 0x00, 0x00, 0x00, 0x00, 0x88, 0xff, 0xff,
    0xff, 0x15, 0x00, 0x00, 0x00, 0x00, 0x4e, 0xff, 0xff, 0xff, 0x4b, 0x00, 0x00, 0x00, 0x00, 0x10,
    0xf9, 0xff, 0xff, 0x9f, 0x00, 0x00, 0x00, 0x00, 0x00, 0xa0, 0xff, 0xff, 0xf7, 0x1b, 0x00, 0x00,
    0x00, 0x00, 0x2b, 0xfc, 0xff, 0xff, 0xa6, 0x00, 0x00, 0x00, 0x00, 0x00, 0x88, 0xff, 0xff, 0xff,
    0x58, 0x00, 0x00, 0x00, 0x00, 0x08, 0xcc, 0xff, 0xff, 0xf4, 0x2f, 0x00, 0x00, 0x00, 0x00, 0x19,
    0xe1, 0xff, 0xff, 0xe1, 0x07, 0x00, 0x00, 0x00, 0x00, 0x23, 0xe0, 0xf6, 0x4d, 0x00, 0x00, 0x00,
    0x00, 0x00, 0x00, 0x1c, 0x36, 0x00, 0x00, 0x00, 0x00, 0x20, 0x00, 0x00, 0x00, 0x00, 0x00, 0x00,
    0x00, 0x7b, 0xfb, 0x5b, 0x00, 0x00, 0x00, 0x00, 0x00, 0x60, 0xff, 0xff, 0xfd, 0x58, 0x00, 0x00,
    0x00, 0x00, 0x07, 0xc4, 0xff, 0xff, 0xf8, 0x3a, 0x00, 0x00, 0x00, 0x00, 0x16, 0xe8, 0xff, 0xff,
    0xe0, 0x0c, 0x00, 0x00, 0x00, 0x00, 0x4b, 0xff, 0xff, 0xff, 0x91, 0x00, 0x00, 0x00, 0x00, 0x00,
    0xb5, 0xff, 0xff, 0xf8, 0x16, 0x00, 0x00, 0x00, 0x00, 0x39, 0xff, 0xff, 0xff, 0x7b, 0x00, 0x00,
    0x00, 0x00, 0x00, 0xdb, 0xff, 0xff, 0xc5, 0x00, 0x00, 0x00, 0x00, 0x00, 0x9e, 0xff, 0xff, 0xfa,
    0x0a, 0x00, 0x00, 0x00, 0x00, 0x73, 0xff, 0xff, 0xff, 0x24, 0x00, 0x00, 0x00, 0x00, 0x62, 0xff,
    0xff, 0xff, 0x37, 0x00, 0x00, 0x00, 0x00, 0x61, 0xff, 0xff, 0xff, 0x3b, 0x00, 0x00, 0x00, 0x00,
    0x77, 0xff, 0xff, 0xff, 0x28, 0x00, 0x00, 0x00, 0x00, 0x8e, 0xff, 0xff, 0xfe, 0x10, 0x00, 0x00,
    0x00, 0x00, 0xc2, 0xff, 0xff, 0xd2, 0x00, 0x00, 0x00, 0x00, 0x19, 0xfc, 0xff, 0xff, 0x8d, 0x00,
    0x00, 0x00, 0x00, 0x8b, 0xff, 0xff, 0xfe, 0x27, 0x00, 0x00, 0x00, 0x27, 0xf7, 0xff, 0xff, 0xae,
    0x00, 0x00, 0x00, 0x06, 0xc9, 0xff, 0xff, 0xf2, 0x1d, 0x00, 0x00, 0x00, 0x98, 0xff, 0xff, 0xff,
    0x5d, 0x00, 0x00, 0x00, 0x5d, 0xff, 0xff, 0xff, 0x83, 0x00, 0x00, 0x00, 0x00, 0x08, 0xaf, 0xff,
    0x8d, 0x00, 0x00, 0x00, 0x00, 0x00, 0x00, 0x02, 0x50, 0x00, 0x00, 0x00, 0x00, 0x00, 0x00, 0x00,
    0x00, 0x00, 0x00, 0x00, 0xdf, 0xff, 0xff, 0x69, 0x00, 0x00, 0x00, 0x00, 0x00, 0x00, 0x00, 0x00,
    0x00, 0xc3, 0xff, 0xff, 0x4c, 0x00, 0x00, 0x00, 0x00, 0x00, 0x20, 0x0e, 0x00, 0x00, 0xa7, 0xff,
    0xff, 0x30, 0x00, 0x00, 0x2e, 0x00, 0x00, 0x9b, 0xef, 0x82, 0x12, 0x8c, 0xff, 0xff, 0x13, 0x3f,
    0xba, 0xff, 0x26, 0x02, 0xe8, 0xff, 0xff, 0xf3, 0xd1, 0xff, 0xfe, 0xc5, 0xff, 0xff, 0xff, 0x75,
    0x39, 0xff, 0xff, 0xff, 0xff, 0xff, 0xff, 0xff, 0xff, 0xff, 0xff, 0xff, 0xc4, 0x02, 0x2b, 0x60,
    0x95, 0xd2, 0xff, 0xff, 0xff, 0xf5, 0xb2, 0x7d, 0x48, 0x12, 0x00, 0x00, 0x00, 0x03, 0xb6, 0xff,
    0xff, 0xff, 0xfb, 0x46, 0x00, 0x00, 0x00, 0x00, 0x00, 0x00, 0x97, 0xff, 0xff, 0xcc, 0xfd, 0xff,
    0xf1, 0x2c, 0x00, 0x00, 0x00, 0x00, 0x75, 0xff, 0xff, 0xfc, 0x2b, 0xa0, 0xff, 0xff, 0xe2, 0x19,
    0x00, 0x00, 0x00, 0xa0, 0xff, 0xff, 0x9c, 0x00, 0x1d, 0xf7, 0xff, 0xeb, 0x3c, 0x00, 0x00, 0x00,
    0x00, 0x64, 0xed, 0x1b, 0x00, 0x00, 0x8a, 0xc5, 0x1c, 0x00, 0x00, 0x00, 0x00, 0x00, 0x00, 0x10,
    0x00, 0x00, 0x00, 0x0b, 0x04, 0x00, 0x00, 0x00, 0x00, 0x00, 0x00, 0x00, 0x00, 0xbc, 0xff, 0xff,
    0x40, 0x00, 0x00, 0x00, 0x00, 0x00, 0x00, 0x00, 0x00, 0x00, 0xbc, 0xff, 0xff, 0x40, 0x00, 0x00,
    0x00, 0x00, 0x00, 0x00, 0x00, 0x00, 0x00, 0xbc, 0xff, 0xff, 0x40, 0x00, 0x00, 0x00, 0x00, 0x00,
    0x00, 0x00, 0x00, 0x00, 0xbc, 0xff, 0xff, 0x40, 0x00, 0x00, 0x00, 0x00, 0x00, 0x00, 0x00, 0x00,
    0x00, 0xbc, 0xff, 0xff, 0x40, 0x00, 0x00, 0x00, 0x00, 0x30, 0xc0, 0xc0, 0xc0, 0xc0, 0xef, 0xff,
    0xff, 0xd0, 0xc0, 0xc0, 0xc0, 0x99, 0x40, 0xff, 0xff, 0xff, 0xff, 0xff, 0xff, 0xff, 0xff, 0xff,
    0xff, 0xff, 0xcc, 0x40, 0xff, 0xff, 0xff, 0xff, 0xff, 0xff, 0xff, 0xff, 0xff, 0xff, 0xff, 0xcc,
    0x00, 0x00, 0x00, 0x00, 0x00, 0xbc, 0xff, 0xff, 0x40, 0x00, 0x00, 0x00, 0x00, 0x00, 0x00, 0x00,
    0x00, 0x00, 0xbc, 0xff, 0xff, 0x40, 0x00, 0x00, 0x00, 0x00, 0x00, 0x00, 0x00, 0x00, 0x00, 0xbc,
    0xff, 0xff, 0x40, 0x00, 0x00, 0x00, 0x00, 0x00, 0x00, 0x00, 0x00, 0x00, 0xbc, 0xff, 0xff, 0x40,
    0x00, 0x00, 0x00, 0x00, 0x00, 0x00, 0x00, 0x00, 0x00, 0xbc, 0xff, 0xff, 0x40, 0x00, 0x00, 0x00,
    0x00, 0x02, 0x91, 0xef, 0xd6, 0x3e, 0x00, 0x64, 0xff, 0xff, 0xff, 0xe9, 0x09, 0xa1, 0xff, 0xff,
    0xff, 0xff, 0x2f, 0x85, 0xff, 0xff, 0xff, 0xff, 0x16, 0x0e, 0xd7, 0xff, 0xff, 0xd6, 0x00, 0x00,
    0xbe, 0xff, 0xff, 0x76, 0x00, 0x03, 0xf3, 0xff, 0xf9, 0x15, 0x00, 0x31, 0xff, 0xff, 0xa5, 0x00,
    0x00, 0x6a, 0xff, 0xff, 0x3c, 0x00, 0x00, 0xa3, 0xff, 0xd4, 0x00, 0x00, 0x00, 0x15, 0xc0, 0xc0,
    0xc0, 0xc0, 0xc0, 0xc0, 0xc0, 0xc0, 0xc0, 0x7e, 0x1c, 0xff, 0xff, 0xff, 0xff, 0xff, 0xff, 0xff,
    0xff, 0xff, 0xa8, 0x1c, 0xff, 0xff, 0xff, 0xff, 0xff, 0xff, 0xff, 0xff, 0xff, 0xa8, 0x03, 0x95,
    0xf4, 0xdb, 0x3c, 0x00, 0x7e, 0xff, 0xff, 0xff, 0xf2, 0x13, 0xb8, 0xff, 0xff, 0xff, 0xff, 0x3f,
    0x7e, 0xff, 0xff, 0xff, 0xf2, 0x13, 0x03, 0x96, 0xf5, 0xdb, 0x3c, 0x00, 0x00, 0x00, 0x00, 0x00,
    0x00, 0x00, 0x00, 0x00, 0x00, 0x01, 0x3e, 0x00, 0x00, 0x00, 0x00, 0x00, 0x00, 0x00, 0x00, 0x00,
    0x00, 0x00, 0x54, 0xff, 0xcc, 0x50, 0x00, 0x00, 0x00, 0x00, 0x00, 0x00, 0x00, 0x00, 0x00, 0xce,
    0xff, 0xff, 0x92, 0x00, 0x00, 0x00, 0x00, 0x00, 0x00, 0x00, 0x00, 0x4a, 0xff, 0xff, 0xfa, 0x1d,
    0x00, 0x00, 0x00, 0x00, 0x00, 0x00, 0x00, 0x00, 0xc5, 0xff, 0xff, 0x9d, 0x00, 0x00, 0x00, 0x00,
    0x00, 0x00, 0x00, 0x00, 0x41, 0xff, 0xff, 0xfd, 0x25, 0x00, 0x00, 0x00, 0x00, 0x00, 0x00, 0x00,
    0x00, 0xbc, 0xff, 0xff, 0xa7, 0x00, 0x00, 0x00, 0x00, 0x00, 0x00, 0x00, 0x00, 0x38, 0xff, 0xff,
    0xfe, 0x2d, 0x00, 0x00, 0x00, 0x00, 0x00, 0x00, 0x00, 0x00, 0xb3, 0xff, 0xff, 0xb1, 0x00, 0x00,
    0x00, 0x00, 0x00, 0x00, 0x00, 0x00, 0x2f, 0xff, 0xff, 0xff, 0x37, 0x00, 0x00, 0x00, 0x00, 0x00,
    0x00, 0x00, 0x00, 0xaa, 0xff, 0xff, 0xbb, 0x00, 0x00, 0x00, 0x00, 0x00, 0x00, 0x00, 0x00, 0x27,
    0xfd, 0xff, 0xff, 0x40, 0x00, 0x00, 0x00, 0x00, 0x00, 0x00, 0x00, 0x00, 0xa0, 0xff, 0xff, 0xc5,
    0x00, 0x00, 0x00, 0x00, 0x00, 0x00, 0x00, 0x00, 0x20, 0xfb, 0xff, 0xff, 0x4a, 0x00, 0x00, 0x00,
    0x00, 0x00, 0x00, 0x00, 0x00, 0x97, 0xff, 0xff, 0xcf, 0x00, 0x00, 0x00, 0x00, 0x00, 0x00, 0x00,
    0x00, 0x19, 0xf8, 0xff, 0xff, 0x54, 0x00, 0x00, 0x00, 0x00, 0x00, 0x00, 0x00, 0x00, 0x8e, 0xff,
    0xff, 0xd7, 0x02, 0x00, 0x00, 0x00, 0x00, 0x00, 0x00, 0x00, 0x14, 0xf4, 0xff, 0xff, 0x5f, 0x00,
    0x00, 0x00, 0x00, 0x00, 0x00, 0x00, 0x00, 0x84, 0xff, 0xff, 0xdf, 0x04, 0x00, 0x00, 0x00, 0x00,
    0x00, 0x00, 0x00, 0x0f, 0xf0, 0xff, 0xff, 0x69, 0x00, 0x00, 0x00, 0x00, 0x00, 0x00, 0x00, 0x00,
    0x1a, 0xa5, 0xfb, 0xe6, 0x07, 0x00, 0x00, 0x00, 0x00, 0x00, 0x00, 0x00, 0x00, 0x00, 0x00, 0x1e,
    0x41, 0x00, 0x00, 0x00, 0x00, 0x00, 0x00, 0x00, 0x00, 0x00, 0x00, 0x00, 0x0d, 0x86, 0xd8, 0xf7,
    0xec, 0xb8, 0x46, 0x00, 0x00, 0x00, 0x00, 0x14, 0xd9, 0xff, 0xff, 0xff, 0xff, 0xff, 0xff, 0x72,
    0x00, 0x00, 0x00, 0xad, 0xff, 0xff, 0xfe, 0xcd, 0xe6, 0xff, 0xff, 0xfe, 0x33, 0x00, 0x29, 0xff,
    0xff, 0xff, 0x55, 0x00, 0x02, 0xc3, 0xff, 0xff, 0xae, 0x00, 0x7b, 0xff, 0xff, 0xd5, 0x00, 0x00,
    0x16, 0xf4, 0xff, 0xff, 0xf7, 0x0a, 0xb0, 0xff, 0xff, 0x9f, 0x00, 0x00, 0x91, 0xff, 0xff, 0xff,
    0xff, 0x36, 0xd1, 0xff, 0xff, 0x84, 0x00, 0x1d, 0xf8, 0xbd, 0xfd, 0xff, 0xff, 0x58, 0xde, 0xff,
    0xff, 0x7a, 0x00, 0x9c, 0xff, 0x36, 0xf6, 0xff, 0xff, 0x65, 0xde, 0xff, 0xff, 0x7a, 0x25, 0xfb,
    0xae, 0x00, 0xf8, 0xff, 0xff, 0x64, 0xd0, 0xff, 0xff, 0x7f, 0xa6, 0xfd, 0x2b, 0x02, 0xff, 0xff,
    0xff, 0x57, 0xae, 0xff, 0xff, 0xbf, 0xfd, 0xa1, 0x00, 0x1c, 0xff, 0xff, 0xff, 0x34, 0x79, 0xff,
    0xff, 0xff, 0xf9, 0x21, 0x00, 0x4f, 0xff, 0xff, 0xf6, 0x09, 0x28, 0xff, 0xff, 0xff, 0x9a, 0x00,
    0x08, 0xc3, 0xff, 0xff, 0xac, 0x00, 0x00, 0xab, 0xff, 0xff, 0xf8, 0xc8, 0xe8, 0xff, 0xff, 0xfd,
    0x31, 0x00, 0x00, 0x13, 0xd8, 0xff, 0xff, 0xff, 0xff, 0xff, 0xff, 0x70, 0x00, 0x00, 0x00, 0x00,
    0x0d, 0x86, 0xd9, 0xf8, 0xed, 0xb8, 0x45, 0x00, 0x00, 0x00, 0x00, 0x00, 0x00, 0x04, 0x76, 0xf5,
    0xff, 0xff, 0x84, 0x00, 0x00, 0x00, 0x00, 0x00, 0x3a, 0xd3, 0xff, 0xff, 0xff, 0xff, 0x84, 0x00,
    0x00, 0x00, 0x10, 0x98, 0xfe, 0xff, 0xff, 0xff, 0xff, 0xff, 0x84, 0x00, 0x00, 0x00, 0x72, 0xff,
    0xff, 0xff, 0xdf, 0xfc, 0xff, 0xff, 0x84, 0x00, 0x00, 0x00, 0x05, 0xd6, 0xfc, 0x8f, 0x0b, 0xf8,
    0xff, 0xff, 0x84, 0x00, 0x00, 0x00, 0x00, 0x37, 0x35, 0x00, 0x00, 0xf8, 0xff, 0xff, 0x84, 0x00,
    0x00, 0x00, 0x00, 0x00, 0x00, 0x00, 0x00, 0xf8, 0xff, 0xff, 0x84, 0x00, 0x00, 0x00, 0x00, 0x00,
    0x00, 0x00, 0x00, 0xf8, 0xff, 0xff, 0x84, 0x00, 0x00, 0x00, 0x00, 0x00, 0x00, 0x00, 0x00, 0xf8,
    0xff, 0xff, 0x84, 0x00, 0x00, 0x00, 0x00, 0x00, 0x00, 0x00, 0x00, 0xf8, 0xff, 0xff, 0x84, 0x00,
    0x00, 0x00, 0x00, 0x00, 0x00, 0x00, 0x00, 0xf8, 0xff, 0xff, 0x84, 0x00, 0x00, 0x00, 0x00, 0x00,
    0x00, 0x00, 0x00, 0xf8, 0xff, 0xff, 0x84, 0x00, 0x00, 0x00, 0x00, 0x00, 0x00, 0x00, 0x00, 0xf8,
    0xff, 0xff, 0x84, 0x00, 0x00, 0x00, 0x00, 0x9b, 0xd4, 0xd4, 0xd4, 0xfe, 0xff, 0xff, 0xea, 0xd4,
    0xd4, 0x5c, 0x00, 0xbc, 0xff, 0xff, 0xff, 0xff, 0xff, 0xff, 0xff, 0xff, 0xff, 0x70, 0x00, 0xbc,
    0xff, 0xff, 0xff, 0xff, 0xff, 0xff, 0xff, 0xff, 0xff, 0x70, 0x00, 0x00, 0x09, 0x6f, 0xc8, 0xeb,
    0xf7, 0xe0, 0x9f, 0x2f, 0x00, 0x00, 0x00, 0x24, 0xd6, 0xff, 0xff, 0xff, 0xff, 0xff, 0xff, 0xfa,
    0x5f, 0x00, 0x02, 0xd4, 0xff, 0xff, 0xfa, 0xcc, 0xdb, 0xff, 0xff, 0xff, 0xfa, 0x21, 0x00, 0x31,
    0xdf, 0xcf, 0x1e, 0x00, 0x00, 0x7a, 0xff, 0xff, 0xff, 0x7b, 0x00, 0x00, 0x13, 0x18, 0x00, 0x00,
    0x00, 0x11, 0xff, 0xff, 0xff, 0x98, 0x00, 0x00, 0x00, 0x00, 0x00, 0x00, 0x00, 0x21, 0xff, 0xff,
    0xff, 0x7f, 0x00, 0x00, 0x00, 0x00, 0x00, 0x00, 0x00, 0x81, 0xff, 0xff, 0xff, 0x33, 0x00, 0x00,
    0x00, 0x00, 0x00, 0x00, 0x2a, 0xf6, 0xff, 0xff, 0xb3, 0x00, 0x00, 0x00, 0x00, 0x00, 0x00, 0x12,
    0xd9, 0xff, 0xff, 0xe9, 0x1b, 0x00, 0x00, 0x00, 0x00, 0x00, 0x0c, 0xc7, 0xff, 0xff, 0xf5, 0x39,
    0x00, 0x00, 0x00, 0x00, 0x00, 0x09, 0xbe, 0xff, 0xff, 0xf6, 0x45, 0x00, 0x00, 0x00, 0x00, 0x00,
    0x0a, 0xbd, 0xff, 0xff, 0xf3, 0x41, 0x00, 0x00, 0x00, 0x00, 0x00, 0x0c, 0xc0, 0xff, 0xff, 0xea,
    0x34, 0x00, 0x00, 0x00, 0x00, 0x00, 0x00, 0xaf, 0xff, 0xff, 0xff, 0xdb, 0xc0, 0xc0, 0xc0, 0xc0,
    0xc0, 0xb2, 0x00, 0xcc, 0xff, 0xff, 0xff, 0xff, 0xff, 0xff, 0xff, 0xff, 0xff, 0xce, 0x00, 0xcc,
    0xff, 0xff, 0xff, 0xff, 0xff, 0xff, 0xff, 0xff, 0xff, 0xaa, 0x00, 0x00, 0x1a, 0x86, 0xd0, 0xf0,
    0xf7, 0xe0, 0xa2, 0x36, 0x00, 0x00, 0x00, 0x63, 0xf5, 0xff, 0xff, 0xff, 0xff, 0xff, 0xff, 0xfe,
    0x70, 0x00, 0x09, 0xcb, 0xff, 0xff, 0xea, 0xc7, 0xdb, 0xff, 0xff, 0xff, 0xfc, 0x28, 0x00, 0x0c,
    0xa8, 0x5e, 0x01, 0x00, 0x00, 0x5d, 0xff, 0xff, 0xff, 0x6a, 0x00, 0x00, 0x00, 0x00, 0x00, 0x00,
    0x00, 0x0d, 0xff, 0xff, 0xff, 0x58, 0x00, 0x00, 0x00, 0x00, 0x00, 0x01, 0x1e, 0x9d, 0xff, 0xff,
    0xe5, 0x0f, 0x00, 0x00, 0x00, 0x00, 0x6f, 0xff, 0xff, 0xff, 0xff, 0xcd, 0x2a, 0x00, 0x00, 0x00,
    0x00, 0x00, 0x95, 0xff, 0xff, 0xff, 0xd3, 0x5a, 0x04, 0x00, 0x00, 0x00, 0x00, 0x00, 0x88, 0xc1,
    0xdc, 0xff, 0xff, 0xff, 0xd1, 0x1b, 0x00, 0x00, 0x00, 0x00, 0x00, 0x00, 0x00, 0x4b, 0xfc, 0xff,
    0xff, 0xa3, 0x00, 0x00, 0x00, 0x00, 0x00, 0x00, 0x00, 0x00, 0xca, 0xff, 0xff, 0xe4, 0x00, 0x00,
    0x09, 0x00, 0x00, 0x00, 0x00, 0x00, 0xcb, 0xff, 0xff, 0xe7, 0x00, 0x5a, 0xea, 0x55, 0x01, 0x00,
    0x00, 0x5d, 0xfe, 0xff, 0xff, 0xb7, 0x4d, 0xfe, 0xff, 0xff, 0xea, 0xc7, 0xe0, 0xff, 0xff, 0xff,
    0xfd, 0x41, 0x05, 0x9c, 0xff, 0xff, 0xff, 0xff, 0xff, 0xff, 0xff, 0xf9, 0x66, 0x00, 0x00, 0x00,
    0x3b, 0x9e, 0xdd, 0xf6, 0xf2, 0xd7, 0x91, 0x27, 0x00, 0x00, 0x00, 0x00, 0x00, 0x00, 0x67, 0x2e,
    0x00, 0x00, 0x00, 0x00, 0x00, 0x00, 0x00, 0x00, 0x00, 0x1d, 0xfd, 0xff, 0xcd, 0x28, 0x00, 0x00,
    0x00, 0x00, 0x00, 0x00, 0x00, 0x80, 0xff, 0xff, 0xf3, 0x0c, 0x00, 0x00, 0x00, 0x00, 0x00, 0x00,
    0x02, 0xe2, 0xff, 0xff, 0x9b, 0x00, 0x00, 0x00, 0x00, 0x00, 0x00, 0x00, 0x4b, 0xff, 0xff, 0xff,
    0x37, 0x00, 0x00, 0x00, 0x00, 0x00, 0x00, 0x00, 0xb1, 0xff, 0xff, 0xd3, 0x00, 0x00, 0x00, 0x00,
    0x00, 0x00, 0x00, 0x1a, 0xfc, 0xff, 0xff, 0x70, 0x00, 0x00, 0x00, 0x00, 0x00, 0x00, 0x00, 0x7c,
    0xff, 0xff, 0xf9, 0x13, 0x26, 0xff, 0xff, 0xec, 0x00, 0x00, 0x01, 0xdf, 0xff, 0xff, 0xa9, 0x00,
    0x41, 0xff, 0xff, 0xec, 0x00, 0x00, 0x47, 0xff, 0xff, 0xff, 0x45, 0x00, 0x5c, 0xff, 0xff, 0xec,
    0x00, 0x00, 0xac, 0xff, 0xff, 0xdf, 0x01, 0x00, 0x77, 0xff, 0xff, 0xec, 0x00, 0x00, 0xfa, 0xff,
    0xff, 0xff, 0xff, 0xff, 0xff, 0xff, 0xff, 0xff, 0xff, 0x7c, 0xff, 0xff, 0xff, 0xff, 0xff, 0xff,
    0xff, 0xff, 0xff, 0xff, 0xff, 0x7c, 0xc0, 0xc0, 0xc0, 0xc0, 0xc0, 0xc0, 0xe1, 0xff, 0xff, 0xfb,
    0xc0, 0x5d, 0x00, 0x00, 0x00, 0x00, 0x00, 0x00, 0x83, 0xff, 0xff, 0xec, 0x00, 0x00, 0x00, 0x00,
    0x00, 0x00, 0x00, 0x00, 0x82, 0xff, 0xff, 0xec, 0x00, 0x00, 0x00, 0x00, 0x00, 0x00, 0x00, 0x00,
    0x81, 0xff, 0xff, 0xec, 0x00, 0x00, 0x00, 0x00, 0xe8, 0xff, 0xff, 0xff, 0xff, 0xff, 0xff, 0xff,
    0xff, 0x8c, 0x00, 0x00, 0x00, 0xe8, 0xff, 0xff, 0xff, 0xff, 0xff, 0xff, 0xff, 0xff, 0x67, 0x00,
    0x00, 0x00, 0xe8, 0xff, 0xff, 0xe0, 0xc0, 0xc0, 0xc0, 0xc0, 0xc0, 0x34, 0x00, 0x00, 0x00, 0xe8,
    0xff, 0xff, 0x80, 0x00, 0x00, 0x00, 0x00, 0x00, 0x00, 0x00, 0x00, 0x00, 0xe8, 0xff, 0xff, 0x80,
    0x00, 0x00, 0x00, 0x00, 0x00, 0x00, 0x00, 0x00, 0x00, 0xe8, 0xff, 0xff, 0x88, 0x49, 0x6e, 0x60,
    0x1a, 0x00, 0x00, 0x00, 0x00, 0x00, 0xe8, 0xff, 0xff, 0xff, 0xff, 0xff, 0xff, 0xfa, 0x77, 0x00,
    0x00, 0x00, 0x00, 0xe8, 0xff, 0xff, 0xfc, 0xee, 0xff, 0xff, 0xff, 0xff, 0x5a, 0x00, 0x00, 0x00,
    0x5e, 0x68, 0x5b, 0x0d, 0x00, 0x38, 0xf5, 0xff, 0xff, 0xd6, 0x00, 0x00, 0x00, 0x00, 0x00, 0x00,
    0x00, 0x00, 0x00, 0x9c, 0xff, 0xff, 0xff, 0x18, 0x00, 0x00, 0x00, 0x00, 0x00, 0x00, 0x00, 0x00,
    0x81, 0xff, 0xff, 0xff, 0x2c, 0x00, 0x00, 0x0f, 0x05, 0x00, 0x00, 0x00, 0x00, 0xb0, 0xff, 0xff,
    0xff, 0x13, 0x00, 0x1c, 0xd3, 0xb7, 0x1f, 0x00, 0x01, 0x6b, 0xff, 0xff, 0xff, 0xcc, 0x00, 0x03,
    0xd6, 0xff, 0xff, 0xfe, 0xe1, 0xf4, 0xff, 0xff, 0xff, 0xfd, 0x47, 0x00, 0x00, 0x3e, 0xe9, 0xff,
    0xff, 0xff, 0xff, 0xff, 0xff, 0xf8, 0x65, 0x00, 0x00, 0x00, 0x00, 0x13, 0x80, 0xd0, 0xf2, 0xf4,
    0xd9, 0x93, 0x29, 0x00, 0x00, 0x00, 0x00, 0x00, 0x00, 0x16, 0x8b, 0xd7, 0xf8, 0xf4, 0xc5, 0x54,
    0x00, 0x00, 0x00, 0x00, 0x31, 0xeb, 0xff, 0xff, 0xff, 0xff, 0xff, 0xec, 0x15, 0x00, 0x00, 0x21,
    0xee, 0xff, 0xff, 0xfc, 0xd4, 0xca, 0xf2, 0x57, 0x00, 0x00, 0x00, 0xac, 0xff, 0xff, 0xd7, 0x28,
    0x00, 0x00, 0x03, 0x00, 0x00, 0x00, 0x26, 0xff, 0xff, 0xff, 0x3a, 0x5e, 0xab, 0xb1, 0x78, 0x0f,
    0x00, 0x00, 0x71, 0xff, 0xff, 0xf5, 0xbf, 0xff, 0xff, 0xff, 0xff, 0xda, 0x1c, 0x00, 0xad, 0xff,
    0xff, 0xff, 0xff, 0xff, 0xff, 0xff, 0xff, 0xff, 0xb4, 0x00, 0xc6, 0xff, 0xff, 0xff, 0xa7, 0x21,
    0x15, 0xbb, 0xff, 0xff, 0xff, 0x20, 0xda, 0xff, 0xff, 0xe2, 0x01, 0x00, 0x00, 0x3b, 0xff, 0xff,
    0xff, 0x5f, 0xd5, 0xff, 0xff, 0xe4, 0x00, 0x00, 0x00, 0x17, 0xff, 0xff, 0xff, 0x77, 0xbb, 0xff,
    0xff, 0xfa, 0x03, 0x00, 0x00, 0x19, 0xff, 0xff, 0xff, 0x6d, 0x88, 0xff, 0xff, 0xff, 0x2e, 0x00,
    0x00, 0x40, 0xff, 0xff, 0xff, 0x4a, 0x34, 0xff, 0xff, 0xff, 0x9e, 0x00, 0x01, 0xb1, 0xff, 0xff,
    0xf0, 0x07, 0x00, 0xb4, 0xff, 0xff, 0xff, 0xd9, 0xe1, 0xff, 0xff, 0xff, 0x74, 0x00, 0x00, 0x14,
    0xd4, 0xff, 0xff, 0xff, 0xff, 0xff, 0xff, 0xa2, 0x03, 0x00, 0x00, 0x00, 0x09, 0x7c, 0xd2, 0xf4,
    0xee, 0xc3, 0x59, 0x00, 0x00, 0x00, 0x78, 0xff, 0xff, 0xff, 0xff, 0xff, 0xff, 0xff, 0xff, 0xff,
    0xff, 0x04, 0x78, 0xff, 0xff, 0xff, 0xff, 0xff, 0xff, 0xff, 0xff, 0xff, 0xff, 0x04, 0x5a, 0xc0,
    0xc0, 0xc0, 0xc0, 0xc0, 0xc0, 0xe9, 0xff, 0xff, 0xf3, 0x02, 0x00, 0x00, 0x00, 0x00, 0x00, 0x00,
    0x07, 0xe7, 0xff, 0xff, 0x94, 0x00, 0x00, 0x00, 0x00, 0x00, 0x00, 0x00, 0x63, 0xff, 0xff, 0xfe,
    0x28, 0x00, 0x00, 0x00, 0x00, 0x00, 0x00, 0x01, 0xd5, 0xff, 0xff, 0xb9, 0x00, 0x00, 0x00, 0x00,
    0x00, 0x00, 0x00, 0x4b, 0xff, 0xff, 0xff, 0x4c, 0x00, 0x00, 0x00, 0x00, 0x00, 0x00, 0x00, 0xbf,
    0xff, 0xff, 0xdc, 0x02, 0x00, 0x00, 0x00, 0x00, 0x00, 0x00, 0x32, 0xff, 0xff, 0xff, 0x71, 0x00,
    0x00, 0x00, 0x00, 0x00, 0x00, 0x00, 0xa7, 0xff, 0xff, 0xf4, 0x10, 0x00, 0x00, 0x00, 0x00, 0x00,
    0x00, 0x1e, 0xfb, 0xff, 0xff, 0x96, 0x00, 0x00, 0x00, 0x00, 0x00, 0x00, 0x00, 0x8e, 0xff, 0xff,
    0xff, 0x2a, 0x00, 0x00, 0x00, 0x00, 0x00, 0x00, 0x0f, 0xf2, 0xff, 0xff, 0xbc, 0x00, 0x00, 0x00,
    0x00, 0x00, 0x00, 0x00, 0x76, 0xff, 0xff, 0xff, 0x4e, 0x00, 0x00, 0x00, 0x00, 0x00, 0x00, 0x05,
    0xe4, 0xff, 0xff, 0xde, 0x02, 0x00, 0x00, 0x00, 0x00, 0x00, 0x00, 0x34, 0xe7, 0xff, 0xff, 0x73,
    0x00, 0x00, 0x00, 0x00, 0x00, 0x00, 0x00, 0x00, 0x01, 0x39, 0x87, 0x11, 0x00, 0x00, 0x00, 0x00,
    0x00, 0x00, 0x00, 0x00, 0x00, 0x25, 0x99, 0xdd, 0xf7, 0xf0, 0xc9, 0x74, 0x08, 0x00, 0x00, 0x00,
    0x00, 0x4e, 0xf9, 0xff, 0xff, 0xff, 0xff, 0xff, 0xff, 0xd2, 0x13, 0x00, 0x00, 0x10, 0xf0, 0xff,
    0xff, 0xfc, 0xcc, 0xe4, 0xff, 0xff, 0xff, 0x98, 0x00, 0x00, 0x55, 0xff, 0xff, 0xff, 0x45, 0x00,
    0x05, 0xbc, 0xff, 0xff, 0xe2, 0x00, 0x00, 0x66, 0xff, 0xff, 0xfe, 0x04, 0x00, 0x00, 0x75, 0xff,
    0xff, 0xe7, 0x00, 0x00, 0x3b, 0xff, 0xff, 0xff, 0x61, 0x00, 0x00, 0xb0, 0xff, 0xff, 0x9b, 0x00,
    0x00, 0x00, 0xb2, 0xff, 0xff, 0xff, 0xb0, 0x9d, 0xff, 0xff, 0xc3, 0x0e, 0x00, 0x00, 0x00, 0x07,
    0xa1, 0xff, 0xff, 0xff, 0xff, 0xff, 0xde, 0x14, 0x00, 0x00, 0x00, 0x00, 0x59, 0xec, 0xff, 0xf5,
    0xe4, 0xff, 0xff, 0xff, 0xe8, 0x30, 0x00, 0x00, 0x51, 0xfe, 0xff, 0xf8, 0x35, 0x02, 0x4f, 0xde,
    0xff, 0xff, 0xe8, 0x0c, 0x00, 0xd6, 0xff, 0xff, 0xa7, 0x00, 0x00, 0x00, 0x2b, 0xff, 0xff, 0xff,
    0x65, 0x03, 0xfd, 0xff, 0xff, 0x95, 0x00, 0x00, 0x00, 0x08, 0xff, 0xff, 0xff, 0x8a, 0x00, 0xe9,
    0xff, 0xff, 0xe7, 0x1e, 0x00, 0x00, 0x71, 0xff, 0xff, 0xff, 0x6b, 0x00, 0x86, 0xff, 0xff, 0xff,
    0xf7, 0xcb, 0xdb, 0xff, 0xff, 0xff, 0xef, 0x12, 0x00, 0x06, 0xb5, 0xff, 0xff, 0xff, 0xff, 0xff,
    0xff, 0xff, 0xee, 0x3f, 0x00, 0x00, 0x00, 0x00, 0x58, 0xb4, 0xe6, 0xf9, 0xef, 0xd0, 0x85, 0x17,
    0x00, 0x00, 0x00, 0x00, 0x00, 0x1e, 0x8f, 0xdb, 0xf7, 0xe6, 0xbb, 0x52, 0x00, 0x00, 0x00, 0x00,
    0x00, 0x44, 0xef, 0xff, 0xff, 0xff, 0xff, 0xff, 0xff, 0x9c, 0x02, 0x00, 0x00, 0x1e, 0xef, 0xff,
    0xff, 0xfa, 0xcd, 0xe9, 0xff, 0xff, 0xff, 0x67, 0x00, 0x00, 0x8f, 0xff, 0xff, 0xfb, 0x36, 0x00,
    0x09, 0xd1, 0xff, 0xff, 0xe5, 0x01, 0x00, 0xdc, 0xff, 0xff, 0xb6, 0x00, 0x00, 0x00, 0x76, 0xff,
    0xff, 0xff, 0x34, 0x00, 0xf9, 0xff, 0xff, 0x97, 0x00, 0x00, 0x00, 0x51, 0xff, 0xff, 0xff, 0x58,
    0x00, 0xf3, 0xff, 0xff, 0xa9, 0x00, 0x00, 0x00, 0x42, 0xff, 0xff, 0xff, 0x6b, 0x00, 0xc7, 0xff,
    0xff, 0xf2, 0x22, 0x00, 0x05, 0x8d, 0xff, 0xff, 0xff, 0x64, 0x00, 0x68, 0xff, 0xff, 0xff, 0xf6,
    0xcc, 0xee, 0xff, 0xff, 0xff, 0xff, 0x4c, 0x00, 0x02, 0xbb, 0xff, 0xff, 0xff, 0xff, 0xff, 0xef,
    0xff, 0xff, 0xff, 0x24, 0x00, 0x00, 0x06, 0x80, 0xde, 0xf9, 0xd7, 0x6d, 0xbf, 0xff, 0xff, 0xe3,
    0x00, 0x00, 0x00, 0x00, 0x00, 0x00, 0x00, 0x00, 0x4c, 0xff, 0xff, 0xff, 0x86, 0x00, 0x00, 0x00,
    0x00, 0x00, 0x00, 0x00, 0x3f, 0xf0, 0xff, 0xff, 0xef, 0x14, 0x00, 0x00, 0x00, 0x00, 0x00, 0x15,
    0x8e, 0xfc, 0xff, 0xff, 0xfd, 0x51, 0x00, 0x00, 0x00, 0x00, 0x4a, 0xa7, 0xf8, 0xff, 0xff, 0xff,
    0xf8, 0x5c, 0x00, 0x00, 0x00, 0x00, 0x00, 0xa0, 0xff, 0xff, 0xff, 0xff, 0xc3, 0x2f, 0x00, 0x00,
    0x00, 0x00, 0x00, 0x00, 0x58, 0xff, 0xf1, 0xa3, 0x3f, 0x00, 0x00, 0x00, 0x00, 0x00, 0x00, 0x00,
    0x00, 0x0e, 0x3b, 0x05, 0x00, 0x00, 0x00, 0x00, 0x00, 0x00, 0x00, 0x00, 0x00, 0x87, 0xf3, 0xd2,
    0x33, 0x00, 0x5e, 0xff, 0xff, 0xff, 0xde, 0x00, 0x92, 0xff, 0xff, 0xff, 0xff, 0x14, 0x5c, 0xff,
    0xff, 0xff, 0xdf, 0x00, 0x01, 0x8e, 0xef, 0xd3, 0x35, 0x00, 0x00, 0x00, 0x00, 0x00, 0x00, 0x00,
    0x00, 0x00, 0x00, 0x00, 0x00, 0x00, 0x00, 0x00, 0x00, 0x00, 0x00, 0x00, 0x01, 0x8e, 0xef, 0xd3,
    0x35, 0x00, 0x5e, 0xff, 0xff, 0xff, 0xe0, 0x01, 0x90, 0xff, 0xff, 0xff, 0xff, 0x14, 0x5a, 0xff,
    0xff, 0xff, 0xdd, 0x00, 0x01, 0x8c, 0xef, 0xd2, 0x33, 0x00, 0x00, 0x87, 0xf3, 0xd2, 0x33, 0x00,
    0x5e, 0xff, 0xff, 0xff, 0xde, 0x00, 0x92, 0xff, 0xff, 0xff, 0xff, 0x14, 0x5c, 0xff, 0xff, 0xff,
    0xdf, 0x00, 0x01, 0x8e, 0xef, 0xd3, 0x35, 0x00, 0x00, 0x00, 0x00, 0x00, 0x00, 0x00, 0x00, 0x00,
    0x00, 0x00, 0x00, 0x00, 0x00, 0x00, 0x00, 0x00, 0x00, 0x00, 0x03, 0x96, 0xf0, 0xd6, 0x3c, 0x00,
    0x65, 0xff, 0xff, 0xff, 0xe7, 0x02, 0x93, 0xff, 0xff, 0xff, 0xff, 0x12, 0x55, 0xff, 0xff, 0xff,
    0xe6, 0x00, 0x00, 0xb6, 0xff, 0xff, 0x8f, 0x00, 0x00, 0xd8, 0xff, 0xfe, 0x26, 0x00, 0x15, 0xff,
    0xff, 0xb5, 0x00, 0x00, 0x51, 0xff, 0xff, 0x46, 0x00, 0x00, 0x8e, 0xff, 0xd6, 0x01, 0x00, 0x00,
    0x00, 0x00, 0x00, 0x00, 0x00, 0x00, 0x00, 0x00, 0x44, 0x80, 0x00, 0x00, 0x00, 0x00, 0x00, 0x00,
    0x00, 0x17, 0xa4, 0xff, 0xfe, 0x3f, 0x00, 0x00, 0x00, 0x00, 0x01, 0x67, 0xef, 0xff, 0xff, 0xff,
    0xba, 0x00, 0x00, 0x00, 0x2e, 0xc7, 0xff, 0xff, 0xff, 0xf6, 0x80, 0x09, 0x00, 0x0b, 0x8b, 0xfb,
    0xff, 0xff, 0xff, 0xab, 0x1f, 0x00, 0x00, 0x35, 0xe1, 0xff, 0xff, 0xff, 0xd2, 0x41, 0x00, 0x00,
    0x00, 0x00, 0x70, 0xff, 0xff, 0xf0, 0x6c, 0x03, 0x00, 0x00, 0x00, 0x00, 0x00, 0x70, 0xff, 0xff,
    0xfc, 0x96, 0x14, 0x00, 0x00, 0x00, 0x00, 0x00, 0x24, 0xc4, 0xff, 0xff, 0xff, 0xef, 0x71, 0x05,
    0x00, 0x00, 0x00, 0x00, 0x01, 0x64, 0xed, 0xff, 0xff, 0xff, 0xd9, 0x4c, 0x00, 0x00, 0x00, 0x00,
    0x00, 0x15, 0xa3, 0xff, 0xff, 0xff, 0xff, 0xba, 0x2b, 0x00, 0x00, 0x00, 0x00, 0x00, 0x42, 0xd9,
    0xff, 0xff, 0xff, 0xb4, 0x00, 0x00, 0x00, 0x00, 0x00, 0x00, 0x07, 0x80, 0xf8, 0xf5, 0x21, 0x00,
    0x00, 0x00, 0x00, 0x00, 0x00, 0x00, 0x00, 0x26, 0x54, 0x00, 0x45, 0xc0, 0xc0, 0xc0, 0xc0, 0xc0,
    0xc0, 0xc0, 0xc0, 0xc0, 0xab, 0x5c, 0xff, 0xff, 0xff, 0xff, 0xff, 0xff, 0xff, 0xff, 0xff, 0xe4,
    0x5c, 0xff, 0xff, 0xff, 0xff, 0xff, 0xff, 0xff, 0xff, 0xff, 0xe4, 0x00, 0x00, 0x00, 0x00, 0x00,
    0x00, 0x00, 0x00, 0x00, 0x00, 0x00, 0x00, 0x00, 0x00, 0x00, 0x00, 0x00, 0x00, 0x00, 0x00, 0x00,
    0x00, 0x45, 0xc0, 0xc0, 0xc0, 0xc0, 0xc0, 0xc0, 0xc0, 0xc0, 0xc0, 0xab, 0x5c, 0xff, 0xff, 0xff,
    0xff, 0xff, 0xff, 0xff, 0xff, 0xff, 0xe4, 0x5c, 0xff, 0xff, 0xff, 0xff, 0xff, 0xff, 0xff, 0xff,
    0xff, 0xe4, 0x00, 0x1c, 0x94, 0x11, 0x00, 0x00, 0x00, 0x00, 0x00, 0x00, 0x00, 0x00, 0xae, 0xff,
    0xea, 0x5d, 0x00, 0x00, 0x00, 0x00, 0x00, 0x00, 0x35, 0xff, 0xff, 0xff, 0xff, 0xbe, 0x27, 0x00,
    0x00, 0x00, 0x00, 0x00, 0x45, 0xd3, 0xff, 0xff, 0xff, 0xf9, 0x81, 0x07, 0x00, 0x00, 0x00, 0x00,
    0x03, 0x69, 0xeb, 0xff, 0xff, 0xff, 0xdb, 0x45, 0x00, 0x00, 0x00, 0x00, 0x00, 0x0f, 0x8d, 0xf9,
    0xff, 0xff, 0xff, 0xa3, 0x00, 0x00, 0x00, 0x00, 0x00, 0x00, 0x24, 0xb3, 0xff, 0xff, 0xf8, 0x00,
    0x00, 0x00, 0x00, 0x00, 0x00, 0x41, 0xd3, 0xff, 0xff, 0xf8, 0x00, 0x00, 0x00, 0x00, 0x1f, 0xab,
    0xff, 0xff, 0xff, 0xf7, 0x79, 0x00, 0x00, 0x09, 0x7f, 0xf6, 0xff, 0xff, 0xff, 0xb9, 0x23, 0x00,
    0x00, 0x54, 0xe0, 0xff, 0xff, 0xff, 0xe8, 0x59, 0x00, 0x00, 0x00, 0x33, 0xfe, 0xff, 0xff, 0xfe,
    0x98, 0x10, 0x00, 0x00, 0x00, 0x00, 0x00, 0x96, 0xff, 0xd2, 0x39, 0x00, 0x00, 0x00, 0x00, 0x00,
    0x00, 0x00, 0x0c, 0x6c, 0x04, 0x00, 0x00, 0x00, 0x00, 0x00, 0x00, 0x00, 0x00, 0x00, 0x4b, 0xab,
    0xe2, 0xf9, 0xee, 0xca, 0x77, 0x0a, 0x00, 0x0d, 0xb3, 0xff, 0xff, 0xff, 0xff, 0xff, 0xff, 0xff,
    0xd7, 0x15, 0x68, 0xff, 0xff, 0xff, 0xe1, 0xc7, 0xf4, 0xff, 0xff, 0xff, 0x98, 0x00, 0x52, 0xdf,
    0x4b, 0x00, 0x00, 0x19, 0xf3, 0xff, 0xff, 0xd4, 0x00, 0x00, 0x02, 0x00, 0x00, 0x00, 0x0f, 0xf1,
    0xff, 0xff, 0xc2, 0x00, 0x00, 0x00, 0x00, 0x00, 0x2c, 0xd6, 0xff, 0xff, 0xfe, 0x53, 0x00, 0x00,
    0x00, 0x00, 0x58, 0xf6, 0xff, 0xff, 0xf9, 0x67, 0x00, 0x00, 0x00, 0x00, 0x24, 0xf9, 0xff, 0xff,
    0xe0, 0x31, 0x00, 0x00, 0x00, 0x00, 0x00, 0x78, 0xff, 0xff, 0xee, 0x18, 0x00, 0x00, 0x00, 0x00,
    0x00, 0x00, 0x91, 0xff, 0xff, 0xb5, 0x00, 0x00, 0x00, 0x00, 0x00, 0x00, 0x00, 0x00, 0x00, 0x00,
    0x00, 0x00, 0x00, 0x00, 0x00, 0x00, 0x00, 0x00, 0x00, 0x00, 0x00, 0x00, 0x00, 0x00, 0x00, 0x00,
    0x00, 0x00, 0x00, 0x3e, 0xdd, 0xea, 0x5e, 0x00, 0x00, 0x00, 0x00, 0x00, 0x00, 0x00, 0xd4, 0xff,
    0xff, 0xf9, 0x0c, 0x00, 0x00, 0x00, 0x00, 0x00, 0x00, 0xd4, 0xff, 0xff, 0xf9, 0x0c, 0x00, 0x00,
    0x00, 0x00, 0x00, 0x00, 0x3e, 0xde, 0xea, 0x5e, 0x00, 0x00, 0x00, 0x00, 0x00, 0x00, 0x00, 0x07,
    0x61, 0xb9, 0xe4, 0xfa, 0xed, 0xc1, 0x6a, 0x05, 0x00, 0x00, 0x00, 0x00, 0x00, 0x3c, 0xd8, 0xff,
    0xff, 0xff, 0xff, 0xff, 0xff, 0xff, 0xcd, 0x15, 0x00, 0x00, 0x00, 0x59, 0xf9, 0xff, 0xff, 0xf9,
    0xd2, 0xca, 0xeb, 0xff, 0xff, 0xff, 0xc2, 0x02, 0x00, 0x00, 0xaf, 0xff, 0xdd, 0x61, 0x0b, 0x00,
    0x00, 0x00, 0x52, 0xed, 0xff, 0xff, 0x57, 0x00, 0x00, 0x09, 0x79, 0x0b, 0x00, 0x00, 0x00, 0x00,
    0x00, 0x00, 0x4d, 0xff, 0xff, 0xbc, 0x00, 0x00, 0x00, 0x00, 0x00, 0x00, 0x00, 0x00, 0x00, 0x00,
    0x00, 0x00, 0xd8, 0xff, 0xf7, 0x04, 0x00, 0x00, 0x00, 0x0f, 0x76, 0xaf, 0xb7, 0x90, 0x40, 0x00,
    0x00, 0x8f, 0xff, 0xff, 0x2e, 0x00, 0x00, 0x1b, 0xdf, 0xff, 0xff, 0xff, 0xff, 0xff, 0xbb, 0x00,
    0x68, 0xff, 0xff, 0x57, 0x00, 0x00, 0xb4, 0xff, 0xff, 0xff, 0xff, 0xff, 0xff, 0xf0, 0x00, 0x4c,
    0xff, 0xff, 0x67, 0x00, 0x22, 0xff, 0xff, 0xf7, 0x3a, 0x24, 0xff, 0xff, 0xf0, 0x00, 0x42, 0xff,
    0xff, 0x76, 0x00, 0x68, 0xff, 0xff, 0xb7, 0x00, 0x10, 0xff, 0xff, 0xf0, 0x00, 0x39, 0xff, 0xff,
    0x7d, 0x00, 0x91, 0xff, 0xff, 0x98, 0x00, 0x10, 0xff, 0xff, 0xf0, 0x00, 0x3a, 0xff, 0xff, 0x76,
    0x00, 0xa2, 0xff, 0xff, 0x8d, 0x00, 0x10, 0xff, 0xff, 0xf0, 0x00, 0x3c, 0xff, 0xff, 0x70, 0x00,
    0xa1, 0xff, 0xff, 0x91, 0x00, 0x10, 0xff, 0xff, 0xf0, 0x00, 0x43, 0xff, 0xff, 0x61, 0x00, 0x8e,
    0xff, 0xff, 0xa2, 0x00, 0x1c, 0xff, 0xff, 0xf0, 0x00, 0x4d, 0xff, 0xff, 0x4a, 0x00, 0x61, 0xff,
    0xff, 0xe0, 0x15, 0x82, 0xff, 0xff, 0xfa, 0x01, 0x62, 0xff, 0xff, 0x2e, 0x00, 0x17, 0xfa, 0xff,
    0xff, 0xff, 0xff, 0xed, 0xb9, 0xff, 0x40, 0xa4, 0xff, 0xf8, 0x07, 0x00, 0x00, 0x85, 0xff, 0xff,
    0xff, 0xff, 0x5f, 0x74, 0xff, 0xff, 0xff, 0xff, 0xb6, 0x00, 0x00, 0x00, 0x01, 0x60, 0xad, 0xaa,
    0x4b, 0x00, 0x1b, 0xf2, 0xff, 0xff, 0xfc, 0x3d, 0x00, 0x00, 0x00, 0x00, 0x00, 0x00, 0x00, 0x00,
    0x00, 0x00, 0x37, 0xac, 0xad, 0x47, 0x00, 0x00, 0x00, 0x00, 0x00, 0x00, 0x00, 0x9f, 0xff, 0xff,
    0xff, 0xff, 0x2d, 0x00, 0x00, 0x00, 0x00, 0x00, 0x00, 0x00, 0x00, 0x01, 0xe8, 0xff, 0xff, 0xff,
    0xff, 0x7a, 0x00, 0x00, 0x00, 0x00, 0x00, 0x00, 0x00, 0x00, 0x38, 0xff, 0xff, 0xfe, 0xff, 0xff,
    0xc6, 0x00, 0x00, 0x00, 0x00, 0x00, 0x00, 0x00, 0x00, 0x84, 0xff, 0xff, 0xb2, 0xff, 0xff, 0xfd,
    0x15, 0x00, 0x00, 0x00, 0x00, 0x00, 0x00, 0x00, 0xd1, 0xff, 0xff, 0x54, 0xe4, 0xff, 0xff, 0x5f,
    0x00, 0x00, 0x00, 0x00, 0x00, 0x00, 0x1d, 0xff, 0xff, 0xff, 0x18, 0xa7, 0xff, 0xff, 0xac, 0x00,
    0x00, 0x00, 0x00, 0x00, 0x00, 0x6a, 0xff, 0xff, 0xdb, 0x00, 0x6a, 0xff, 0xff, 0xf2, 0x06, 0x00,
    0x00, 0x00, 0x00, 0x00, 0xb6, 0xff, 0xff, 0x9e, 0x00, 0x2d, 0xff, 0xff, 0xff, 0x45, 0x00, 0x00,
    0x00, 0x00, 0x0a, 0xf7, 0xff, 0xff, 0x62, 0x00, 0x01, 0xee, 0xff, 0xff, 0x91, 0x00, 0x00, 0x00,
    0x00, 0x4f, 0xff, 0xff, 0xff, 0x26, 0x00, 0x00, 0xb3, 0xff, 0xff, 0xde, 0x00, 0x00, 0x00, 0x00,
    0x9c, 0xff, 0xff, 0xff, 0xff, 0xff, 0xff, 0xff, 0xff, 0xff, 0xff, 0x2a, 0x00, 0x00, 0x01, 0xe6,
    0xff, 0xff, 0xff, 0xff, 0xff, 0xff, 0xff, 0xff, 0xff, 0xff, 0x77, 0x00, 0x00, 0x35, 0xff, 0xff,
    0xff, 0xe6, 0xd4, 0xd4, 0xd4, 0xd4, 0xfd, 0xff, 0xff, 0xc3, 0x00, 0x00, 0x81, 0xff, 0xff, 0xff,
    0x43, 0x00, 0x00, 0x00, 0x00, 0xcc, 0xff, 0xff, 0xfc, 0x13, 0x00, 0xce, 0xff, 0xff, 0xf8, 0x09,
    0x00, 0x00, 0x00, 0x00, 0x8b, 0xff, 0xff, 0xff, 0x5c, 0x1a, 0xff, 0xff, 0xff, 0xc0, 0x00, 0x00,
    0x00, 0x00, 0x00, 0x49, 0xff, 0xff, 0xff, 0xa9, 0xbc, 0xff, 0xff, 0xff, 0xff, 0xfb, 0xeb, 0xc5,
    0x83, 0x1d, 0x00, 0x00, 0xbc, 0xff, 0xff, 0xff, 0xff, 0xff, 0xff, 0xff, 0xff, 0xf1, 0x43, 0x00,
    0xbc, 0xff, 0xff, 0xfe, 0xc0, 0xc9, 0xf0, 0xff, 0xff, 0xff, 0xe3, 0x02, 0xbc, 0xff, 0xff, 0xf8,
    0x00, 0x00, 0x09, 0xc9, 0xff, 0xff, 0xff, 0x22, 0xbc, 0xff, 0xff, 0xf8, 0x00, 0x00, 0x00, 0x91,
    0xff, 0xff, 0xff, 0x1b, 0xbc, 0xff, 0xff, 0xf8, 0x00, 0x07, 0x37, 0xe4, 0xff, 0xff, 0xc4, 0x00,
    0xbc, 0xff, 0xff, 0xff, 0xff, 0xff, 0xff, 0xff, 0xff, 0xc0, 0x1b, 0x00, 0xbc, 0xff, 0xff, 0xff,
    0xff, 0xff, 0xff, 0xff, 0xdc, 0x60, 0x04, 0x00, 0xbc, 0xff, 0xff, 0xfe, 0xc0, 0xc4, 0xe7, 0xff,
    0xff, 0xff, 0xc9, 0x0d, 0xbc, 0xff, 0xff, 0xf8, 0x00, 0x00, 0x02, 0x7f, 0xff, 0xff, 0xff, 0x8b,
    0xbc, 0xff, 0xff, 0xf8, 0x00, 0x00, 0x00, 0x07, 0xfc, 0xff, 0xff, 0xcf, 0xbc, 0xff, 0xff, 0xf8,
    0x00, 0x00, 0x00, 0x02, 0xf8, 0xff, 0xff, 0xda, 0xbc, 0xff, 0xff, 0xf8, 0x00, 0x00, 0x00, 0x71,
    0xff, 0xff, 0xff, 0xb7, 0xbc, 0xff, 0xff, 0xfe, 0xc0, 0xc6, 0xe6, 0xff, 0xff, 0xff, 0xff, 0x56,
    0xbc, 0xff, 0xff, 0xff, 0xff, 0xff, 0xff, 0xff, 0xff, 0xff, 0x8e, 0x00, 0xbc, 0xff, 0xff, 0xff,
    0xff, 0xfc, 0xe8, 0xd0, 0x9c, 0x39, 0x00, 0x00, 0x00, 0x00, 0x00, 0x00, 0x1f, 0x84, 0xcf, 0xee,
    0xf7, 0xe1, 0xa8, 0x47, 0x00, 0x00, 0x00, 0x00, 0x00, 0x67, 0xf8, 0xff, 0xff, 0xff, 0xff, 0xff,
    0xff, 0xff, 0xb1, 0x02, 0x00, 0x00, 0x6f, 0xff, 0xff, 0xff, 0xff, 0xdb, 0xc8, 0xf0, 0xff, 0xff,
    0x6d, 0x00, 0x00, 0x2a, 0xf8, 0xff, 0xff, 0xef, 0x45, 0x00, 0x00, 0x05, 0x6e, 0x8b, 0x00, 0x00,
    0x00, 0x95, 0xff, 0xff, 0xff, 0x5b, 0x00, 0x00, 0x00, 0x00, 0x00, 0x00, 0x00, 0x00, 0x01, 0xed,
    0xff, 0xff, 0xee, 0x02, 0x00, 0x00, 0x00, 0x00, 0x00, 0x00, 0x00, 0x00, 0x16, 0xff, 0xff, 0xff,
    0xb6, 0x00, 0x00, 0x00, 0x00, 0x00, 0x00, 0x00, 0x00, 0x00, 0x2f, 0xff, 0xff, 0xff, 0xa1, 0x00,
    0x00, 0x00, 0x00, 0x00, 0x00, 0x00, 0x00, 0x00, 0x2f, 0xff, 0xff, 0xff, 0x9d, 0x00, 0x00, 0x00,
    0x00, 0x00, 0x00, 0x00, 0x00, 0x00, 0x17, 0xff, 0xff, 0xff, 0xb2, 0x00, 0x00, 0x00, 0x00, 0x00,
    0x00, 0x00, 0x00, 0x00, 0x02, 0xef, 0xff, 0xff, 0xe4, 0x01, 0x00, 0x00, 0x00, 0x00, 0x00, 0x00,
    0x00, 0x00, 0x00, 0x9e, 0xff, 0xff, 0xff, 0x4c, 0x00, 0x00, 0x00, 0x00, 0x00, 0x04, 0x00, 0x00,
    0x00, 0x36, 0xfc, 0xff, 0xff, 0xeb, 0x3e, 0x00, 0x00, 0x03, 0x61, 0xe3, 0x2a, 0x00, 0x00, 0x00,
    0x83, 0xff, 0xff, 0xff, 0xff, 0xd8, 0xc7, 0xeb, 0xff, 0xff, 0xd9, 0x0f, 0x00, 0x00, 0x01, 0x7c,
    0xfd, 0xff, 0xff, 0xff, 0xff, 0xff, 0xff, 0xfe, 0x99, 0x07, 0x00, 0x00, 0x00, 0x00, 0x2a, 0x90,
    0xd3, 0xf1, 0xf5, 0xdc, 0x9b, 0x34, 0x00, 0x00, 0xd4, 0xff, 0xff, 0xff, 0xfa, 0xe9, 0xc3, 0x83,
    0x25, 0x00, 0x00, 0x00, 0xd4, 0xff, 0xff, 0xff, 0xff, 0xff, 0xff, 0xff, 0xfa, 0x7f, 0x00, 0x00,
    0xd4, 0xff, 0xff, 0xf8, 0xc1, 0xdd, 0xff, 0xff, 0xff, 0xff, 0x7b, 0x00, 0xd4, 0xff, 0xff, 0xe0,
    0x00, 0x00, 0x42, 0xef, 0xff, 0xff, 0xf8, 0x1f, 0xd4, 0xff, 0xff, 0xe0, 0x00, 0x00, 0x00, 0x6f,
    0xff, 0xff, 0xff, 0x7a, 0xd4, 0xff, 0xff, 0xe0, 0x00, 0x00, 0x00, 0x18, 0xff, 0xff, 0xff, 0xbe,
    0xd4, 0xff, 0xff, 0xe0, 0x00, 0x00, 0x00, 0x00, 0xf1, 0xff, 0xff, 0xdd, 0xd4, 0xff, 0xff, 0xe0,
    0x00, 0x00, 0x00, 0x00, 0xe3, 0xff, 0xff, 0xef, 0xd4, 0xff, 0xff, 0xe0, 0x00, 0x00, 0x00, 0x00,
    0xe9, 0xff, 0xff, 0xed, 0xd4, 0xff, 0xff, 0xe0, 0x00, 0x00, 0x00, 0x00, 0xf8, 0xff, 0xff, 0xda,
    0xd4, 0xff, 0xff, 0xe0, 0x00, 0x00, 0x00, 0x27, 0xff, 0xff, 0xff, 0xb5, 0xd4, 0xff, 0xff, 0xe0,
    0x00, 0x00, 0x00, 0x7c, 0xff, 0xff, 0xff, 0x71, 0xd4, 0xff, 0xff, 0xe0, 0x00, 0x00, 0x49, 0xf3,
    0xff, 0xff, 0xf3, 0x15, 0xd4, 0xff, 0xff, 0xf8, 0xc1, 0xde, 0xff, 0xff, 0xff, 0xff, 0x6d, 0x00,
    0xd4, 0xff, 0xff, 0xff, 0xff, 0xff, 0xff, 0xff, 0xf9, 0x75, 0x00, 0x00, 0xd4, 0xff, 0xff, 0xff,
    0xfd, 0xee, 0xc8, 0x86, 0x23, 0x00, 0x00, 0x00, 0xe8, 0xff, 0xff, 0xff, 0xff, 0xff, 0xff, 0xff,
    0xff, 0xff, 0x3e, 0xe8, 0xff, 0xff, 0xff, 0xff, 0xff, 0xff, 0xff, 0xff, 0xff, 0x1d, 0xe8, 0xff,
    0xff, 0xf3, 0xc0, 0xc0, 0xc0, 0xc0, 0xc0, 0xbd, 0x02, 0xe8, 0xff, 0xff, 0xcc, 0x00, 0x00, 0x00,
    0x00, 0x00, 0x00, 0x00, 0xe8, 0xff, 0xff, 0xcc, 0x00, 0x00, 0x00, 0x00, 0x00, 0x00, 0x00, 0xe8,
    0xff, 0xff, 0xcc, 0x00, 0x00, 0x00, 0x00, 0x00, 0x00, 0x00, 0xe8, 0xff, 0xff, 0xf3, 0xc0, 0xc0,
    0xc0, 0xc0, 0xc0, 0x2a, 0x00, 0xe8, 0xff, 0xff, 0xff, 0xff, 0xff, 0xff, 0xff, 0xff, 0x38, 0x00,
    0xe8, 0xff, 0xff, 0xff, 0xff, 0xff, 0xff, 0xff, 0xff, 0x38, 0x00, 0xe8, 0xff, 0xff, 0xcc, 0x00,
    0x00, 0x00, 0x00, 0x00, 0x00, 0x00, 0xe8, 0xff, 0xff, 0xcc, 0x00, 0x00, 0x00, 0x00, 0x00, 0x00,
    0x00, 0xe8, 0xff, 0xff, 0xcc, 0x00, 0x00, 0x00, 0x00, 0x00, 0x00, 0x00, 0xe8, 0xff, 0xff, 0xcc,
    0x00, 0x00, 0x00, 0x00, 0x00, 0x00, 0x00, 0xe8, 0xff, 0xff, 0xf3, 0xc0, 0xc0, 0xc0, 0xc0, 0xc0,
    0xc0, 0x3f, 0xe8, 0xff, 0xff, 0xff, 0xff, 0xff, 0xff, 0xff, 0xff, 0xff, 0x54, 0xe8, 0xff, 0xff,
    0xff, 0xff, 0xff, 0xff, 0xff, 0xff, 0xff, 0x54, 0x90, 0xff, 0xff, 0xff, 0xff, 0xff, 0xff, 0xff,
    0xff, 0xff, 0xa5, 0x90, 0xff, 0xff, 0xff, 0xff, 0xff, 0xff, 0xff, 0xff, 0xff, 0x81, 0x90, 0xff,
    0xff, 0xff, 0xca, 0xc0, 0xc0, 0xc0, 0xc0, 0xc0, 0x49, 0x90, 0xff, 0xff, 0xff, 0x28, 0x00, 0x00,
    0x00, 0x00, 0x00, 0x00, 0x90, 0xff, 0xff, 0xff, 0x28, 0x00, 0x00, 0x00, 0x00, 0x00, 0x00, 0x90,
    0xff, 0xff, 0xff, 0x28, 0x00, 0x00, 0x00, 0x00, 0x00, 0x00, 0x90, 0xff, 0xff, 0xff, 0x28, 0x00,
    0x00, 0x00, 0x00, 0x00, 0x00, 0x90, 0xff, 0xff, 0xff, 0xff, 0xff, 0xff, 0xff, 0xff, 0xa0, 0x00,
    0x90, 0xff, 0xff, 0xff, 0xff, 0xff, 0xff, 0xff, 0xff, 0xa0, 0x00, 0x90, 0xff, 0xff, 0xff, 0xca,
    0xc0, 0xc0, 0xc0, 0xc0, 0x78, 0x00, 0x90, 0xff, 0xff, 0xff, 0x28, 0x00, 0x00, 0x00, 0x00, 0x00,
    0x00, 0x90, 0xff, 0xff, 0xff, 0x28, 0x00, 0x00, 0x00, 0x00, 0x00, 0x00, 0x90, 0xff, 0xff, 0xff,
    0x28, 0x00, 0x00, 0x00, 0x00, 0x00, 0x00, 0x90, 0xff, 0xff, 0xff, 0x28, 0x00, 0x00, 0x00, 0x00,
    0x00, 0x00, 0x90, 0xff, 0xff, 0xff, 0x28, 0x00, 0x00, 0x00, 0x00, 0x00, 0x00, 0x90, 0xff, 0xff,
    0xff, 0x28, 0x00, 0x00, 0x00, 0x00, 0x00, 0x00, 0x00, 0x00, 0x00, 0x00, 0x3c, 0xa1, 0xd8, 0xf6,
    0xef, 0xcc, 0x7c, 0x0f, 0x00, 0x00, 0x00, 0x0a, 0xa0, 0xff, 0xff, 0xff, 0xff, 0xff, 0xff, 0xff,
    0xe9, 0x40, 0x00, 0x01, 0xb5, 0xff, 0xff, 0xff, 0xfa, 0xcf, 0xd8, 0xfc, 0xff, 0xf1, 0x3d, 0x00,
    0x6c, 0xff, 0xff, 0xff, 0xc7, 0x1c, 0x00, 0x00, 0x13, 0x8c, 0x32, 0x00, 0x00, 0xdb, 0xff, 0xff,
    0xf4, 0x19, 0x00, 0x00, 0x00, 0x00, 0x00, 0x00, 0x00, 0x34, 0xff, 0xff, 0xff, 0xa7, 0x00, 0x00,
    0x00, 0x00, 0x00, 0x00, 0x00, 0x00, 0x5a, 0xff, 0xff, 0xff, 0x70, 0x00, 0x00, 0xb6, 0xc0, 0xc0,
    0xc0, 0xc0, 0x9c, 0x73, 0xff, 0xff, 0xff, 0x5c, 0x00, 0x00, 0xd6, 0xff, 0xff, 0xff, 0xff, 0xd0,
    0x78, 0xff, 0xff, 0xff, 0x59, 0x00, 0x00, 0xb5, 0xff, 0xff, 0xff, 0xff, 0xd0, 0x68, 0xff, 0xff,
    0xff, 0x66, 0x00, 0x00, 0x00, 0x00, 0xb0, 0xff, 0xff, 0xd0, 0x41, 0xff, 0xff, 0xff, 0x8b, 0x00,
    0x00, 0x00, 0x00, 0xb0, 0xff, 0xff, 0xd0, 0x0c, 0xf7, 0xff, 0xff, 0xd2, 0x00, 0x00, 0x00, 0x00,
    0xb0, 0xff, 0xff, 0xd0, 0x00, 0xa2, 0xff, 0xff, 0xff, 0x77, 0x01, 0x00, 0x04, 0xbe, 0xff, 0xff,
    0xd0, 0x00, 0x1d, 0xf0, 0xff, 0xff, 0xff, 0xe3, 0xc8, 0xed, 0xff, 0xff, 0xff, 0xd0, 0x00, 0x00,
    0x39, 0xeb, 0xff, 0xff, 0xff, 0xff, 0xff, 0xff, 0xff, 0xfa, 0x82, 0x00, 0x00, 0x00, 0x11, 0x7e,
    0xca, 0xef, 0xfb, 0xeb, 0xc2, 0x7e, 0x1d, 0x00, 0xd4, 0xff, 0xff, 0xe0, 0x00, 0x00, 0x00, 0x54,
    0xff, 0xff, 0xff, 0x5c, 0xd4, 0xff, 0xff, 0xe0, 0x00, 0x00, 0x00, 0x54, 0xff, 0xff, 0xff, 0x5c,
    0xd4, 0xff, 0xff, 0xe0, 0x00, 0x00, 0x00, 0x54, 0xff, 0xff, 0xff, 0x5c, 0xd4, 0xff, 0xff, 0xe0,
    0x00, 0x00, 0x00, 0x54, 0xff, 0xff, 0xff, 0x5c, 0xd4, 0xff, 0xff, 0xe0, 0x00, 0x00, 0x00, 0x54,
    0xff, 0xff, 0xff, 0x5c, 0xd4, 0xff, 0xff, 0xe0, 0x00, 0x00, 0x00, 0x54, 0xff, 0xff, 0xff, 0x5c,
    0xd4, 0xff, 0xff, 0xff, 0xff, 0xff, 0xff, 0xff, 0xff, 0xff, 0xff, 0x5c, 0xd4, 0xff, 0xff, 0xff,
    0xff, 0xff, 0xff, 0xff, 0xff, 0xff, 0xff, 0x5c, 0xd4, 0xff, 0xff, 0xf8, 0xc0, 0xc0, 0xc0, 0xd5,
    0xff, 0xff, 0xff, 0x5c, 0xd4, 0xff, 0xff, 0xe0, 0x00, 0x00, 0x00, 0x54, 0xff, 0xff, 0xff, 0x5c,
    0xd4, 0xff, 0xff, 0xe0, 0x00, 0x00, 0x00, 0x54, 0xff, 0xff, 0xff, 0x5c, 0xd4, 0xff, 0xff, 0xe0,
    0x00, 0x00, 0x00, 0x54, 0xff, 0xff, 0xff, 0x5c, 0xd4, 0xff, 0xff, 0xe0, 0x00, 0x00, 0x00, 0x54,
    0xff, 0xff, 0xff, 0x5c, 0xd4, 0xff, 0xff, 0xe0, 0x00, 0x00, 0x00, 0x54, 0xff, 0xff, 0xff, 0x5c,
    0xd4, 0xff, 0xff, 0xe0, 0x00, 0x00, 0x00, 0x54, 0xff, 0xff, 0xff, 0x5c, 0xd4, 0xff, 0xff, 0xe0,
    0x00, 0x00, 0x00, 0x54, 0xff, 0xff, 0xff, 0x5c, 0x50, 0xff, 0xff, 0xff, 0xff, 0xff, 0xff, 0xff,
    0xff, 0xff, 0xd8, 0x50, 0xff, 0xff, 0xff, 0xff, 0xff, 0xff, 0xff, 0xff, 0xff, 0xd8, 0x3c, 0xc0,
    0xc0, 0xc5, 0xff, 0xff, 0xff, 0xe8, 0xc0, 0xc0, 0xa2, 0x00, 0x00, 0x00, 0x14, 0xff, 0xff, 0xff,
    0xa0, 0x00, 0x00, 0x00, 0x00, 0x00, 0x00, 0x14, 0xff, 0xff, 0xff, 0xa0, 0x00, 0x00, 0x00, 0x00,
    0x00, 0x00, 0x14, 0xff, 0xff, 0xff, 0xa0, 0x00, 0x00, 0x00, 0x00, 0x00, 0x00, 0x14, 0xff, 0xff,
    0xff, 0xa0, 0x00, 0x00, 0x00, 0x00, 0x00, 0x00, 0x14, 0xff, 0xff, 0xff, 0xa0, 0x00, 0x00, 0x00,
    0x00, 0x00, 0x00, 0x14, 0xff, 0xff, 0xff, 0xa0, 0x00, 0x00, 0x00, 0x00, 0x00, 0x00, 0x14, 0xff,
    0xff, 0xff, 0xa0, 0x00, 0x00, 0x00, 0x00, 0x00, 0x00, 0x14, 0xff, 0xff, 0xff, 0xa0, 0x00, 0x00,
    0x00, 0x00, 0x00, 0x00, 0x14, 0xff, 0xff, 0xff, 0xa0, 0x00, 0x00, 0x00, 0x00, 0x00, 0x00, 0x14,
    0xff, 0xff, 0xff, 0xa0, 0x00, 0x00, 0x00, 0x3c, 0xc0, 0xc0, 0xc5, 0xff, 0xff, 0xff, 0xe8, 0xc0,
    0xc0, 0xa2, 0x50, 0xff, 0xff, 0xff, 0xff, 0xff, 0xff, 0xff, 0xff, 0xff, 0xd8, 0x50, 0xff, 0xff,
    0xff, 0xff, 0xff, 0xff, 0xff, 0xff, 0xff, 0xd8, 0x00, 0x00, 0x00, 0x9c, 0xff, 0xff, 0xff, 0xff,
    0xff, 0xff, 0xff, 0xe4, 0x00, 0x00, 0x00, 0x9c, 0xff, 0xff, 0xff, 0xff, 0xff, 0xff, 0xff, 0xe4,
    0x00, 0x00, 0x00, 0x75, 0xc0, 0xc0, 0xc0, 0xc0, 0xf3, 0xff, 0xff, 0xe4, 0x00, 0x00, 0x00, 0x00,
    0x00, 0x00, 0x00, 0x00, 0xcc, 0xff, 0xff, 0xe4, 0x00, 0x00, 0x00, 0x00, 0x00, 0x00, 0x00, 0x00,
    0xcc, 0xff, 0xff, 0xe4, 0x00, 0x00, 0x00, 0x00, 0x00, 0x00, 0x00, 0x00, 0xcc, 0xff, 0xff, 0xe4,
    0x00, 0x00, 0x00, 0x00, 0x00, 0x00, 0x00, 0x00, 0xcc, 0xff, 0xff, 0xe4, 0x00, 0x00, 0x00, 0x00,
    0x00, 0x00, 0x00, 0x00, 0xcc, 0xff, 0xff, 0xe4, 0x00, 0x00, 0x00, 0x00, 0x00, 0x00, 0x00, 0x00,
    0xcc, 0xff, 0xff, 0xe4, 0x00, 0x00, 0x00, 0x00, 0x00, 0x00, 0x00, 0x00, 0xcc, 0xff, 0xff, 0xe4,
    0x00, 0x00, 0x00, 0x00, 0x00, 0x00, 0x00, 0x00, 0xdb, 0xff, 0xff, 0xd9, 0x00, 0x00, 0x00, 0x00,
    0x00, 0x00, 0x00, 0x14, 0xfb, 0xff, 0xff, 0xba, 0x00, 0x05, 0x83, 0x1a, 0x00, 0x00, 0x0e, 0xb0,
    0xff, 0xff, 0xff, 0x71, 0x00, 0x78, 0xff, 0xfd, 0xde, 0xca, 0xf2, 0xff, 0xff, 0xff, 0xe1, 0x0c,
    0x04, 0xd8, 0xff, 0xff, 0xff, 0xff, 0xff, 0xff, 0xff, 0xe3, 0x2e, 0x00, 0x00, 0x0a, 0x6a, 0xbf,
    0xec, 0xfb, 0xf1, 0xc9, 0x7b, 0x11, 0x00, 0x00, 0xac, 0xff, 0xff, 0xff, 0x08, 0x00, 0x00, 0x05,
    0xd8, 0xff, 0xff, 0xeb, 0x12, 0xac, 0xff, 0xff, 0xff, 0x08, 0x00, 0x00, 0x71, 0xff, 0xff, 0xff,
    0x61, 0x00, 0xac, 0xff, 0xff, 0xff, 0x08, 0x00, 0x14, 0xef, 0xff, 0xff, 0xc3, 0x01, 0x00, 0xac,
    0xff, 0xff, 0xff, 0x08, 0x00, 0x97, 0xff, 0xff, 0xfb, 0x2c, 0x00, 0x00, 0xac, 0xff, 0xff, 0xff,
    0x08, 0x2d, 0xfc, 0xff, 0xff, 0x8b, 0x00, 0x00, 0x00, 0xac, 0xff, 0xff, 0xff, 0x08, 0xbc, 0xff,
    0xff, 0xe3, 0x0c, 0x00, 0x00, 0x00, 0xac, 0xff, 0xff, 0xff, 0x58, 0xff, 0xff, 0xff, 0x52, 0x00,
    0x00, 0x00, 0x00, 0xac, 0xff, 0xff, 0xff, 0xc1, 0xff, 0xff, 0xf9, 0x14, 0x00, 0x00, 0x00, 0x00,
    0xac, 0xff, 0xff, 0xff, 0x5d, 0xff, 0xff, 0xff, 0x93, 0x00, 0x00, 0x00, 0x00, 0xac, 0xff, 0xff,
    0xff, 0x09, 0xd3, 0xff, 0xff, 0xfa, 0x26, 0x00, 0x00, 0x00, 0xac, 0xff, 0xff, 0xff, 0x08, 0x54,
    0xff, 0xff, 0xff, 0xaf, 0x00, 0x00, 0x00, 0xac, 0xff, 0xff, 0xff, 0x08, 0x01, 0xd1, 0xff, 0xff,
    0xff, 0x3d, 0x00, 0x00, 0xac, 0xff, 0xff, 0xff, 0x08, 0x00, 0x53, 0xff, 0xff, 0xff, 0xc9, 0x01,
    0x00, 0xac, 0xff, 0xff, 0xff, 0x08, 0x00, 0x01, 0xd0, 0xff, 0xff, 0xff, 0x59, 0x00, 0xac, 0xff,
    0xff, 0xff, 0x08, 0x00, 0x00, 0x51, 0xff, 0xff, 0xff, 0xdf, 0x07, 0xac, 0xff, 0xff, 0xff, 0x08,
    0x00, 0x00, 0x01, 0xcf, 0xff, 0xff, 0xff, 0x75, 0xe8, 0xff, 0xff, 0xcc, 0x00, 0x00, 0x00, 0x00,
    0x00, 0x00, 0x00, 0xe8, 0xff, 0xff, 0xcc, 0x00, 0x00, 0x00, 0x00, 0x00, 0x00, 0x00, 0xe8, 0xff,
    0xff, 0xcc, 0x00, 0x00, 0x00, 0x00, 0x00, 0x00, 0x00, 0xe8, 0xff, 0xff, 0xcc, 0x00, 0x00, 0x00,
    0x00, 0x00, 0x00, 0x00, 0xe8, 0xff, 0xff, 0xcc, 0x00, 0x00, 0x00, 0x00, 0x00, 0x00, 0x00, 0xe8,
    0xff, 0xff, 0xcc, 0x00, 0x00, 0x00, 0x00, 0x00, 0x00, 0x00, 0xe8, 0xff, 0xff, 0xcc, 0x00, 0x00,
    0x00, 0x00, 0x00, 0x00, 0x00, 0xe8, 0xff, 0xff, 0xcc, 0x00, 0x00, 0x00, 0x00, 0x00, 0x00, 0x00,
    0xe8, 0xff, 0xff, 0xcc, 0x00, 0x00, 0x00, 0x00, 0x00, 0x00, 0x00, 0xe8, 0xff, 0xff, 0xcc, 0x00,
    0x00, 0x00, 0x00, 0x00, 0x00, 0x00, 0xe8, 0xff, 0xff, 0xcc, 0x00, 0x00, 0x00, 0x00, 0x00, 0x00,
    0x00, 0xe8, 0xff, 0xff, 0xcc, 0x00, 0x00, 0x00, 0x00, 0x00, 0x00, 0x00, 0xe8, 0xff, 0xff, 0xcc,
    0x00, 0x00, 0x00, 0x00, 0x00, 0x00, 0x00, 0xe8, 0xff, 0xff, 0xf3, 0xc0, 0xc0, 0xc0, 0xc0, 0xc0,
    0xc0, 0x64, 0xe8, 0xff, 0xff, 0xff, 0xff, 0xff, 0xff, 0xff, 0xff, 0xff, 0x67, 0xe8, 0xff, 0xff,
    0xff, 0xff, 0xff, 0xff, 0xff, 0xff, 0xff, 0x45, 0x00, 0xc0, 0xff, 0xff, 0xff, 0x28, 0x00, 0x00,
    0x9d, 0xff, 0xff, 0xff, 0x4a, 0x00, 0x00, 0xce, 0xff, 0xff, 0xff, 0x53, 0x00, 0x00, 0xc5, 0xff,
    0xff, 0xff, 0x58, 0x00, 0x00, 0xdc, 0xff, 0xff, 0xff, 0x7e, 0x00, 0x00, 0xee, 0xff, 0xff, 0xff,
    0x66, 0x00, 0x00, 0xea, 0xff, 0xf8, 0xff, 0xa9, 0x00, 0x17, 0xff, 0xf9, 0xff, 0xff, 0x74, 0x00,
    0x00, 0xf9, 0xff, 0xdc, 0xff, 0xd4, 0x00, 0x40, 0xff, 0xe0, 0xff, 0xff, 0x82, 0x00, 0x06, 0xff,
    0xff, 0xbc, 0xff, 0xfa, 0x05, 0x69, 0xff, 0xc2, 0xff, 0xff, 0x90, 0x00, 0x15, 0xff, 0xff, 0xaa,
    0xec, 0xff, 0x2a, 0x92, 0xff, 0xa0, 0xff, 0xff, 0x9e, 0x00, 0x23, 0xff, 0xff, 0xaf, 0xbc, 0xff,
    0x55, 0xbb, 0xff, 0x79, 0xff, 0xff, 0xac, 0x00, 0x32, 0xff, 0xff, 0xaf, 0x8c, 0xff, 0x7f, 0xe4,
    0xfa, 0x50, 0xff, 0xff, 0xba, 0x00, 0x40, 0xff, 0xff, 0xaa, 0x5b, 0xff, 0xb8, 0xff, 0xd2, 0x45,
    0xff, 0xff, 0xc8, 0x00, 0x4e, 0xff, 0xff, 0xa6, 0x2b, 0xff, 0xfa, 0xff, 0xa5, 0x3e, 0xff, 0xff,
    0xd6, 0x00, 0x5c, 0xff, 0xff, 0xa2, 0x03, 0xf7, 0xff, 0xff, 0x78, 0x37, 0xff, 0xff, 0xe4, 0x00,
    0x6b, 0xff, 0xff, 0x9e, 0x00, 0xca, 0xff, 0xff, 0x4a, 0x2f, 0xff, 0xff, 0xf2, 0x00, 0x79, 0xff,
    0xff, 0x9a, 0x00, 0x30, 0x48, 0x48, 0x0c, 0x27, 0xff, 0xff, 0xfe, 0x01, 0x87, 0xff, 0xff, 0x96,
    0x00, 0x00, 0x00, 0x00, 0x00, 0x20, 0xff, 0xff, 0xff, 0x0e, 0x95, 0xff, 0xff, 0x92, 0x00, 0x00,
    0x00, 0x00, 0x00, 0x18, 0xff, 0xff, 0xff, 0x1c, 0xd4, 0xff, 0xff, 0xff, 0xeb, 0x03, 0x00, 0x00,
    0xc8, 0xff, 0xff, 0x5c, 0xd4, 0xff, 0xff, 0xff, 0xff, 0x3f, 0x00, 0x00, 0xc8, 0xff, 0xff, 0x5c,
    0xd4, 0xff, 0xff, 0xff, 0xff, 0x8f, 0x00, 0x00, 0xc8, 0xff, 0xff, 0x5c, 0xd4, 0xff, 0xf1, 0xff,
    0xff, 0xde, 0x00, 0x00, 0xc8, 0xff, 0xff, 0x5c, 0xd4, 0xff, 0xed, 0xd5, 0xff, 0xff, 0x2f, 0x00,
    0xc8, 0xff, 0xff, 0x5c, 0xd4, 0xff, 0xff, 0x8d, 0xff, 0xff, 0x7e, 0x00, 0xc8, 0xff, 0xff, 0x5c,
    0xd4, 0xff, 0xff, 0x54, 0xff, 0xff, 0xce, 0x00, 0xc5, 0xff, 0xff, 0x5c, 0xd4, 0xff, 0xff, 0x39,
    0xdd, 0xff, 0xff, 0x1e, 0xc0, 0xff, 0xff, 0x5c, 0xd4, 0xff, 0xff, 0x44, 0x8b, 0xff, 0xff, 0x6e,
    0xb6, 0xff, 0xff, 0x5c, 0xd4, 0xff, 0xff, 0x4e, 0x39, 0xff, 0xff, 0xbe, 0xa3, 0xff, 0xff, 0x5c,
    0xd4, 0xff, 0xff, 0x54, 0x01, 0xe4, 0xff, 0xfb, 0x9c, 0xff, 0xff, 0x5c, 0xd4, 0xff, 0xff, 0x54,
    0x00, 0x94, 0xff, 0xff, 0xc7, 0xff, 0xff, 0x5c, 0xd4, 0xff, 0xff, 0x54, 0x00, 0x41, 0xff, 0xff,
    0xf1, 0xff, 0xff, 0x5c, 0xd4, 0xff, 0xff, 0x54, 0x00, 0x03, 0xeb, 0xff, 0xff, 0xff, 0xff, 0x5c,
    0xd4, 0xff, 0xff, 0x54, 0x00, 0x00, 0x9c, 0xff, 0xff, 0xff, 0xff, 0x5c, 0xd4, 0xff, 0xff, 0x54,
    0x00, 0x00, 0x49, 0xff, 0xff, 0xff, 0xff, 0x5c, 0x00, 0x00, 0x00, 0x1b, 0x8f, 0xd4, 0xf4, 0xe7,
    0xc1, 0x5d, 0x04, 0x00, 0x00, 0x00, 0x00, 0x00, 0x3e, 0xf2, 0xff, 0xff, 0xff, 0xff, 0xff, 0xff,
    0xba, 0x0a, 0x00, 0x00, 0x00, 0x1d, 0xf4, 0xff, 0xff, 0xfd, 0xcb, 0xe4, 0xff, 0xff, 0xff, 0xa0,
    0x00, 0x00, 0x00, 0xa2, 0xff, 0xff, 0xfc, 0x3e, 0x00, 0x03, 0xaf, 0xff, 0xff, 0xfd, 0x2e, 0x00,
    0x07, 0xf6, 0xff, 0xff, 0xb3, 0x00, 0x00, 0x00, 0x2d, 0xff, 0xff, 0xff, 0x85, 0x00, 0x41, 0xff,
    0xff, 0xff, 0x78, 0x00, 0x00, 0x00, 0x00, 0xf0, 0xff, 0xff, 0xc9, 0x00, 0x63, 0xff, 0xff, 0xff,
    0x5b, 0x00, 0x00, 0x00, 0x00, 0xd4, 0xff, 0xff, 0xea, 0x00, 0x76, 0xff, 0xff, 0xff, 0x4f, 0x00,
    0x00, 0x00, 0x00, 0xc8, 0xff, 0xff, 0xfc, 0x01, 0x77, 0xff, 0xff, 0xff, 0x4f, 0x00, 0x00, 0x00,
    0x00, 0xc8, 0xff, 0xff, 0xfc, 0x01, 0x63, 0xff, 0xff, 0xff, 0x5b, 0x00, 0x00, 0x00, 0x00, 0xd3,
    0xff, 0xff, 0xe9, 0x00, 0x43, 0xff, 0xff, 0xff, 0x78, 0x00, 0x00, 0x00, 0x00, 0xf0, 0xff, 0xff,
    0xc6, 0x00, 0x08, 0xf7, 0xff, 0xff, 0xb4, 0x00, 0x00, 0x00, 0x2b, 0xff, 0xff, 0xff, 0x82, 0x00,
    0x00, 0xa7, 0xff, 0xff, 0xfc, 0x3f, 0x00, 0x03, 0xac, 0xff, 0xff, 0xfc, 0x2a, 0x00, 0x00, 0x21,
    0xf7, 0xff, 0xff, 0xfd, 0xcb, 0xe3, 0xff, 0xff, 0xff, 0x9a, 0x00, 0x00, 0x00, 0x00, 0x45, 0xf5,
    0xff, 0xff, 0xff, 0xff, 0xff, 0xff, 0xb6, 0x08, 0x00, 0x00, 0x00, 0x00, 0x00, 0x20, 0x93, 0xd6,
    0xf5, 0xe8, 0xc1, 0x5b, 0x03, 0x00, 0x00, 0x00, 0x98, 0xff, 0xff, 0xff, 0xff, 0xfc, 0xee, 0xcb,
    0x8b, 0x26, 0x00, 0x00, 0x00, 0x98, 0xff, 0xff, 0xff, 0xff, 0xff, 0xff, 0xff, 0xff, 0xfa, 0x72,
    0x00, 0x00, 0x98, 0xff, 0xff, 0xff, 0xc7, 0xc6, 0xea, 0xff, 0xff, 0xff, 0xff, 0x4e, 0x00, 0x98,
    0xff, 0xff, 0xff, 0x1c, 0x00, 0x03, 0x83, 0xff, 0xff, 0xff, 0xbf, 0x00, 0x98, 0xff, 0xff, 0xff,
    0x1c, 0x00, 0x00, 0x02, 0xef, 0xff, 0xff, 0xf2, 0x00, 0x98, 0xff, 0xff, 0xff, 0x1c, 0x00, 0x00,
    0x00, 0xdb, 0xff, 0xff, 0xfa, 0x00, 0x98, 0xff, 0xff, 0xff, 0x1c, 0x00, 0x00, 0x11, 0xf9, 0xff,
    0xff, 0xde, 0x00, 0x98, 0xff, 0xff, 0xff, 0x1c, 0x03, 0x29, 0xb7, 0xff, 0xff, 0xff, 0x95, 0x00,
    0x98, 0xff, 0xff, 0xff, 0xff, 0xff, 0xff, 0xff, 0xff, 0xff, 0xed, 0x21, 0x00, 0x98, 0xff, 0xff,
    0xff, 0xff, 0xff, 0xff, 0xff, 0xff, 0xda, 0x36, 0x00, 0x00, 0x98, 0xff, 0xff, 0xff, 0xc7, 0xbf,
    0xb1, 0x95, 0x52, 0x07, 0x00, 0x00, 0x00, 0x98, 0xff, 0xff, 0xff, 0x1c, 0x00, 0x00, 0x00, 0x00,
    0x00, 0x00, 0x00, 0x00, 0x98, 0xff, 0xff, 0xff, 0x1c, 0x00, 0x00, 0x00, 0x00, 0x00, 0x00, 0x00,
    0x00, 0x98, 0xff, 0xff, 0xff, 0x1c, 0x00, 0x00, 0x00, 0x00, 0x00, 0x00, 0x00, 0x00, 0x98, 0xff,
    0xff, 0xff, 0x1c, 0x00, 0x00, 0x00, 0x00, 0x00, 0x00, 0x00, 0x00, 0x98, 0xff, 0xff, 0xff, 0x1c,
    0x00, 0x00, 0x00, 0x00, 0x00, 0x00, 0x00, 0x00, 0x00, 0x00, 0x00, 0x13, 0x84, 0xd2, 0xf3, 0xe9,
    0xc5, 0x62, 0x05, 0x00, 0x00, 0x00, 0x00, 0x00, 0x00, 0x27, 0xe7, 0xff, 0xff, 0xff, 0xff, 0xff,
    0xff, 0xbe, 0x0a, 0x00, 0x00, 0x00, 0x00, 0x07, 0xdf, 0xff, 0xff, 0xff, 0xce, 0xe0, 0xff, 0xff,
    0xff, 0x9e, 0x00, 0x00, 0x00, 0x00, 0x6e, 0xff, 0xff, 0xff, 0x5c, 0x00, 0x02, 0xaa, 0xff, 0xff,
    0xfd, 0x28, 0x00, 0x00, 0x00, 0xc7, 0xff, 0xff, 0xe4, 0x00, 0x00, 0x00, 0x39, 0xff, 0xff, 0xff,
    0x7b, 0x00, 0x00, 0x0b, 0xfb, 0xff, 0xff, 0xb4, 0x00, 0x00, 0x00, 0x09, 0xff, 0xff, 0xff, 0xbc,
    0x00, 0x00, 0x27, 0xff, 0xff, 0xff, 0x9c, 0x00, 0x00, 0x00, 0x00, 0xf1, 0xff, 0xff, 0xda, 0x00,
    0x00, 0x3a, 0xff, 0xff, 0xff, 0x92, 0x00, 0x00, 0x00, 0x00, 0xe7, 0xff, 0xff, 0xee, 0x00, 0x00,
    0x3e, 0xff, 0xff, 0xff, 0x92, 0x00, 0x00, 0x00, 0x00, 0xe8, 0xff, 0xff, 0xf0, 0x00, 0x00, 0x30,
    0xff, 0xff, 0xff, 0x9c, 0x00, 0x00, 0x00, 0x00, 0xf1, 0xff, 0xff, 0xde, 0x00, 0x00, 0x0e, 0xff,
    0xff, 0xff, 0xb5, 0x00, 0x00, 0x00, 0x0a, 0xff, 0xff, 0xff, 0xb5, 0x00, 0x00, 0x00, 0xd9, 0xff,
    0xff, 0xe6, 0x00, 0x00, 0x00, 0x3a, 0xff, 0xff, 0xff, 0x6f, 0x00, 0x00, 0x00, 0x85, 0xff, 0xff,
    0xff, 0x5e, 0x00, 0x01, 0xab, 0xff, 0xff, 0xed, 0x12, 0x00, 0x00, 0x00, 0x15, 0xf1, 0xff, 0xff,
    0xff, 0xce, 0xe0, 0xff, 0xff, 0xfc, 0x50, 0x00, 0x00, 0x00, 0x00, 0x00, 0x4c, 0xf9, 0xff, 0xff,
    0xff, 0xff, 0xff, 0xf3, 0x4a, 0x00, 0x00, 0x00, 0x00, 0x00, 0x00, 0x00, 0x2c, 0xa5, 0xe5, 0xfc,
    0xff, 0xff, 0xff, 0xfa, 0xac, 0x26, 0x00, 0x00, 0x00, 0x00, 0x00, 0x00, 0x00, 0x00, 0x02, 0x17,
    0x5b, 0xe0, 0xff, 0xff, 0xf0, 0x2d, 0x00, 0x00, 0x00, 0x00, 0x00, 0x00, 0x00, 0x00, 0x00, 0x00,
    0x19, 0xe5, 0xff, 0xff, 0xc8, 0x00, 0x00, 0x00, 0x00, 0x00, 0x00, 0x00, 0x00, 0x00, 0x00, 0x00,
    0x57, 0xff, 0xff, 0xf5, 0x23, 0x00, 0x00, 0x00, 0x00, 0x00, 0x00, 0x00, 0x00, 0x00, 0x00, 0x02,
    0x9e, 0x5d, 0x0c, 0x00, 0xb0, 0xff, 0xff, 0xff, 0xff, 0xfc, 0xee, 0xcb, 0x8c, 0x26, 0x00, 0x00,
    0x00, 0xb0, 0xff, 0xff, 0xff, 0xff, 0xff, 0xff, 0xff, 0xff, 0xfb, 0x66, 0x00, 0x00, 0xb0, 0xff,
    0xff, 0xff, 0xc1, 0xc8, 0xed, 0xff, 0xff, 0xff, 0xfb, 0x2a, 0x00, 0xb0, 0xff, 0xff, 0xff, 0x04,
    0x00, 0x06, 0x9e, 0xff, 0xff, 0xff, 0x82, 0x00, 0xb0, 0xff, 0xff, 0xff, 0x04, 0x00, 0x00, 0x33,
    0xff, 0xff, 0xff, 0xa3, 0x00, 0xb0, 0xff, 0xff, 0xff, 0x04, 0x00, 0x00, 0x44, 0xff, 0xff, 0xff,
    0x90, 0x00, 0xb0, 0xff, 0xff, 0xff, 0x04, 0x05, 0x32, 0xcf, 0xff, 0xff, 0xff, 0x50, 0x00, 0xb0,
    0xff, 0xff, 0xff, 0xff, 0xff, 0xff, 0xff, 0xff, 0xff, 0xb4, 0x00, 0x00, 0xb0, 0xff, 0xff, 0xff,
    0xff, 0xff, 0xff, 0xff, 0xfa, 0x90, 0x06, 0x00, 0x00, 0xb0, 0xff, 0xff, 0xff, 0xc1, 0xf7, 0xff,
    0xff, 0xc7, 0x00, 0x00, 0x00, 0x00, 0xb0, 0xff, 0xff, 0xff, 0x04, 0x89, 0xff, 0xff, 0xff, 0x5d,
    0x00, 0x00, 0x00, 0xb0, 0xff, 0xff, 0xff, 0x04, 0x10, 0xed, 0xff, 0xff, 0xe7, 0x0d, 0x00, 0x00,
    0xb0, 0xff, 0xff, 0xff, 0x04, 0x00, 0x74, 0xff, 0xff, 0xff, 0x8c, 0x00, 0x00, 0xb0, 0xff, 0xff,
    0xff, 0x04, 0x00, 0x07, 0xe1, 0xff, 0xff, 0xfa, 0x29, 0x00, 0xb0, 0xff, 0xff, 0xff, 0x04, 0x00,
    0x00, 0x60, 0xff, 0xff, 0xff, 0xbb, 0x00, 0xb0, 0xff, 0xff, 0xff, 0x04, 0x00, 0x00, 0x02, 0xd2,
    0xff, 0xff, 0xff, 0x54, 0x00, 0x00, 0x00, 0x35, 0x9c, 0xdb, 0xf5, 0xf5, 0xde, 0xa4, 0x4b, 0x00,
    0x00, 0x00, 0x01, 0x8d, 0xff, 0xff, 0xff, 0xff, 0xff, 0xff, 0xff, 0xff, 0xc1, 0x19, 0x00, 0x64,
    0xff, 0xff, 0xff, 0xff, 0xd6, 0xc7, 0xe9, 0xff, 0xff, 0xf6, 0x35, 0x00, 0xc8, 0xff, 0xff, 0xff,
    0x3d, 0x00, 0x00, 0x01, 0x43, 0xd2, 0x53, 0x00, 0x00, 0xe5, 0xff, 0xff, 0xf5, 0x05, 0x00, 0x00,
    0x00, 0x00, 0x02, 0x00, 0x00, 0x00, 0xc4, 0xff, 0xff, 0xff, 0xb7, 0x35, 0x00, 0x00, 0x00, 0x00,
    0x00, 0x00, 0x00, 0x55, 0xff, 0xff, 0xff, 0xff, 0xff, 0xdc, 0x88, 0x2b, 0x00, 0x00, 0x00, 0x00,
    0x00, 0x6e, 0xf8, 0xff, 0xff, 0xff, 0xff, 0xff, 0xff, 0xad, 0x16, 0x00, 0x00, 0x00, 0x00, 0x1f,
    0x90, 0xeb, 0xff, 0xff, 0xff, 0xff, 0xff, 0xdb, 0x10, 0x00, 0x00, 0x00, 0x00, 0x00, 0x03, 0x42,
    0xa1, 0xfc, 0xff, 0xff, 0xff, 0x7d, 0x00, 0x00, 0x00, 0x00, 0x00, 0x00, 0x00, 0x00, 0x59, 0xff,
    0xff, 0xff, 0xbb, 0x00, 0x01, 0x11, 0x00, 0x00, 0x00, 0x00, 0x00, 0x17, 0xff, 0xff, 0xff, 0xc3,
    0x00, 0x90, 0xe9, 0x67, 0x0b, 0x00, 0x00, 0x04, 0x89, 0xff, 0xff, 0xff, 0x96, 0x6e, 0xff, 0xff,
    0xff, 0xf9, 0xd2, 0xc7, 0xea, 0xff, 0xff, 0xff, 0xf8, 0x27, 0x11, 0xad, 0xff, 0xff, 0xff, 0xff,
    0xff, 0xff, 0xff, 0xff, 0xf1, 0x4c, 0x00, 0x00, 0x00, 0x3a, 0x94, 0xd4, 0xed, 0xfa, 0xea, 0xc8,
    0x7f, 0x16, 0x00, 0x00, 0x80, 0xff, 0xff, 0xff, 0xff, 0xff, 0xff, 0xff, 0xff, 0xff, 0xff, 0xff,
    0xff, 0x19, 0x80, 0xff, 0xff, 0xff, 0xff, 0xff, 0xff, 0xff, 0xff, 0xff, 0xff, 0xff, 0xf4, 0x00,
    0x60, 0xc0, 0xc0, 0xc0, 0xc7, 0xff, 0xff, 0xff, 0xe6, 0xc0, 0xc0, 0xc0, 0xa0, 0x00, 0x00, 0x00,
    0x00, 0x00, 0x1c, 0xff, 0xff, 0xff, 0x98, 0x00, 0x00, 0x00, 0x00, 0x00, 0x00, 0x00, 0x00, 0x00,
    0x1c, 0xff, 0xff, 0xff, 0x98, 0x00, 0x00, 0x00, 0x00, 0x00, 0x00, 0x00, 0x00, 0x00, 0x1c, 0xff,
    0xff, 0xff, 0x98, 0x00, 0x00, 0x00, 0x00, 0x00, 0x00, 0x00, 0x00, 0x00, 0x1c, 0xff, 0xff, 0xff,
    0x98, 0x00, 0x00, 0x00, 0x00, 0x00, 0x00, 0x00, 0x00, 0x00, 0x1c, 0xff, 0xff, 0xff, 0x98, 0x00,
    0x00, 0x00, 0x00, 0x00, 0x00, 0x00, 0x00, 0x00, 0x1c, 0xff, 0xff, 0xff, 0x98, 0x00, 0x00, 0x00,
    0x00, 0x00, 0x00, 0x00, 0x00, 0x00, 0x1c, 0xff, 0xff, 0xff, 0x98, 0x00, 0x00, 0x00, 0x00, 0x00,
    0x00, 0x00, 0x00, 0x00, 0x1c, 0xff, 0xff, 0xff, 0x98, 0x00, 0x00, 0x00, 0x00, 0x00, 0x00, 0x00,
    0x00, 0x00, 0x1c, 0xff, 0xff, 0xff, 0x98, 0x00, 0x00, 0x00, 0x00, 0x00, 0x00, 0x00, 0x00, 0x00,
    0x1c, 0xff, 0xff, 0xff, 0x98, 0x00, 0x00, 0x00, 0x00, 0x00, 0x00, 0x00, 0x00, 0x00, 0x1c, 0xff,
    0xff, 0xff, 0x98, 0x00, 0x00, 0x00, 0x00, 0x00, 0x00, 0x00, 0x00, 0x00, 0x1c, 0xff, 0xff, 0xff,
    0x98, 0x00, 0x00, 0x00, 0x00, 0x00, 0x00, 0x00, 0x00, 0x00, 0x1c, 0xff, 0xff, 0xff, 0x98, 0x00,
    0x00, 0x00, 0x00, 0x00, 0x0c, 0xff, 0xff, 0xff, 0xa8, 0x00, 0x00, 0x00, 0x20, 0xff, 0xff, 0xff,
    0x98, 0x0c, 0xff, 0xff, 0xff, 0xa8, 0x00, 0x00, 0x00, 0x20, 0xff, 0xff, 0xff, 0x98, 0x0c, 0xff,
    0xff, 0xff, 0xa8, 0x00, 0x00, 0x00, 0x20, 0xff, 0xff, 0xff, 0x98, 0x0c, 0xff, 0xff, 0xff, 0xa8,
    0x00, 0x00, 0x00, 0x20, 0xff, 0xff, 0xff, 0x98, 0x0c, 0xff, 0xff, 0xff, 0xa8, 0x00, 0x00, 0x00,
    0x20, 0xff, 0xff, 0xff, 0x98, 0x0c, 0xff, 0xff, 0xff, 0xa8, 0x00, 0x00, 0x00, 0x20, 0xff, 0xff,
    0xff, 0x98, 0x0c, 0xff, 0xff, 0xff, 0xa8, 0x00, 0x00, 0x00, 0x20, 0xff, 0xff, 0xff, 0x98, 0x0c,
    0xff, 0xff, 0xff, 0xa8, 0x00, 0x00, 0x00, 0x20, 0xff, 0xff, 0xff, 0x98, 0x0c, 0xff, 0xff, 0xff,
    0xa8, 0x00, 0x00, 0x00, 0x20, 0xff, 0xff, 0xff, 0x98, 0x0c, 0xff, 0xff, 0xff, 0xaa, 0x00, 0x00,
    0x00, 0x23, 0xff, 0xff, 0xff, 0x98, 0x07, 0xff, 0xff, 0xff, 0xb8, 0x00, 0x00, 0x00, 0x31, 0xff,
    0xff, 0xff, 0x92, 0x00, 0xef, 0xff, 0xff, 0xdc, 0x00, 0x00, 0x00, 0x57, 0xff, 0xff, 0xff, 0x78,
    0x00, 0xb3, 0xff, 0xff, 0xff, 0x3e, 0x00, 0x02, 0xb6, 0xff, 0xff, 0xff, 0x36, 0x00, 0x44, 0xff,
    0xff, 0xff, 0xfb, 0xc9, 0xe1, 0xff, 0xff, 0xff, 0xc1, 0x00, 0x00, 0x00, 0x7b, 0xfe, 0xff, 0xff,
    0xff, 0xff, 0xff, 0xff, 0xd6, 0x1d, 0x00, 0x00, 0x00, 0x00, 0x3e, 0xa7, 0xe0, 0xf8, 0xed, 0xcb,
    0x75, 0x0b, 0x00, 0x00, 0x00, 0xe0, 0xff, 0xff, 0xfc, 0x0c, 0x00, 0x00, 0x00, 0x00, 0x56, 0xff,
    0xff, 0xff, 0x6f, 0x00, 0x99, 0xff, 0xff, 0xff, 0x43, 0x00, 0x00, 0x00, 0x00, 0x90, 0xff, 0xff,
    0xff, 0x27, 0x00, 0x51, 0xff, 0xff, 0xff, 0x7e, 0x00, 0x00, 0x00, 0x00, 0xcb, 0xff, 0xff, 0xdf,
    0x00, 0x00, 0x0d, 0xfa, 0xff, 0xff, 0xb8, 0x00, 0x00, 0x00, 0x0a, 0xfb, 0xff, 0xff, 0x96, 0x00,
    0x00, 0x00, 0xc1, 0xff, 0xff, 0xf1, 0x02, 0x00, 0x00, 0x41, 0xff, 0xff, 0xff, 0x4e, 0x00, 0x00,
    0x00, 0x79, 0xff, 0xff, 0xff, 0x2e, 0x00, 0x00, 0x7c, 0xff, 0xff, 0xf9, 0x0c, 0x00, 0x00, 0x00,
    0x31, 0xff, 0xff, 0xff, 0x68, 0x00, 0x00, 0xb7, 0xff, 0xff, 0xbe, 0x00, 0x00, 0x00, 0x00, 0x01,
    0xe7, 0xff, 0xff, 0xa3, 0x00, 0x02, 0xf0, 0xff, 0xff, 0x75, 0x00, 0x00, 0x00, 0x00, 0x00, 0xa1,
    0xff, 0xff, 0xde, 0x00, 0x2d, 0xff, 0xff, 0xff, 0x2d, 0x00, 0x00, 0x00, 0x00, 0x00, 0x59, 0xff,
    0xff, 0xff, 0x19, 0x68, 0xff, 0xff, 0xe4, 0x00, 0x00, 0x00, 0x00, 0x00, 0x00, 0x13, 0xfd, 0xff,
    0xff, 0x53, 0xa3, 0xff, 0xff, 0x9d, 0x00, 0x00, 0x00, 0x00, 0x00, 0x00, 0x00, 0xc9, 0xff, 0xff,
    0x8e, 0xde, 0xff, 0xff, 0x54, 0x00, 0x00, 0x00, 0x00, 0x00, 0x00, 0x00, 0x81, 0xff, 0xff, 0xde,
    0xff, 0xff, 0xfc, 0x10, 0x00, 0x00, 0x00, 0x00, 0x00, 0x00, 0x00, 0x39, 0xff, 0xff, 0xff, 0xff,
    0xff, 0xc4, 0x00, 0x00, 0x00, 0x00, 0x00, 0x00, 0x00, 0x00, 0x02, 0xed, 0xff, 0xff, 0xff, 0xff,
    0x7c, 0x00, 0x00, 0x00, 0x00, 0x00, 0x00, 0x00, 0x00, 0x00, 0xa8, 0xff, 0xff, 0xff, 0xff, 0x34,
    0x00, 0x00, 0x00, 0x00, 0x05, 0xfd, 0xff, 0xff, 0x68, 0x00, 0x00, 0x00, 0x00, 0x00, 0x00, 0xa4,
    0xff, 0xff, 0x8c, 0x00, 0xe8, 0xff, 0xff, 0x73, 0x00, 0xd7, 0xff, 0xff, 0x74, 0x00, 0xb4, 0xff,
    0xff, 0x6f, 0x00, 0xcd, 0xff, 0xff, 0x7e, 0x00, 0xf3, 0xff, 0xff, 0x8f, 0x00, 0xc4, 0xff, 0xff,
    0x52, 0x00, 0xb2, 0xff, 0xff, 0x89, 0x10, 0xff, 0xff, 0xff, 0xaa, 0x00, 0xd4, 0xff, 0xff, 0x35,
    0x00, 0x97, 0xff, 0xff, 0x94, 0x2d, 0xff, 0xe0, 0xff, 0xc4, 0x00, 0xe4, 0xff, 0xff, 0x17, 0x00,
    0x7c, 0xff, 0xff, 0x9f, 0x49, 0xff, 0xad, 0xff, 0xdf, 0x00, 0xf4, 0xff, 0xf9, 0x01, 0x00, 0x61,
    0xff, 0xff, 0xa9, 0x66, 0xff, 0x86, 0xf4, 0xf9, 0x05, 0xff, 0xff, 0xdd, 0x00, 0x00, 0x46, 0xff,
    0xff, 0xb4, 0x83, 0xff, 0x6c, 0xdd, 0xff, 0x28, 0xff, 0xff, 0xc0, 0x00, 0x00, 0x2b, 0xff, 0xff,
    0xbf, 0x9f, 0xff, 0x51, 0xc5, 0xff, 0x53, 0xff, 0xff, 0xa2, 0x00, 0x00, 0x10, 0xff, 0xff, 0xca,
    0xbc, 0xff, 0x37, 0xad, 0xff, 0x7d, 0xff, 0xff, 0x85, 0x00, 0x00, 0x00, 0xf4, 0xff, 0xd5, 0xd9,
    0xff, 0x1c, 0x95, 0xff, 0xa8, 0xff, 0xff, 0x68, 0x00, 0x00, 0x00, 0xda, 0xff, 0xdf, 0xf4, 0xfd,
    0x04, 0x7d, 0xff, 0xd2, 0xff, 0xff, 0x4b, 0x00, 0x00, 0x00, 0xbf, 0xff, 0xf9, 0xff, 0xe8, 0x00,
    0x65, 0xff, 0xf8, 0xff, 0xff, 0x2d, 0x00, 0x00, 0x00, 0xa4, 0xff, 0xff, 0xff, 0xcd, 0x00, 0x4d,
    0xff, 0xff, 0xff, 0xff, 0x10, 0x00, 0x00, 0x00, 0x89, 0xff, 0xff, 0xff, 0xb3, 0x00, 0x35, 0xff,
    0xff, 0xff, 0xf3, 0x00, 0x00, 0x00, 0x00, 0x6e, 0xff, 0xff, 0xff, 0x99, 0x00, 0x1c, 0xff, 0xff,
    0xff, 0xd6, 0x00, 0x00, 0x4f, 0xff, 0xff, 0xff, 0xa1, 0x00, 0x00, 0x00, 0x15, 0xf6, 0xff, 0xff,
    0xce, 0x01, 0x00, 0xc3, 0xff, 0xff, 0xfa, 0x1b, 0x00, 0x00, 0x83, 0xff, 0xff, 0xff, 0x40, 0x00,
    0x00, 0x39, 0xff, 0xff, 0xff, 0x8a, 0x00, 0x0c, 0xed, 0xff, 0xff, 0xb0, 0x00, 0x00, 0x00, 0x00,
    0xad, 0xff, 0xff, 0xf0, 0x0d, 0x71, 0xff, 0xff, 0xfa, 0x25, 0x00, 0x00, 0x00, 0x00, 0x26, 0xfb,
    0xff, 0xff, 0x77, 0xe2, 0xff, 0xff, 0x90, 0x00, 0x00, 0x00, 0x00, 0x00, 0x00, 0x97, 0xff, 0xff,
    0xfb, 0xff, 0xff, 0xee, 0x12, 0x00, 0x00, 0x00, 0x00, 0x00, 0x00, 0x18, 0xf4, 0xff, 0xff, 0xff,
    0xff, 0x70, 0x00, 0x00, 0x00, 0x00, 0x00, 0x00, 0x00, 0x00, 0x9b, 0xff, 0xff, 0xff, 0xfe, 0x15,
    0x00, 0x00, 0x00, 0x00, 0x00, 0x00, 0x00, 0x0c, 0xea, 0xff, 0xff, 0xff, 0xff, 0x85, 0x00, 0x00,
    0x00, 0x00, 0x00, 0x00, 0x00, 0x7e, 0xff, 0xff, 0xff, 0xff, 0xff, 0xf4, 0x17, 0x00, 0x00, 0x00,
    0x00, 0x00, 0x13, 0xf1, 0xff, 0xff, 0x89, 0xf4, 0xff, 0xff, 0x92, 0x00, 0x00, 0x00, 0x00, 0x00,
    0x8c, 0xff, 0xff, 0xf3, 0x10, 0x92, 0xff, 0xff, 0xf9, 0x1f, 0x00, 0x00, 0x00, 0x1b, 0xf7, 0xff,
    0xff, 0x91, 0x00, 0x21, 0xfc, 0xff, 0xff, 0xa0, 0x00, 0x00, 0x00, 0x9a, 0xff, 0xff, 0xfc, 0x22,
    0x00, 0x00, 0xa8, 0xff, 0xff, 0xfc, 0x29, 0x00, 0x25, 0xfb, 0xff, 0xff, 0xab, 0x00, 0x00, 0x00,
    0x33, 0xff, 0xff, 0xff, 0xad, 0x00, 0xa8, 0xff, 0xff, 0xff, 0x39, 0x00, 0x00, 0x00, 0x00, 0xbe,
    0xff, 0xff, 0xff, 0x35, 0x09, 0xe6, 0xff, 0xff, 0xfb, 0x1b, 0x00, 0x00, 0x00, 0x00, 0x63, 0xff,
    0xff, 0xff, 0x76, 0x00, 0x6e, 0xff, 0xff, 0xff, 0x83, 0x00, 0x00, 0x00, 0x00, 0xd0, 0xff, 0xff,
    0xe9, 0x0b, 0x00, 0x07, 0xe3, 0xff, 0xff, 0xe9, 0x07, 0x00, 0x00, 0x3f, 0xff, 0xff, 0xff, 0x73,
    0x00, 0x00, 0x00, 0x6a, 0xff, 0xff, 0xff, 0x5e, 0x00, 0x00, 0xad, 0xff, 0xff, 0xe7, 0x09, 0x00,
    0x00, 0x00, 0x06, 0xe1, 0xff, 0xff, 0xcb, 0x00, 0x1e, 0xfc, 0xff, 0xff, 0x6f, 0x00, 0x00, 0x00,
    0x00, 0x00, 0x66, 0xff, 0xff, 0xff, 0x38, 0x89, 0xff, 0xff, 0xe5, 0x08, 0x00, 0x00, 0x00, 0x00,
    0x00, 0x05, 0xde, 0xff, 0xff, 0xaf, 0xed, 0xff, 0xff, 0x6c, 0x00, 0x00, 0x00, 0x00, 0x00, 0x00,
    0x00, 0x62, 0xff, 0xff, 0xff, 0xff, 0xff, 0xe3, 0x07, 0x00, 0x00, 0x00, 0x00, 0x00, 0x00, 0x00,
    0x04, 0xdb, 0xff, 0xff, 0xff, 0xff, 0x68, 0x00, 0x00, 0x00, 0x00, 0x00, 0x00, 0x00, 0x00, 0x00,
    0x5e, 0xff, 0xff, 0xff, 0xe0, 0x06, 0x00, 0x00, 0x00, 0x00, 0x00, 0x00, 0x00, 0x00, 0x00, 0x14,
    0xff, 0xff, 0xff, 0xa0, 0x00, 0x00, 0x00, 0x00, 0x00, 0x00, 0x00, 0x00, 0x00, 0x00, 0x14, 0xff,
    0xff, 0xff, 0xa0, 0x00, 0x00, 0x00, 0x00, 0x00, 0x00, 0x00, 0x00, 0x00, 0x00, 0x14, 0xff, 0xff,
    0xff, 0xa0, 0x00, 0x00, 0x00, 0x00, 0x00, 0x00, 0x00, 0x00, 0x00, 0x00, 0x14, 0xff, 0xff, 0xff,
    0xa0, 0x00, 0x00, 0x00, 0x00, 0x00, 0x00, 0x00, 0x00, 0x00, 0x00, 0x14, 0xff, 0xff, 0xff, 0xa0,
    0x00, 0x00, 0x00, 0x00, 0x00, 0x00, 0x00, 0x00, 0x00, 0x00, 0x14, 0xff, 0xff, 0xff, 0xa0, 0x00,
    0x00, 0x00, 0x00, 0x00, 0x00, 0x50, 0xff, 0xff, 0xff, 0xff, 0xff, 0xff, 0xff, 0xff, 0xff, 0xff,
    0x84, 0x00, 0x50, 0xff, 0xff, 0xff, 0xff, 0xff, 0xff, 0xff, 0xff, 0xff, 0xff, 0x84, 0x00, 0x3c,
    0xc0, 0xc0, 0xc0, 0xc0, 0xc0, 0xc0, 0xf2, 0xff, 0xff, 0xff, 0x7b, 0x00, 0x00, 0x00, 0x00, 0x00,
    0x00, 0x00, 0x3c, 0xfd, 0xff, 0xff, 0xe3, 0x10, 0x00, 0x00, 0x00, 0x00, 0x00, 0x00, 0x0d, 0xde,
    0xff, 0xff, 0xfe, 0x45, 0x00, 0x00, 0x00, 0x00, 0x00, 0x00, 0x00, 0x9e, 0xff, 0xff, 0xff, 0x93,
    0x00, 0x00, 0x00, 0x00, 0x00, 0x00, 0x00, 0x4f, 0xff, 0xff, 0xff, 0xd9, 0x0a, 0x00, 0x00, 0x00,
    0x00, 0x00, 0x00, 0x17, 0xea, 0xff, 0xff, 0xfb, 0x36, 0x00, 0x00, 0x00, 0x00, 0x00, 0x00, 0x00,
    0xb3, 0xff, 0xff, 0xff, 0x82, 0x00, 0x00, 0x00, 0x00, 0x00, 0x00, 0x00, 0x66, 0xff, 0xff, 0xff,
    0xcc, 0x05, 0x00, 0x00, 0x00, 0x00, 0x00, 0x00, 0x23, 0xf4, 0xff, 0xff, 0xf7, 0x29, 0x00, 0x00,
    0x00, 0x00, 0x00, 0x00, 0x03, 0xc6, 0xff, 0xff, 0xff, 0x70, 0x00, 0x00, 0x00, 0x00, 0x00, 0x00,
    0x00, 0x7c, 0xff, 0xff, 0xff, 0xbe, 0x01, 0x00, 0x00, 0x00, 0x00, 0x00, 0x00, 0x15, 0xfa, 0xff,
    0xff, 0xff, 0xd4, 0xc0, 0xc0, 0xc0, 0xc0, 0xc0, 0xc0, 0x79, 0x20, 0xff, 0xff, 0xff, 0xff, 0xff,
    0xff, 0xff, 0xff, 0xff, 0xff, 0xff, 0x82, 0x20, 0xff, 0xff, 0xff, 0xff, 0xff, 0xff, 0xff, 0xff,
    0xff, 0xff, 0xff, 0x5e, 0x7c, 0xff, 0xff, 0xff, 0xff, 0xff, 0xff, 0x78, 0x7c, 0xff, 0xff, 0xff,
    0xff, 0xff, 0xff, 0x78, 0x7c, 0xff, 0xff, 0xf8, 0xc0, 0xc0, 0xc0, 0x5a, 0x7c, 0xff, 0xff, 0xe0,
    0x00, 0x00, 0x00, 0x00, 0x7c, 0xff, 0xff, 0xe0, 0x00, 0x00, 0x00, 0x00, 0x7c, 0xff, 0xff, 0xe0,
    0x00, 0x00, 0x00, 0x00, 0x7c, 0xff, 0xff, 0xe0, 0x00, 0x00, 0x00, 0x00, 0x7c, 0xff, 0xff, 0xe0,
    0x00, 0x00, 0x00, 0x00, 0x7c, 0xff, 0xff, 0xe0, 0x00, 0x00, 0x00, 0x00, 0x7c, 0xff, 0xff, 0xe0,
    0x00, 0x00, 0x00, 0x00, 0x7c, 0xff, 0xff, 0xe0, 0x00, 0x00, 0x00, 0x00, 0x7c, 0xff, 0xff, 0xe0,
    0x00, 0x00, 0x00, 0x00, 0x7c, 0xff, 0xff, 0xe0, 0x00, 0x00, 0x00, 0x00, 0x7c, 0xff, 0xff, 0xe0,
    0x00, 0x00, 0x00, 0x00, 0x7c, 0xff, 0xff, 0xe0, 0x00, 0x00, 0x00, 0x00, 0x7c, 0xff, 0xff, 0xe0,
    0x00, 0x00, 0x00, 0x00, 0x7c, 0xff, 0xff, 0xe0, 0x00, 0x00, 0x00, 0x00, 0x7c, 0xff, 0xff, 0xe0,
    0x00, 0x00, 0x00, 0x00, 0x7c, 0xff, 0xff, 0xe0, 0x00, 0x00, 0x00, 0x00, 0x7c, 0xff, 0xff, 0xf8,
    0xc0, 0xc0, 0xc0, 0x5a, 0x7c, 0xff, 0xff, 0xff, 0xff, 0xff, 0xff, 0x78, 0x7c, 0xff, 0xff, 0xff,
    0xff, 0xff, 0xff, 0x78, 0x00, 0x00, 0x0f, 0x31, 0x00, 0x00, 0x00, 0x00, 0x00, 0x00, 0x00, 0x00,
    0x00, 0x14, 0x8c, 0xf2, 0xde, 0x04, 0x00, 0x00, 0x00, 0x00, 0x00, 0x00, 0x00, 0x00, 0x15, 0xf5,
    0xff, 0xff, 0x5d, 0x00, 0x00, 0x00, 0x00, 0x00, 0x00, 0x00, 0x00, 0x00, 0x90, 0xff, 0xff, 0xd6,
    0x01, 0x00, 0x00, 0x00, 0x00, 0x00, 0x00, 0x00, 0x00, 0x1b, 0xf9, 0xff, 0xff, 0x53, 0x00, 0x00,
    0x00, 0x00, 0x00, 0x00, 0x00, 0x00, 0x00, 0x9a, 0xff, 0xff, 0xcd, 0x00, 0x00, 0x00, 0x00, 0x00,
    0x00, 0x00, 0x00, 0x00, 0x22, 0xfc, 0xff, 0xff, 0x49, 0x00, 0x00, 0x00, 0x00, 0x00, 0x00, 0x00,
    0x00, 0x00, 0xa4, 0xff, 0xff, 0xc4, 0x00, 0x00, 0x00, 0x00, 0x00, 0x00, 0x00, 0x00, 0x00, 0x2a,
    0xfe, 0xff, 0xff, 0x3f, 0x00, 0x00, 0x00, 0x00, 0x00, 0x00, 0x00, 0x00, 0x00, 0xad, 0xff, 0xff,
    0xba, 0x00, 0x00, 0x00, 0x00, 0x00, 0x00, 0x00, 0x00, 0x00, 0x32, 0xff, 0xff, 0xff, 0x35, 0x00,
    0x00, 0x00, 0x00, 0x00, 0x00, 0x00, 0x00, 0x00, 0xb7, 0xff, 0xff, 0xaf, 0x00, 0x00, 0x00, 0x00,
    0x00, 0x00, 0x00, 0x00, 0x00, 0x3c, 0xff, 0xff, 0xfe, 0x2c, 0x00, 0x00, 0x00, 0x00, 0x00, 0x00,
    0x00, 0x00, 0x00, 0xc1, 0xff, 0xff, 0xa5, 0x00, 0x00, 0x00, 0x00, 0x00, 0x00, 0x00, 0x00, 0x00,
    0x46, 0xff, 0xff, 0xfc, 0x24, 0x00, 0x00, 0x00, 0x00, 0x00, 0x00, 0x00, 0x00, 0x00, 0xca, 0xff,
    0xff, 0x9b, 0x00, 0x00, 0x00, 0x00, 0x00, 0x00, 0x00, 0x00, 0x00, 0x50, 0xff, 0xff, 0xf9, 0x1c,
    0x00, 0x00, 0x00, 0x00, 0x00, 0x00, 0x00, 0x00, 0x01, 0xd3, 0xff, 0xff, 0x91, 0x00, 0x00, 0x00,
    0x00, 0x00, 0x00, 0x00, 0x00, 0x00, 0x59, 0xff, 0xff, 0xf6, 0x16, 0x00, 0x00, 0x00, 0x00, 0x00,
    0x00, 0x00, 0x00, 0x03, 0xdb, 0xff, 0xff, 0x87, 0x00, 0x00, 0x00, 0x00, 0x00, 0x00, 0x00, 0x00,
    0x00, 0x63, 0xff, 0xe0, 0x64, 0x00, 0x00, 0x00, 0x00, 0x00, 0x00, 0x00, 0x00, 0x00, 0x05, 0x56,
    0x04, 0x00, 0xf0, 0xff, 0xff, 0xff, 0xff, 0xff, 0xff, 0x04, 0xf0, 0xff, 0xff, 0xff, 0xff, 0xff,
    0xff, 0x04, 0xb4, 0xc0, 0xc0, 0xd6, 0xff, 0xff, 0xff, 0x04, 0x00, 0x00, 0x00, 0x58, 0xff, 0xff,
    0xff, 0x04, 0x00, 0x00, 0x00, 0x58, 0xff, 0xff, 0xff, 0x04, 0x00, 0x00, 0x00, 0x58, 0xff, 0xff,
    0xff, 0x04, 0x00, 0x00, 0x00, 0x58, 0xff, 0xff, 0xff, 0x04, 0x00, 0x00, 0x00, 0x58, 0xff, 0xff,
    0xff, 0x04, 0x00, 0x00, 0x00, 0x58, 0xff, 0xff, 0xff, 0x04, 0x00, 0x00, 0x00, 0x58, 0xff, 0xff,
    0xff, 0x04, 0x00, 0x00, 0x00, 0x58, 0xff, 0xff, 0xff, 0x04, 0x00, 0x00, 0x00, 0x58, 0xff, 0xff,
    0xff, 0x04, 0x00, 0x00, 0x00, 0x58, 0xff, 0xff, 0xff, 0x04, 0x00, 0x00, 0x00, 0x58, 0xff, 0xff,
    0xff, 0x04, 0x00, 0x00, 0x00, 0x58, 0xff, 0xff, 0xff, 0x04, 0x00, 0x00, 0x00, 0x58, 0xff, 0xff,
    0xff, 0x04, 0x00, 0x00, 0x00, 0x58, 0xff, 0xff, 0xff, 0x04, 0x00, 0x00, 0x00, 0x58, 0xff, 0xff,
    0xff, 0x04, 0x00, 0x00, 0x00, 0x58, 0xff, 0xff, 0xff, 0x04, 0xb4, 0xc0, 0xc0, 0xd6, 0xff, 0xff,
    0xff, 0x04, 0xf0, 0xff, 0xff, 0xff, 0xff, 0xff, 0xff, 0x04, 0xf0, 0xff, 0xff, 0xff, 0xff, 0xff,
    0xff, 0x04, 0x00, 0x00, 0x00, 0x00, 0x04, 0x7b, 0x80, 0x80, 0x44, 0x00, 0x00, 0x00, 0x00, 0x00,
    0x00, 0x00, 0x00, 0x6e, 0xff, 0xff, 0xff, 0xe7, 0x0d, 0x00, 0x00, 0x00, 0x00, 0x00, 0x00, 0x11,
    0xed, 0xff, 0xff, 0xff, 0xff, 0x86, 0x00, 0x00, 0x00, 0x00, 0x00, 0x00, 0x91, 0xff, 0xff, 0xcd,
    0xfe, 0xff, 0xf7, 0x20, 0x00, 0x00, 0x00, 0x00, 0x27, 0xfa, 0xff, 0xfe, 0x2f, 0xa8, 0xff, 0xff,
    0xaa, 0x00, 0x00, 0x00, 0x00, 0xb4, 0xff, 0xff, 0xac, 0x00, 0x25, 0xfb, 0xff, 0xff, 0x3c, 0x00,
    0x00, 0x45, 0xff, 0xff, 0xfe, 0x2c, 0x00, 0x00, 0x9a, 0xff, 0xff, 0xcb, 0x01, 0x03, 0xd3, 0xff,
    0xff, 0xa8, 0x00, 0x00, 0x00, 0x1c, 0xf7, 0xff, 0xff, 0x5f, 0xa8, 0xc0, 0xc0, 0xc0, 0xc0, 0xc0,
    0xc0, 0xc0, 0xc0, 0xc0, 0xc0, 0x4e, 0xe0, 0xff, 0xff, 0xff, 0xff, 0xff, 0xff, 0xff, 0xff, 0xff,
    0xff, 0x68, 0xe0, 0xff, 0xff, 0xff, 0xff, 0xff, 0xff, 0xff, 0xff, 0xff, 0xff, 0x68, 0x00, 0x23,
    0x8c, 0x0d, 0x00, 0x00, 0x00, 0x00, 0xa3, 0xff, 0xe4, 0x56, 0x00, 0x00, 0x20, 0xfd, 0xff, 0xff,
    0xff, 0xbb, 0x27, 0x00, 0x2d, 0x94, 0xf0, 0xff, 0xff, 0xc1, 0x00, 0x00, 0x00, 0x09, 0x60, 0xc6,
    0x3d, 0x00, 0x06, 0x49, 0x92, 0xcf, 0xf0, 0xfb, 0xee, 0xc4, 0x6d, 0x05, 0x00, 0x00, 0x00, 0x0f,
    0xf7, 0xff, 0xff, 0xff, 0xff, 0xff, 0xff, 0xff, 0xbb, 0x02, 0x00, 0x00, 0x00, 0xac, 0xfc, 0xdb,
    0xc4, 0xcc, 0xf7, 0xff, 0xff, 0xff, 0x57, 0x00, 0x00, 0x00, 0x11, 0x08, 0x00, 0x00, 0x00, 0x13,
    0xe6, 0xff, 0xff, 0x99, 0x00, 0x00, 0x00, 0x00, 0x34, 0x84, 0xad, 0xbc, 0xc0, 0xf1, 0xff, 0xff,
    0xab, 0x00, 0x00, 0x08, 0xa8, 0xff, 0xff, 0xff, 0xff, 0xff, 0xff, 0xff, 0xff, 0xac, 0x00, 0x00,
    0x99, 0xff, 0xff, 0xff, 0xff, 0xff, 0xff, 0xff, 0xff, 0xff, 0xac, 0x00, 0x0b, 0xf8, 0xff, 0xff,
    0xef, 0x55, 0x13, 0x01, 0xc4, 0xff, 0xff, 0xac, 0x00, 0x2c, 0xff, 0xff, 0xff, 0x8a, 0x00, 0x00,
    0x00, 0xc4, 0xff, 0xff, 0xac, 0x00, 0x24, 0xff, 0xff, 0xff, 0xb0, 0x01, 0x00, 0x49, 0xf9, 0xff,
    0xff, 0xba, 0x00, 0x01, 0xe3, 0xff, 0xff, 0xff, 0xdc, 0xd4, 0xff, 0xff, 0xff, 0xff, 0xfe, 0x48,
    0x00, 0x59, 0xff, 0xff, 0xff, 0xff, 0xff, 0xff, 0x9e, 0xf1, 0xff, 0xff, 0x25, 0x00, 0x00, 0x50,
    0xcb, 0xf8, 0xf0, 0xbb, 0x50, 0x00, 0x2e, 0xb0, 0xc9, 0x00, 0x44, 0xb4, 0xcf, 0xea, 0x23, 0x00,
    0x00, 0x00, 0x00, 0x00, 0x00, 0x00, 0x6c, 0xff, 0xff, 0xff, 0x24, 0x00, 0x00, 0x00, 0x00, 0x00,
    0x00, 0x00, 0x6c, 0xff, 0xff, 0xff, 0x24, 0x00, 0x00, 0x00, 0x00, 0x00, 0x00, 0x00, 0x6c, 0xff,
    0xff, 0xff, 0x24, 0x00, 0x00, 0x00, 0x00, 0x00, 0x00, 0x00, 0x6c, 0xff, 0xff, 0xff, 0x24, 0x00,
    0x00, 0x00, 0x00, 0x00, 0x00, 0x00, 0x6c, 0xff, 0xff, 0xff, 0x29, 0x7e, 0xe3, 0xf6, 0xce, 0x59,
    0x00, 0x00, 0x6c, 0xff, 0xff, 0xff, 0xc7, 0xff, 0xff, 0xff, 0xff, 0xff, 0x5e, 0x00, 0x6c, 0xff,
    0xff, 0xff, 0xff, 0xe2, 0xd7, 0xff, 0xff, 0xff, 0xe8, 0x07, 0x6c, 0xff, 0xff, 0xff, 0xac, 0x04,
    0x00, 0x9e, 0xff, 0xff, 0xff, 0x47, 0x6c, 0xff, 0xff, 0xff, 0x27, 0x00, 0x00, 0x3b, 0xff, 0xff,
    0xff, 0x7b, 0x6c, 0xff, 0xff, 0xff, 0x24, 0x00, 0x00, 0x18, 0xff, 0xff, 0xff, 0x98, 0x6c, 0xff,
    0xff, 0xff, 0x24, 0x00, 0x00, 0x0e, 0xff, 0xff, 0xff, 0x9f, 0x6c, 0xff, 0xff, 0xff, 0x24, 0x00,
    0x00, 0x19, 0xff, 0xff, 0xff, 0x8f, 0x6c, 0xff, 0xff, 0xff, 0x24, 0x00, 0x00, 0x42, 0xff, 0xff,
    0xff, 0x6f, 0x6c, 0xff, 0xff, 0xff, 0x73, 0x00, 0x05, 0xb9, 0xff, 0xff, 0xff, 0x2d, 0x6c, 0xff,
    0xff, 0xff, 0xff, 0xd1, 0xe6, 0xff, 0xff, 0xff, 0xc0, 0x00, 0x6c, 0xff, 0xff, 0xf6, 0xfb, 0xff,
    0xff, 0xff, 0xff, 0xec, 0x29, 0x00, 0x6c, 0xff, 0xff, 0xc9, 0x42, 0xc6, 0xf7, 0xe8, 0xa7, 0x24,
    0x00, 0x00, 0x00, 0x00, 0x00, 0x25, 0x92, 0xd7, 0xf5, 0xf2, 0xcb, 0x7b, 0x10, 0x00, 0x00, 0x00,
    0x5b, 0xf7, 0xff, 0xff, 0xff, 0xff, 0xff, 0xff, 0xe2, 0x0b, 0x00, 0x3c, 0xfd, 0xff, 0xff, 0xfe,
    0xd7, 0xd0, 0xfc, 0xff, 0x82, 0x00, 0x00, 0xce, 0xff, 0xff, 0xf5, 0x43, 0x00, 0x00, 0x1f, 0x84,
    0x04, 0x00, 0x29, 0xff, 0xff, 0xff, 0x90, 0x00, 0x00, 0x00, 0x00, 0x00, 0x00, 0x00, 0x57, 0xff,
    0xff, 0xff, 0x57, 0x00, 0x00, 0x00, 0x00, 0x00, 0x00, 0x00, 0x6d, 0xff, 0xff, 0xff, 0x47, 0x00,
    0x00, 0x00, 0x00, 0x00, 0x00, 0x00, 0x5d, 0xff, 0xff, 0xff, 0x53, 0x00, 0x00, 0x00, 0x00, 0x00,
    0x00, 0x00, 0x36, 0xff, 0xff, 0xff, 0x88, 0x00, 0x00, 0x00, 0x00, 0x00, 0x00, 0x00, 0x01, 0xde,
    0xff, 0xff, 0xf1, 0x2f, 0x00, 0x00, 0x2d, 0x9b, 0x06, 0x00, 0x00, 0x52, 0xff, 0xff, 0xff, 0xfd,
    0xce, 0xd2, 0xfe, 0xff, 0x87, 0x00, 0x00, 0x00, 0x73, 0xfc, 0xff, 0xff, 0xff, 0xff, 0xff, 0xff,
    0xe0, 0x0b, 0x00, 0x00, 0x00, 0x32, 0x9e, 0xdc, 0xf7, 0xf0, 0xc5, 0x72, 0x0c, 0x00, 0x00, 0x00,
    0x00, 0x00, 0x00, 0x00, 0x00, 0x00, 0x94, 0xdd, 0xc2, 0xa0, 0x00, 0x00, 0x00, 0x00, 0x00, 0x00,
    0x00, 0x00, 0x9c, 0xff, 0xff, 0xf4, 0x00, 0x00, 0x00, 0x00, 0x00, 0x00, 0x00, 0x00, 0x9c, 0xff,
    0xff, 0xf4, 0x00, 0x00, 0x00, 0x00, 0x00, 0x00, 0x00, 0x00, 0x9c, 0xff, 0xff, 0xf4, 0x00, 0x00,
    0x00, 0x00, 0x00, 0x00, 0x00, 0x00, 0x9c, 0xff, 0xff, 0xf4, 0x00, 0x00, 0x00, 0x5a, 0xcd, 0xf5,
    0xe3, 0x80, 0xa0, 0xff, 0xff, 0xf4, 0x00, 0x00, 0x80, 0xff, 0xff, 0xff, 0xff, 0xff, 0xfb, 0xff,
    0xff, 0xf4, 0x00, 0x31, 0xfe, 0xff, 0xff, 0xfc, 0xd0, 0xef, 0xff, 0xff, 0xff, 0xf4, 0x00, 0xa0,
    0xff, 0xff, 0xff, 0x4d, 0x00, 0x17, 0xd8, 0xff, 0xff, 0xf4, 0x00, 0xe4, 0xff, 0xff, 0xcc, 0x00,
    0x00, 0x00, 0x9c, 0xff, 0xff, 0xf4, 0x05, 0xff, 0xff, 0xff, 0xa1, 0x00, 0x00, 0x00, 0x9c, 0xff,
    0xff, 0xf4, 0x13, 0xff, 0xff, 0xff, 0x96, 0x00, 0x00, 0x00, 0x9c, 0xff, 0xff, 0xf4, 0x07, 0xff,
    0xff, 0xff, 0x9f, 0x00, 0x00, 0x00, 0x9c, 0xff, 0xff, 0xf4, 0x00, 0xed, 0xff, 0xff, 0xc3, 0x00,
    0x00, 0x00, 0x9d, 0xff, 0xff, 0xf4, 0x00, 0xb7, 0xff, 0xff, 0xfc, 0x2d, 0x00, 0x32, 0xf3, 0xff,
    0xff, 0xf4, 0x00, 0x5a, 0xff, 0xff, 0xff, 0xf5, 0xc9, 0xf9, 0xff, 0xff, 0xff, 0xf4, 0x00, 0x03,
    0xbe, 0xff, 0xff, 0xff, 0xff, 0xff, 0xcd, 0xff, 0xff, 0xf4, 0x00, 0x00, 0x0e, 0x8e, 0xe2, 0xf7,
    0xd1, 0x5f, 0x42, 0xff, 0xff, 0xf4, 0x00, 0x00, 0x10, 0x7b, 0xd1, 0xf3, 0xec, 0xc3, 0x5f, 0x01,
    0x00, 0x00, 0x00, 0x22, 0xdb, 0xff, 0xff, 0xff, 0xff, 0xff, 0xff, 0xae, 0x05, 0x00, 0x03, 0xcf,
    0xff, 0xff, 0xfd, 0xcf, 0xdb, 0xff, 0xff, 0xff, 0x7d, 0x00, 0x5e, 0xff, 0xff, 0xfc, 0x40, 0x00,
    0x00, 0x7a, 0xff, 0xff, 0xf1, 0x07, 0xb3, 0xff, 0xff, 0xbe, 0x00, 0x00, 0x00, 0x0c, 0xff, 0xff,
    0xff, 0x48, 0xdf, 0xff, 0xff, 0xff, 0xff, 0xff, 0xff, 0xff, 0xff, 0xff, 0xff, 0x69, 0xf2, 0xff,
    0xff, 0xff, 0xff, 0xff, 0xff, 0xff, 0xff, 0xff, 0xff, 0x7c, 0xdf, 0xff, 0xff, 0xed, 0xc0, 0xc0,
    0xc0, 0xc0, 0xc0, 0xc0, 0xc0, 0x59, 0xb7, 0xff, 0xff, 0xe1, 0x00, 0x00, 0x00, 0x00, 0x00, 0x00,
    0x00, 0x00, 0x63, 0xff, 0xff, 0xff, 0x87, 0x05, 0x00, 0x00, 0x26, 0x74, 0x01, 0x00, 0x06, 0xd2,
    0xff, 0xff, 0xff, 0xea, 0xc9, 0xe3, 0xfe, 0xff, 0x76, 0x00, 0x00, 0x24, 0xd8, 0xff, 0xff, 0xff,
    0xff, 0xff, 0xff, 0xff, 0xa9, 0x00, 0x00, 0x00, 0x0d, 0x71, 0xc9, 0xeb, 0xf9, 0xe3, 0xa9, 0x45,
    0x00, 0x00, 0x00, 0x00, 0x00, 0x00, 0x01, 0x64, 0xc5, 0xee, 0xfb, 0xeb, 0xbf, 0x72, 0x11, 0x00,
    0x00, 0x00, 0x01, 0xa8, 0xff, 0xff, 0xff, 0xff, 0xff, 0xff, 0xf7, 0x11, 0x00, 0x00, 0x00, 0x55,
    0xff, 0xff, 0xff, 0xf4, 0xc9, 0xd2, 0xf7, 0xa1, 0x00, 0x00, 0x00, 0x00, 0xa6, 0xff, 0xff, 0xf4,
    0x1c, 0x00, 0x00, 0x0a, 0x14, 0x00, 0x00, 0x00, 0x00, 0xc1, 0xff, 0xff, 0xcc, 0x00, 0x00, 0x00,
    0x00, 0x00, 0x00, 0x00, 0x00, 0x00, 0xc4, 0xff, 0xff, 0xc8, 0x00, 0x00, 0x00, 0x00, 0x00, 0x00,
    0x36, 0xc0, 0xc0, 0xf1, 0xff, 0xff, 0xf2, 0xc0, 0xc0, 0xc0, 0x79, 0x00, 0x00, 0x48, 0xff, 0xff,
    0xff, 0xff, 0xff, 0xff, 0xff, 0xff, 0xff, 0x82, 0x00, 0x00, 0x48, 0xff, 0xff, 0xff, 0xff, 0xff,
    0xff, 0xff, 0xff, 0xff, 0x5e, 0x00, 0x00, 0x00, 0x00, 0x00, 0xc4, 0xff, 0xff, 0xc8, 0x00, 0x00,
    0x00, 0x00, 0x00, 0x00, 0x00, 0x00, 0x00, 0xc4, 0xff, 0xff, 0xc8, 0x00, 0x00, 0x00, 0x00, 0x00,
    0x00, 0x00, 0x00, 0x00, 0xc4, 0xff, 0xff, 0xc8, 0x00, 0x00, 0x00, 0x00, 0x00, 0x00, 0x00, 0x00,
    0x00, 0xc4, 0xff, 0xff, 0xc8, 0x00, 0x00, 0x00, 0x00, 0x00, 0x00, 0x00, 0x00, 0x00, 0xc4, 0xff,
    0xff, 0xc8, 0x00, 0x00, 0x00, 0x00, 0x00, 0x00, 0x00, 0x00, 0x00, 0xc4, 0xff, 0xff, 0xc8, 0x00,
    0x00, 0x00, 0x00, 0x00, 0x00, 0x00, 0x00, 0x00, 0xc4, 0xff, 0xff, 0xc8, 0x00, 0x00, 0x00, 0x00,
    0x00, 0x00, 0x00, 0x00, 0x00, 0xc4, 0xff, 0xff, 0xc8, 0x00, 0x00, 0x00, 0x00, 0x00, 0x00, 0x00,
    0x00, 0x00, 0xc4, 0xff, 0xff, 0xc8, 0x00, 0x00, 0x00, 0x00, 0x00, 0x00, 0x00, 0x00, 0x00, 0x00,
    0x00, 0x00, 0x00, 0x00, 0x00, 0x00, 0x00, 0x34, 0x29, 0x00, 0x00, 0x00, 0x00, 0x00, 0x00, 0x00,
    0x00, 0x09, 0x24, 0x63, 0xb9, 0xff, 0x88, 0x00, 0x00, 0x00, 0x00, 0x41, 0xab, 0xe5, 0xfb, 0xff,
    0xff, 0xff, 0xff, 0xff, 0xd2, 0x00, 0x00, 0x00, 0x84, 0xff, 0xff, 0xff, 0xff, 0xff, 0xff, 0xf4,
    0xcf, 0xb2, 0x6d, 0x01, 0x00, 0x45, 0xff, 0xff, 0xff, 0xf9, 0xcb, 0xe6, 0xff, 0xfe, 0xa0, 0x07,
    0x00, 0x00, 0x00, 0xa2, 0xff, 0xff, 0xfc, 0x31, 0x00, 0x05, 0xc3, 0xff, 0xff, 0x8b, 0x00, 0x00,
    0x00, 0xbc, 0xff, 0xff, 0xe2, 0x00, 0x00, 0x00, 0x8a, 0xff, 0xff, 0xd7, 0x00, 0x00, 0x00, 0xa0,
    0xff, 0xff, 0xfc, 0x31, 0x00, 0x06, 0xc9, 0xff, 0xff, 0xd4, 0x00, 0x00, 0x00, 0x3e, 0xfd, 0xff,
    0xff, 0xf9, 0xca, 0xe7, 0xff, 0xff, 0xff, 0x8a, 0x00, 0x00, 0x00, 0x00, 0x5b, 0xf2, 0xff, 0xff,
    0xff, 0xff, 0xff, 0xff, 0xcd, 0x0e, 0x00, 0x00, 0x00, 0x00, 0x38, 0xf1, 0xff, 0xed, 0xf6, 0xf1,
    0xcc, 0x76, 0x07, 0x00, 0x00, 0x00, 0x00, 0x00, 0xca, 0xff, 0xff, 0x23, 0x00, 0x00, 0x00, 0x00,
    0x00, 0x00, 0x00, 0x00, 0x00, 0x00, 0xef, 0xff, 0xff, 0xe3, 0xc1, 0xc0, 0xba, 0xa1, 0x59, 0x03,
    0x00, 0x00, 0x00, 0x00, 0xa3, 0xff, 0xff, 0xff, 0xff, 0xff, 0xff, 0xff, 0xff, 0xc9, 0x10, 0x00,
    0x00, 0x00, 0x0d, 0x95, 0xe4, 0xfc, 0xff, 0xff, 0xff, 0xff, 0xff, 0xff, 0x94, 0x00, 0x05, 0x14,
    0x14, 0x11, 0x00, 0x00, 0x00, 0x01, 0x24, 0xda, 0xff, 0xff, 0xd9, 0x00, 0x3d, 0xff, 0xff, 0xf9,
    0x18, 0x00, 0x00, 0x00, 0x09, 0xd1, 0xff, 0xff, 0xd3, 0x00, 0x0f, 0xf7, 0xff, 0xff, 0xf7, 0xce,
    0xc2, 0xcb, 0xf2, 0xff, 0xff, 0xff, 0x80, 0x00, 0x00, 0x75, 0xff, 0xff, 0xff, 0xff, 0xff, 0xff,
    0xff, 0xff, 0xff, 0xb3, 0x07, 0x00, 0x00, 0x00, 0x40, 0xab, 0xde, 0xf7, 0xfe, 0xf4, 0xda, 0xa7,
    0x4d, 0x00, 0x00, 0x00, 0x43, 0xb3, 0xcd, 0xe7, 0x22, 0x00, 0x00, 0x00, 0x00, 0x00, 0x00, 0x6c,
    0xff, 0xff, 0xff, 0x24, 0x00, 0x00, 0x00, 0x00, 0x00, 0x00, 0x6c, 0xff, 0xff, 0xff, 0x24, 0x00,
    0x00, 0x00, 0x00, 0x00, 0x00, 0x6c, 0xff, 0xff, 0xff, 0x24, 0x00, 0x00, 0x00, 0x00, 0x00, 0x00,
    0x6c, 0xff, 0xff, 0xff, 0x24, 0x00, 0x00, 0x00, 0x00, 0x00, 0x00, 0x6c, 0xff, 0xff, 0xff, 0x26,
    0x69, 0xd1, 0xf7, 0xda, 0x73, 0x01, 0x6c, 0xff, 0xff, 0xff, 0xc4, 0xff, 0xff, 0xff, 0xff, 0xff,
    0x62, 0x6c, 0xff, 0xff, 0xff, 0xff, 0xed, 0xd4, 0xff, 0xff, 0xff, 0xc7, 0x6c, 0xff, 0xff, 0xff,
    0xc6, 0x10, 0x00, 0xc9, 0xff, 0xff, 0xea, 0x6c, 0xff, 0xff, 0xff, 0x2c, 0x00, 0x00, 0xa1, 0xff,
    0xff, 0xf4, 0x6c, 0xff, 0xff, 0xff, 0x24, 0x00, 0x00, 0x9c, 0xff, 0xff, 0xf4, 0x6c, 0xff, 0xff,
    0xff, 0x24, 0x00, 0x00, 0x9c, 0xff, 0xff, 0xf4, 0x6c, 0xff, 0xff, 0xff, 0x24, 0x00, 0x00, 0x9c,
    0xff, 0xff, 0xf4, 0x6c, 0xff, 0xff, 0xff, 0x24, 0x00, 0x00, 0x9c, 0xff, 0xff, 0xf4, 0x6c, 0xff,
    0xff, 0xff, 0x24, 0x00, 0x00, 0x9c, 0xff, 0xff, 0xf4, 0x6c, 0xff, 0xff, 0xff, 0x24, 0x00, 0x00,
    0x9c, 0xff, 0xff, 0xf4, 0x6c, 0xff, 0xff, 0xff, 0x24, 0x00, 0x00, 0x9c, 0xff, 0xff, 0xf4, 0x6c,
    0xff, 0xff, 0xff, 0x24, 0x00, 0x00, 0x9c, 0xff, 0xff, 0xf4, 0x00, 0x00, 0x00, 0x01, 0x94, 0xf2,
    0xd3, 0x2f, 0x00, 0x00, 0x00, 0x00, 0x00, 0x00, 0x44, 0xff, 0xff, 0xff, 0xbc, 0x00, 0x00, 0x00,
    0x00, 0x00, 0x00, 0x44, 0xff, 0xff, 0xff, 0xbb, 0x00, 0x00, 0x00, 0x00, 0x00, 0x00, 0x01, 0x94,
    0xf2, 0xd4, 0x2f, 0x00, 0x00, 0x00, 0x00, 0x00, 0x00, 0x00, 0x00, 0x00, 0x00, 0x00, 0x00, 0x00,
    0x00, 0x00, 0x00, 0x00, 0x00, 0x00, 0x00, 0x00, 0x00, 0x00, 0x00, 0x00, 0x00, 0xf4, 0xff, 0xff,
    0xff, 0xff, 0xff, 0xe8, 0x00, 0x00, 0x00, 0x00, 0xf4, 0xff, 0xff, 0xff, 0xff, 0xff, 0xe8, 0x00,
    0x00, 0x00, 0x00, 0xb7, 0xc0, 0xc0, 0xea, 0xff, 0xff, 0xe8, 0x00, 0x00, 0x00, 0x00, 0x00, 0x00,
    0x00, 0xa8, 0xff, 0xff, 0xe8, 0x00, 0x00, 0x00, 0x00, 0x00, 0x00, 0x00, 0xa8, 0xff, 0xff, 0xe8,
    0x00, 0x00, 0x00, 0x00, 0x00, 0x00, 0x00, 0xa8, 0xff, 0xff, 0xe8, 0x00, 0x00, 0x00, 0x00, 0x00,
    0x00, 0x00, 0xa8, 0xff, 0xff, 0xe8, 0x00, 0x00, 0x00, 0x00, 0x00, 0x00, 0x00, 0xa8, 0xff, 0xff,
    0xe8, 0x00, 0x00, 0x00, 0x00, 0x00, 0x00, 0x00, 0xa8, 0xff, 0xff, 0xe8, 0x00, 0x00, 0x00, 0x00,
    0x00, 0x00, 0x00, 0xa8, 0xff, 0xff, 0xe8, 0x00, 0x00, 0x00, 0x0c, 0xc0, 0xc0, 0xc0, 0xea, 0xff,
    0xff, 0xfa, 0xc0, 0xc0, 0xb7, 0x10, 0xff, 0xff, 0xff, 0xff, 0xff, 0xff, 0xff, 0xff, 0xff, 0xf4,
    0x10, 0xff, 0xff, 0xff, 0xff, 0xff, 0xff, 0xff, 0xff, 0xff, 0xf4, 0x00, 0x00, 0x00, 0x00, 0x00,
    0x26, 0xcc, 0xf3, 0xa3, 0x04, 0x00, 0x00, 0x00, 0x00, 0x00, 0xa9, 0xff, 0xff, 0xff, 0x58, 0x00,
    0x00, 0x00, 0x00, 0x00, 0xa9, 0xff, 0xff, 0xff, 0x57, 0x00, 0x00, 0x00, 0x00, 0x00, 0x26, 0xcd,
    0xf4, 0xa3, 0x04, 0x00, 0x00, 0x00, 0x00, 0x00, 0x00, 0x00, 0x00, 0x00, 0x00, 0x00, 0x00, 0x00,
    0x00, 0x00, 0x00, 0x00, 0x00, 0x00, 0x00, 0x00, 0x38, 0xff, 0xff, 0xff, 0xff, 0xff, 0xff, 0xff,
    0xa8, 0x00, 0x38, 0xff, 0xff, 0xff, 0xff, 0xff, 0xff, 0xff, 0xa8, 0x00, 0x2a, 0xc0, 0xc0, 0xc0,
    0xc0, 0xfa, 0xff, 0xff, 0xa8, 0x00, 0x00, 0x00, 0x00, 0x00, 0x00, 0xe8, 0xff, 0xff, 0xa8, 0x00,
    0x00, 0x00, 0x00, 0x00, 0x00, 0xe8, 0xff, 0xff, 0xa8, 0x00, 0x00, 0x00, 0x00, 0x00, 0x00, 0xe8,
    0xff, 0xff, 0xa8, 0x00, 0x00, 0x00, 0x00, 0x00, 0x00, 0xe8, 0xff, 0xff, 0xa8, 0x00, 0x00, 0x00,
    0x00, 0x00, 0x00, 0xe8, 0xff, 0xff, 0xa8, 0x00, 0x00, 0x00, 0x00, 0x00, 0x00, 0xe8, 0xff, 0xff,
    0xa8, 0x00, 0x00, 0x00, 0x00, 0x00, 0x00, 0xed, 0xff, 0xff, 0x9c, 0x00, 0x00, 0x00, 0x00, 0x00,
    0x05, 0xfe, 0xff, 0xff, 0x83, 0x00, 0x00, 0x00, 0x00, 0x00, 0x3f, 0xff, 0xff, 0xff, 0x63, 0x00,
    0x00, 0x00, 0x00, 0x00, 0xb3, 0xff, 0xff, 0xfb, 0x15, 0x00, 0x00, 0x00, 0x07, 0x95, 0xff, 0xff,
    0xff, 0xab, 0x00, 0x00, 0x1e, 0x72, 0xde, 0xff, 0xff, 0xff, 0xe5, 0x15, 0x00, 0x53, 0xff, 0xff,
    0xff, 0xff, 0xff, 0xd6, 0x2c, 0x00, 0x00, 0x2d, 0xff, 0xff, 0xff, 0xec, 0x84, 0x0a, 0x00, 0x00,
    0x00, 0x03, 0xdf, 0xa4, 0x5b, 0x09, 0x00, 0x00, 0x00, 0x00, 0x00, 0x00, 0x00, 0x00, 0x00, 0x00,
    0x00, 0x00, 0x00, 0x00, 0x00, 0x04, 0x1c, 0x37, 0x52, 0x0d, 0x00, 0x00, 0x00, 0x00, 0x00, 0x00,
    0x00, 0x00, 0x6c, 0xff, 0xff, 0xff, 0x24, 0x00, 0x00, 0x00, 0x00, 0x00, 0x00, 0x00, 0x00, 0x6c,
    0xff, 0xff, 0xff, 0x24, 0x00, 0x00, 0x00, 0x00, 0x00, 0x00, 0x00, 0x00, 0x6c, 0xff, 0xff, 0xff,
    0x24, 0x00, 0x00, 0x00, 0x00, 0x00, 0x00, 0x00, 0x00, 0x6c, 0xff, 0xff, 0xff, 0x24, 0x00, 0x00,
    0x00, 0x00, 0x00, 0x00, 0x00, 0x00, 0x6c, 0xff, 0xff, 0xff, 0x24, 0x00, 0x00, 0x00, 0x00, 0x00,
    0x00, 0x00, 0x00, 0x6c, 0xff, 0xff, 0xff, 0x24, 0x00, 0x00, 0x26, 0xf6, 0xff, 0xff, 0x9c, 0x00,
    0x6c, 0xff, 0xff, 0xff, 0x24, 0x00, 0x02, 0xc6, 0xff, 0xff, 0xe0, 0x0d, 0x00, 0x6c, 0xff, 0xff,
    0xff, 0x24, 0x00, 0x74, 0xff, 0xff, 0xfe, 0x41, 0x00, 0x00, 0x6c, 0xff, 0xff, 0xff, 0x24, 0x27,
    0xf7, 0xff, 0xff, 0x91, 0x00, 0x00, 0x00, 0x6c, 0xff, 0xff, 0xff, 0x26, 0xc7, 0xff, 0xff, 0xd9,
    0x09, 0x00, 0x00, 0x00, 0x6c, 0xff, 0xff, 0xff, 0x97, 0xff, 0xff, 0xff, 0x3c, 0x00, 0x00, 0x00,
    0x00, 0x6c, 0xff, 0xff, 0xff, 0x86, 0xff, 0xff, 0xff, 0x70, 0x00, 0x00, 0x00, 0x00, 0x6c, 0xff,
    0xff, 0xff, 0x26, 0xd1, 0xff, 0xff, 0xf0, 0x16, 0x00, 0x00, 0x00, 0x6c, 0xff, 0xff, 0xff, 0x24,
    0x46, 0xff, 0xff, 0xff, 0x9e, 0x00, 0x00, 0x00, 0x6c, 0xff, 0xff, 0xff, 0x24, 0x00, 0xb9, 0xff,
    0xff, 0xfe, 0x37, 0x00, 0x00, 0x6c, 0xff, 0xff, 0xff, 0x24, 0x00, 0x2d, 0xfd, 0xff, 0xff, 0xcb,
    0x02, 0x00, 0x6c, 0xff, 0xff, 0xff, 0x24, 0x00, 0x00, 0x9d, 0xff, 0xff, 0xff, 0x64, 0x00, 0x6c,
    0xff, 0xff, 0xff, 0x24, 0x00, 0x00, 0x1a, 0xf4, 0xff, 0xff, 0xea, 0x11, 0x44, 0xff, 0xff, 0xff,
    0xff, 0xff, 0xff, 0xd4, 0x00, 0x00, 0x00, 0x00, 0x44, 0xff, 0xff, 0xff, 0xff, 0xff, 0xff, 0xd4,
    0x00, 0x00, 0x00, 0x00, 0x33, 0xc0, 0xc0, 0xc0, 0xef, 0xff, 0xff, 0xd4, 0x00, 0x00, 0x00, 0x00,
    0x00, 0x00, 0x00, 0x00, 0xbc, 0xff, 0xff, 0xd4, 0x00, 0x00, 0x00, 0x00, 0x00, 0x00, 0x00, 0x00,
    0xbc, 0xff, 0xff, 0xd4, 0x00, 0x00, 0x00, 0x00, 0x00, 0x00, 0x00, 0x00, 0xbc, 0xff, 0xff, 0xd4,
    0x00, 0x00, 0x00, 0x00, 0x00, 0x00, 0x00, 0x00, 0xbc, 0xff, 0xff, 0xd4, 0x00, 0x00, 0x00, 0x00,
    0x00, 0x00, 0x00, 0x00, 0xbc, 0xff, 0xff, 0xd4, 0x00, 0x00, 0x00, 0x00, 0x00, 0x00, 0x00, 0x00,
    0xbc, 0xff, 0xff, 0xd4, 0x00, 0x00, 0x00, 0x00, 0x00, 0x00, 0x00, 0x00, 0xbc, 0xff, 0xff, 0xd4,
    0x00, 0x00, 0x00, 0x00, 0x00, 0x00, 0x00, 0x00, 0xbc, 0xff, 0xff, 0xd4, 0x00, 0x00, 0x00, 0x00,
    0x00, 0x00, 0x00, 0x00, 0xbc, 0xff, 0xff, 0xd4, 0x00, 0x00, 0x00, 0x00, 0x00, 0x00, 0x00, 0x00,
    0xbc, 0xff, 0xff, 0xd4, 0x00, 0x00, 0x00, 0x00, 0x00, 0x00, 0x00, 0x00, 0xb7, 0xff, 0xff, 0xd4,
    0x00, 0x00, 0x00, 0x00, 0x00, 0x00, 0x00, 0x00, 0x9e, 0xff, 0xff, 0xf1, 0x10, 0x00, 0x04, 0x02,
    0x00, 0x00, 0x00, 0x00, 0x5b, 0xff, 0xff, 0xff, 0xeb, 0xc8, 0xed, 0x49, 0x00, 0x00, 0x00, 0x00,
    0x05, 0xcf, 0xff, 0xff, 0xff, 0xff, 0xff, 0xa7, 0x00, 0x00, 0x00, 0x00, 0x00, 0x14, 0x9b, 0xe7,
    0xfc, 0xee, 0xbe, 0x5d, 0x68, 0xff, 0xff, 0x51, 0x8b, 0xef, 0xe8, 0x51, 0x4d, 0xd5, 0xf4, 0xb8,
    0x15, 0x68, 0xff, 0xff, 0xeb, 0xff, 0xff, 0xff, 0xf5, 0xff, 0xff, 0xff, 0xff, 0x9b, 0x68, 0xff,
    0xff, 0xff, 0xe5, 0xef, 0xff, 0xff, 0xf8, 0xdd, 0xff, 0xff, 0xda, 0x68, 0xff, 0xff, 0xdb, 0x0b,
    0x7e, 0xff, 0xff, 0x3f, 0x26, 0xff, 0xff, 0xed, 0x68, 0xff, 0xff, 0xb4, 0x00, 0x74, 0xff, 0xff,
    0x0c, 0x1c, 0xff, 0xff, 0xf0, 0x68, 0xff, 0xff, 0xb4, 0x00, 0x74, 0xff, 0xff, 0x0c, 0x1c, 0xff,
    0xff, 0xf0, 0x68, 0xff, 0xff, 0xb4, 0x00, 0x74, 0xff, 0xff, 0x0c, 0x1c, 0xff, 0xff, 0xf0, 0x68,
    0xff, 0xff, 0xb4, 0x00, 0x74, 0xff, 0xff, 0x0c, 0x1c, 0xff, 0xff, 0xf0, 0x68, 0xff, 0xff, 0xb4,
    0x00, 0x74, 0xff, 0xff, 0x0c, 0x1c, 0xff, 0xff, 0xf0, 0x68, 0xff, 0xff, 0xb4, 0x00, 0x74, 0xff,
    0xff, 0x0c, 0x1c, 0xff, 0xff, 0xf0, 0x68, 0xff, 0xff, 0xb4, 0x00, 0x74, 0xff, 0xff, 0x0c, 0x1c,
    0xff, 0xff, 0xf0, 0x68, 0xff, 0xff, 0xb4, 0x00, 0x74, 0xff, 0xff, 0x0c, 0x1c, 0xff, 0xff, 0xf0,
    0x68, 0xff, 0xff, 0xb4, 0x00, 0x74, 0xff, 0xff, 0x0c, 0x1c, 0xff, 0xff, 0xf0, 0x6c, 0xff, 0xff,
    0xc2, 0x07, 0x79, 0xd7, 0xf7, 0xd9, 0x6c, 0x00, 0x6c, 0xff, 0xff, 0xeb, 0xc4, 0xff, 0xff, 0xff,
    0xff, 0xff, 0x5d, 0x6c, 0xff, 0xff, 0xff, 0xff, 0xec, 0xd3, 0xff, 0xff, 0xff, 0xc6, 0x6c, 0xff,
    0xff, 0xff, 0xbc, 0x0d, 0x00, 0xc9, 0xff, 0xff, 0xe9, 0x6c, 0xff, 0xff, 0xff, 0x28, 0x00, 0x00,
    0xa1, 0xff, 0xff, 0xf4, 0x6c, 0xff, 0xff, 0xff, 0x24, 0x00, 0x00, 0x9c, 0xff, 0xff, 0xf4, 0x6c,
    0xff, 0xff, 0xff, 0x24, 0x00, 0x00, 0x9c, 0xff, 0xff, 0xf4, 0x6c, 0xff, 0xff, 0xff, 0x24, 0x00,
    0x00, 0x9c, 0xff, 0xff, 0xf4, 0x6c, 0xff, 0xff, 0xff, 0x24, 0x00, 0x00, 0x9c, 0xff, 0xff, 0xf4,
    0x6c, 0xff, 0xff, 0xff, 0x24, 0x00, 0x00, 0x9c, 0xff, 0xff, 0xf4, 0x6c, 0xff, 0xff, 0xff, 0x24,
    0x00, 0x00, 0x9c, 0xff, 0xff, 0xf4, 0x6c, 0xff, 0xff, 0xff, 0x24, 0x00, 0x00, 0x9c, 0xff, 0xff,
    0xf4, 0x6c, 0xff, 0xff, 0xff, 0x24, 0x00, 0x00, 0x9c, 0xff, 0xff, 0xf4, 0x00, 0x00, 0x00, 0x1e,
    0x8e, 0xd8, 0xf5, 0xe9, 0xc0, 0x5d, 0x02, 0x00, 0x00, 0x00, 0x00, 0x3d, 0xee, 0xff, 0xff, 0xff,
    0xff, 0xff, 0xff, 0xb1, 0x08, 0x00, 0x00, 0x11, 0xe8, 0xff, 0xff, 0xfd, 0xd3, 0xeb, 0xff, 0xff,
    0xff, 0x89, 0x00, 0x00, 0x7d, 0xff, 0xff, 0xff, 0x53, 0x00, 0x08, 0xc3, 0xff, 0xff, 0xfa, 0x11,
    0x00, 0xce, 0xff, 0xff, 0xd5, 0x00, 0x00, 0x00, 0x4f, 0xff, 0xff, 0xff, 0x5c, 0x00, 0xf4, 0xff,
    0xff, 0xac, 0x00, 0x00, 0x00, 0x25, 0xff, 0xff, 0xff, 0x80, 0x06, 0xff, 0xff, 0xff, 0xa2, 0x00,
    0x00, 0x00, 0x1a, 0xff, 0xff, 0xff, 0x92, 0x00, 0xfb, 0xff, 0xff, 0xac, 0x00, 0x00, 0x00, 0x26,
    0xff, 0xff, 0xff, 0x85, 0x00, 0xd5, 0xff, 0xff, 0xd5, 0x00, 0x00, 0x00, 0x4f, 0xff, 0xff, 0xff,
    0x5d, 0x00, 0x8c, 0xff, 0xff, 0xff, 0x51, 0x00, 0x08, 0xc3, 0xff, 0xff, 0xfa, 0x18, 0x00, 0x1e,
    0xf2, 0xff, 0xff, 0xfd, 0xd2, 0xeb, 0xff, 0xff, 0xff, 0x93, 0x00, 0x00, 0x00, 0x4d, 0xf7, 0xff,
    0xff, 0xff, 0xff, 0xff, 0xff, 0xbb, 0x09, 0x00, 0x00, 0x00, 0x00, 0x27, 0x9c, 0xe0, 0xf9, 0xf1,
    0xc5, 0x67, 0x04, 0x00, 0x00, 0x6c, 0xff, 0xff, 0xc7, 0x13, 0x94, 0xe7, 0xf3, 0xca, 0x4f, 0x00,
    0x00, 0x6c, 0xff, 0xff, 0xe9, 0xd9, 0xff, 0xff, 0xff, 0xff, 0xfe, 0x56, 0x00, 0x6c, 0xff, 0xff,
    0xff, 0xff, 0xe3, 0xd6, 0xff, 0xff, 0xff, 0xe1, 0x04, 0x6c, 0xff, 0xff, 0xff, 0xad, 0x04, 0x00,
    0xa2, 0xff, 0xff, 0xff, 0x3c, 0x6c, 0xff, 0xff, 0xff, 0x28, 0x00, 0x00, 0x45, 0xff, 0xff, 0xff,
    0x71, 0x6c, 0xff, 0xff, 0xff, 0x24, 0x00, 0x00, 0x23, 0xff, 0xff, 0xff, 0x88, 0x6c, 0xff, 0xff,
    0xff, 0x24, 0x00, 0x00, 0x1a, 0xff, 0xff, 0xff, 0x93, 0x6c, 0xff, 0xff, 0xff, 0x24, 0x00, 0x00,
    0x25, 0xff, 0xff, 0xff, 0x83, 0x6c, 0xff, 0xff, 0xff, 0x24, 0x00, 0x00, 0x4c, 0xff, 0xff, 0xff,
    0x63, 0x6c, 0xff, 0xff, 0xff, 0x6d, 0x00, 0x06, 0xbe, 0xff, 0xff, 0xff, 0x21, 0x6c, 0xff, 0xff,
    0xff, 0xff, 0xda, 0xe6, 0xff, 0xff, 0xff, 0xb6, 0x00, 0x6c, 0xff, 0xff, 0xff, 0xf4, 0xff, 0xff,
    0xff, 0xff, 0xea, 0x24, 0x00, 0x6c, 0xff, 0xff, 0xff, 0x46, 0xb0, 0xf3, 0xec, 0xad, 0x25, 0x00,
    0x00, 0x6c, 0xff, 0xff, 0xff, 0x24, 0x00, 0x00, 0x00, 0x00, 0x00, 0x00, 0x00, 0x6c, 0xff, 0xff,
    0xff, 0x24, 0x00, 0x00, 0x00, 0x00, 0x00, 0x00, 0x00, 0x6c, 0xff, 0xff, 0xff, 0x24, 0x00, 0x00,
    0x00, 0x00, 0x00, 0x00, 0x00, 0x6c, 0xff, 0xff, 0xff, 0x24, 0x00, 0x00, 0x00, 0x00, 0x00, 0x00,
    0x00, 0x5a, 0xc1, 0xa4, 0x87, 0x10, 0x00, 0x00, 0x00, 0x00, 0x00, 0x00, 0x00, 0x00, 0x00, 0x00,
    0x59, 0xcb, 0xf4, 0xea, 0x9d, 0x4e, 0xff, 0xff, 0xf4, 0x00, 0x00, 0x7d, 0xff, 0xff, 0xff, 0xff,
    0xff, 0xf8, 0xff, 0xff, 0xf4, 0x00, 0x2c, 0xfd, 0xff, 0xff, 0xfd, 0xd0, 0xed, 0xff, 0xff, 0xff,
    0xf4, 0x00, 0x97, 0xff, 0xff, 0xff, 0x51, 0x00, 0x14, 0xd8, 0xff, 0xff, 0xf4, 0x00, 0xd9, 0xff,
    0xff, 0xd5, 0x00, 0x00, 0x00, 0x9c, 0xff, 0xff, 0xf4, 0x00, 0xf8, 0xff, 0xff, 0xac, 0x00, 0x00,
    0x00, 0x9c, 0xff, 0xff, 0xf4, 0x07, 0xff, 0xff, 0xff, 0xa2, 0x00, 0x00, 0x00, 0x9c, 0xff, 0xff,
    0xf4, 0x00, 0xfb, 0xff, 0xff, 0xaa, 0x00, 0x00, 0x00, 0x9c, 0xff, 0xff, 0xf4, 0x00, 0xe4, 0xff,
    0xff, 0xcc, 0x00, 0x00, 0x00, 0x9c, 0xff, 0xff, 0xf4, 0x00, 0xb2, 0xff, 0xff, 0xfe, 0x30, 0x00,
    0x26, 0xec, 0xff, 0xff, 0xf4, 0x00, 0x59, 0xff, 0xff, 0xff, 0xf5, 0xc9, 0xf7, 0xff, 0xff, 0xff,
    0xf4, 0x00, 0x04, 0xc1, 0xff, 0xff, 0xff, 0xff, 0xfd, 0xe4, 0xff, 0xff, 0xf4, 0x00, 0x00, 0x0f,
    0x8f, 0xe1, 0xf8, 0xd2, 0x4d, 0x9c, 0xff, 0xff, 0xf4, 0x00, 0x00, 0x00, 0x00, 0x00, 0x00, 0x00,
    0x00, 0x9c, 0xff, 0xff, 0xf4, 0x00, 0x00, 0x00, 0x00, 0x00, 0x00, 0x00, 0x00, 0x9c, 0xff, 0xff,
    0xf4, 0x00, 0x00, 0x00, 0x00, 0x00, 0x00, 0x00, 0x00, 0x9c, 0xff, 0xff, 0xf4, 0x00, 0x00, 0x00,
    0x00, 0x00, 0x00, 0x00, 0x00, 0x9c, 0xff, 0xff, 0xf4, 0x00, 0x00, 0x00, 0x00, 0x00, 0x00, 0x00,
    0x00, 0x4c, 0x94, 0xb2, 0xc4, 0x50, 0xff, 0xff, 0xff, 0xff, 0x16, 0x00, 0x4d, 0xc9, 0xf5, 0xff,
    0xa5, 0x50, 0xff, 0xff, 0xff, 0xff, 0x4a, 0x5b, 0xfe, 0xff, 0xff, 0xff, 0x88, 0x3c, 0xc0, 0xef,
    0xff, 0xff, 0x8e, 0xee, 0xff, 0xff, 0xff, 0xff, 0x6b, 0x00, 0x00, 0xbc, 0xff, 0xff, 0xfc, 0xff,
    0xe9, 0x96, 0xff, 0xff, 0x4f, 0x00, 0x00, 0xbc, 0xff, 0xff, 0xff, 0xf2, 0x28, 0x34, 0xff, 0xff,
    0x32, 0x00, 0x00, 0xbc, 0xff, 0xff, 0xff, 0x77, 0x00, 0x34, 0xff, 0xff, 0x16, 0x00, 0x00, 0xbc,
    0xff, 0xff, 0xfa, 0x13, 0x00, 0x00, 0x00, 0x00, 0x00, 0x00, 0x00, 0xbc, 0xff, 0xff, 0xd8, 0x00,
    0x00, 0x00, 0x00, 0x00, 0x00, 0x00, 0x00, 0xbc, 0xff, 0xff, 0xd8, 0x00, 0x00, 0x00, 0x00, 0x00,
    0x00, 0x00, 0x00, 0xbc, 0xff, 0xff, 0xd8, 0x00, 0x00, 0x00, 0x00, 0x00, 0x00, 0x3c, 0xc0, 0xef,
    0xff, 0xff, 0xf6, 0xc0, 0xc0, 0x27, 0x00, 0x00, 0x00, 0x50, 0xff, 0xff, 0xff, 0xff, 0xff, 0xff,
    0xff, 0x34, 0x00, 0x00, 0x00, 0x50, 0xff, 0xff, 0xff, 0xff, 0xff, 0xff, 0xff, 0x34, 0x00, 0x00,
    0x00, 0x00, 0x00, 0x2d, 0x9f, 0xde, 0xf8, 0xf6, 0xdd, 0x9f, 0x3c, 0x00, 0x00, 0x00, 0x4e, 0xfa,
    0xff, 0xff, 0xff, 0xff, 0xff, 0xff, 0xff, 0x8f, 0x00, 0x05, 0xe9, 0xff, 0xff, 0xfe, 0xd0, 0xc8,
    0xf1, 0xff, 0xff, 0x4a, 0x00, 0x28, 0xff, 0xff, 0xff, 0x84, 0x00, 0x00, 0x04, 0x5c, 0x87, 0x00,
    0x00, 0x18, 0xff, 0xff, 0xff, 0xdd, 0x56, 0x08, 0x00, 0x00, 0x00, 0x00, 0x00, 0x00, 0xb0, 0xff,
    0xff, 0xff, 0xff, 0xf4, 0xad, 0x52, 0x03, 0x00, 0x00, 0x00, 0x0a, 0x8c, 0xf8, 0xff, 0xff, 0xff,
    0xff, 0xff, 0xd1, 0x1f, 0x00, 0x00, 0x00, 0x00, 0x11, 0x63, 0xb2, 0xf9, 0xff, 0xff, 0xff, 0xbe,
    0x00, 0x00, 0x00, 0x00, 0x00, 0x00, 0x00, 0x19, 0xdd, 0xff, 0xff, 0xfe, 0x06, 0x00, 0x89, 0x9d,
    0x1d, 0x00, 0x00, 0x04, 0xc7, 0xff, 0xff, 0xfa, 0x05, 0x69, 0xff, 0xff, 0xfe, 0xd6, 0xc5, 0xea,
    0xff, 0xff, 0xff, 0xb7, 0x00, 0x67, 0xf6, 0xff, 0xff, 0xff, 0xff, 0xff, 0xff, 0xff, 0xd8, 0x1f,
    0x00, 0x00, 0x19, 0x83, 0xcb, 0xee, 0xfb, 0xeb, 0xbd, 0x6c, 0x0a, 0x00, 0x00, 0x00, 0x00, 0x00,
    0x00, 0x00, 0x10, 0x0e, 0x00, 0x00, 0x00, 0x00, 0x00, 0x00, 0x00, 0x23, 0xd1, 0xf0, 0xff, 0x60,
    0x00, 0x00, 0x00, 0x00, 0x00, 0x00, 0x00, 0x30, 0xff, 0xff, 0xff, 0x60, 0x00, 0x00, 0x00, 0x00,
    0x00, 0x00, 0x00, 0x30, 0xff, 0xff, 0xff, 0x60, 0x00, 0x00, 0x00, 0x00, 0x00, 0xb4, 0xff, 0xff,
    0xff, 0xff, 0xff, 0xff, 0xff, 0xff, 0xff, 0x2b, 0x00, 0xb4, 0xff, 0xff, 0xff, 0xff, 0xff, 0xff,
    0xff, 0xff, 0xff, 0x0b, 0x00, 0x87, 0xc0, 0xcc, 0xff, 0xff, 0xff, 0xd8, 0xc0, 0xc0, 0xb3, 0x00,
    0x00, 0x00, 0x00, 0x30, 0xff, 0xff, 0xff, 0x60, 0x00, 0x00, 0x00, 0x00, 0x00, 0x00, 0x00, 0x30,
    0xff, 0xff, 0xff, 0x60, 0x00, 0x00, 0x00, 0x00, 0x00, 0x00, 0x00, 0x30, 0xff, 0xff, 0xff, 0x60,
    0x00, 0x00, 0x00, 0x00, 0x00, 0x00, 0x00, 0x30, 0xff, 0xff, 0xff, 0x60, 0x00, 0x00, 0x00, 0x00,
    0x00, 0x00, 0x00, 0x30, 0xff, 0xff, 0xff, 0x60, 0x00, 0x00, 0x00, 0x00, 0x00, 0x00, 0x00, 0x2c,
    0xff, 0xff, 0xff, 0x64, 0x00, 0x00, 0x00, 0x00, 0x00, 0x00, 0x00, 0x14, 0xff, 0xff, 0xff, 0x9e,
    0x00, 0x00, 0x11, 0x14, 0x00, 0x00, 0x00, 0x00, 0xcd, 0xff, 0xff, 0xff, 0xd8, 0xce, 0xf6, 0x9e,
    0x00, 0x00, 0x00, 0x00, 0x40, 0xfa, 0xff, 0xff, 0xff, 0xff, 0xff, 0xfc, 0x25, 0x00, 0x00, 0x00,
    0x00, 0x38, 0xb3, 0xed, 0xfb, 0xeb, 0xb8, 0x5c, 0x03, 0x6c, 0xff, 0xff, 0xff, 0x24, 0x00, 0x00,
    0x9c, 0xff, 0xff, 0xf4, 0x6c, 0xff, 0xff, 0xff, 0x24, 0x00, 0x00, 0x9c, 0xff, 0xff, 0xf4, 0x6c,
    0xff, 0xff, 0xff, 0x24, 0x00, 0x00, 0x9c, 0xff, 0xff, 0xf4, 0x6c, 0xff, 0xff, 0xff, 0x24, 0x00,
    0x00, 0x9c, 0xff, 0xff, 0xf4, 0x6c, 0xff, 0xff, 0xff, 0x24, 0x00, 0x00, 0x9c, 0xff, 0xff, 0xf4,
    0x6c, 0xff, 0xff, 0xff, 0x24, 0x00, 0x00, 0x9c, 0xff, 0xff, 0xf4, 0x6c, 0xff, 0xff, 0xff, 0x24,
    0x00, 0x00, 0x9c, 0xff, 0xff, 0xf4, 0x6c, 0xff, 0xff, 0xff, 0x24, 0x00, 0x00, 0x9c, 0xff, 0xff,
    0xf4, 0x6c, 0xff, 0xff, 0xff, 0x25, 0x00, 0x00, 0x9d, 0xff, 0xff, 0xf4, 0x5e, 0xff, 0xff, 0xff,
    0x4b, 0x00, 0x39, 0xf4, 0xff, 0xff, 0xf4, 0x38, 0xff, 0xff, 0xff, 0xf3, 0xcb, 0xfc, 0xff, 0xff,
    0xff, 0xf4, 0x00, 0xcc, 0xff, 0xff, 0xff, 0xff, 0xff, 0xbd, 0xff, 0xff, 0xf4, 0x00, 0x20, 0xb4,
    0xf4, 0xf3, 0xc2, 0x53, 0x34, 0xff, 0xff, 0xf4, 0x31, 0xff, 0xff, 0xff, 0x9d, 0x00, 0x00, 0x00,
    0x00, 0xd8, 0xff, 0xff, 0xbc, 0x00, 0xe0, 0xff, 0xff, 0xd9, 0x00, 0x00, 0x00, 0x16, 0xff, 0xff,
    0xff, 0x6d, 0x00, 0x92, 0xff, 0xff, 0xff, 0x15, 0x00, 0x00, 0x54, 0xff, 0xff, 0xff, 0x1f, 0x00,
    0x42, 0xff, 0xff, 0xff, 0x50, 0x00, 0x00, 0x92, 0xff, 0xff, 0xcf, 0x00, 0x00, 0x04, 0xee, 0xff,
    0xff, 0x8c, 0x00, 0x00, 0xd0, 0xff, 0xff, 0x81, 0x00, 0x00, 0x00, 0xa4, 0xff, 0xff, 0xc8, 0x00,
    0x10, 0xfd, 0xff, 0xff, 0x32, 0x00, 0x00, 0x00, 0x54, 0xff, 0xff, 0xfa, 0x09, 0x4c, 0xff, 0xff,
    0xe3, 0x00, 0x00, 0x00, 0x00, 0x0c, 0xf8, 0xff, 0xff, 0x3f, 0x8a, 0xff, 0xff, 0x94, 0x00, 0x00,
    0x00, 0x00, 0x00, 0xb5, 0xff, 0xff, 0x7b, 0xc8, 0xff, 0xff, 0x46, 0x00, 0x00, 0x00, 0x00, 0x00,
    0x66, 0xff, 0xff, 0xc2, 0xfa, 0xff, 0xf1, 0x06, 0x00, 0x00, 0x00, 0x00, 0x00, 0x18, 0xfe, 0xff,
    0xff, 0xff, 0xff, 0xa8, 0x00, 0x00, 0x00, 0x00, 0x00, 0x00, 0x00, 0xc7, 0xff, 0xff, 0xff, 0xff,
    0x59, 0x00, 0x00, 0x00, 0x00, 0x00, 0x00, 0x00, 0x78, 0xff, 0xff, 0xff, 0xfb, 0x10, 0x00, 0x00,
    0x00, 0xdb, 0xff, 0xff, 0x60, 0x00, 0x00, 0x00, 0x00, 0x00, 0x00, 0xba, 0xff, 0xff, 0x62, 0xb8,
    0xff, 0xff, 0x73, 0x00, 0x00, 0x00, 0x00, 0x00, 0x00, 0xcd, 0xff, 0xff, 0x41, 0x95, 0xff, 0xff,
    0x86, 0x00, 0xb3, 0xff, 0xff, 0x70, 0x00, 0xe0, 0xff, 0xff, 0x1f, 0x72, 0xff, 0xff, 0x99, 0x00,
    0xd7, 0xff, 0xff, 0x92, 0x00, 0xf3, 0xff, 0xfa, 0x03, 0x50, 0xff, 0xff, 0xab, 0x02, 0xf9, 0xf8,
    0xff, 0xb4, 0x06, 0xff, 0xff, 0xdc, 0x00, 0x2d, 0xff, 0xff, 0xbe, 0x21, 0xff, 0xc2, 0xff, 0xd5,
    0x19, 0xff, 0xff, 0xbb, 0x00, 0x0b, 0xff, 0xff, 0xd1, 0x46, 0xff, 0x8c, 0xf7, 0xf6, 0x2d, 0xff,
    0xff, 0x99, 0x00, 0x00, 0xe7, 0xff, 0xe4, 0x6b, 0xff, 0x6a, 0xd9, 0xff, 0x58, 0xff, 0xff, 0x78,
    0x00, 0x00, 0xc5, 0xff, 0xf6, 0x90, 0xff, 0x4a, 0xba, 0xff, 0x8d, 0xff, 0xff, 0x56, 0x00, 0x00,
    0xa2, 0xff, 0xff, 0xbf, 0xff, 0x29, 0x9c, 0xff, 0xc2, 0xff, 0xff, 0x35, 0x00, 0x00, 0x7f, 0xff,
    0xff, 0xf3, 0xff, 0x09, 0x7d, 0xff, 0xf4, 0xff, 0xff, 0x13, 0x00, 0x00, 0x5c, 0xff, 0xff, 0xff,
    0xe8, 0x00, 0x5e, 0xff, 0xff, 0xff, 0xf1, 0x00, 0x00, 0x00, 0x39, 0xff, 0xff, 0xff, 0xc8, 0x00,
    0x3f, 0xff, 0xff, 0xff, 0xd0, 0x00, 0x00, 0x03, 0xcf, 0xff, 0xff, 0xfb, 0x1e, 0x00, 0x00, 0x95,
    0xff, 0xff, 0xfb, 0x29, 0x00, 0x00, 0x3a, 0xfe, 0xff, 0xff, 0x8f, 0x00, 0x10, 0xf4, 0xff, 0xff,
    0x8f, 0x00, 0x00, 0x00, 0x00, 0x9e, 0xff, 0xff, 0xf3, 0x11, 0x76, 0xff, 0xff, 0xe9, 0x0f, 0x00,
    0x00, 0x00, 0x00, 0x15, 0xee, 0xff, 0xff, 0x7e, 0xe2, 0xff, 0xff, 0x63, 0x00, 0x00, 0x00, 0x00,
    0x00, 0x00, 0x69, 0xff, 0xff, 0xfb, 0xff, 0xff, 0xcb, 0x01, 0x00, 0x00, 0x00, 0x00, 0x00, 0x00,
    0x02, 0xcb, 0xff, 0xff, 0xff, 0xfe, 0x38, 0x00, 0x00, 0x00, 0x00, 0x00, 0x00, 0x00, 0x00, 0x99,
    0xff, 0xff, 0xff, 0xfd, 0x31, 0x00, 0x00, 0x00, 0x00, 0x00, 0x00, 0x00, 0x31, 0xfd, 0xff, 0xff,
    0xff, 0xff, 0xc5, 0x01, 0x00, 0x00, 0x00, 0x00, 0x00, 0x01, 0xc7, 0xff, 0xff, 0xa9, 0xff, 0xff,
    0xff, 0x5f, 0x00, 0x00, 0x00, 0x00, 0x00, 0x64, 0xff, 0xff, 0xf1, 0x10, 0xb5, 0xff, 0xff, 0xe8,
    0x0e, 0x00, 0x00, 0x00, 0x12, 0xeb, 0xff, 0xff, 0x89, 0x00, 0x38, 0xff, 0xff, 0xff, 0x8f, 0x00,
    0x00, 0x00, 0x99, 0xff, 0xff, 0xf8, 0x18, 0x00, 0x00, 0xbb, 0xff, 0xff, 0xfb, 0x2b, 0x00, 0x35,
    0xfd, 0xff, 0xff, 0x98, 0x00, 0x00, 0x00, 0x3e, 0xff, 0xff, 0xff, 0xbf, 0x00, 0x3b, 0xff, 0xff,
    0xff, 0x83, 0x00, 0x00, 0x00, 0x00, 0xdf, 0xff, 0xff, 0xbf, 0x02, 0xec, 0xff, 0xff, 0xbc, 0x00,
    0x00, 0x00, 0x1c, 0xff, 0xff, 0xff, 0x6f, 0x00, 0xa4, 0xff, 0xff, 0xf1, 0x02, 0x00, 0x00, 0x5a,
    0xff, 0xff, 0xff, 0x20, 0x00, 0x59, 0xff, 0xff, 0xff, 0x2c, 0x00, 0x00, 0x98, 0xff, 0xff, 0xcf,
    0x00, 0x00, 0x11, 0xfc, 0xff, 0xff, 0x64, 0x00, 0x00, 0xd5, 0xff, 0xff, 0x7f, 0x00, 0x00, 0x00,
    0xc3, 0xff, 0xff, 0x9d, 0x00, 0x13, 0xfe, 0xff, 0xff, 0x2f, 0x00, 0x00, 0x00, 0x78, 0xff, 0xff,
    0xd5, 0x00, 0x50, 0xff, 0xff, 0xdf, 0x00, 0x00, 0x00, 0x00, 0x2d, 0xff, 0xff, 0xfe, 0x0f, 0x8e,
    0xff, 0xff, 0x8f, 0x00, 0x00, 0x00, 0x00, 0x00, 0xe1, 0xff, 0xff, 0x45, 0xcb, 0xff, 0xff, 0x3f,
    0x00, 0x00, 0x00, 0x00, 0x00, 0x97, 0xff, 0xff, 0x8a, 0xfc, 0xff, 0xec, 0x03, 0x00, 0x00, 0x00,
    0x00, 0x00, 0x4c, 0xff, 0xff, 0xef, 0xff, 0xff, 0x9f, 0x00, 0x00, 0x00, 0x00, 0x00, 0x00, 0x09,
    0xf7, 0xff, 0xff, 0xff, 0xff, 0x4f, 0x00, 0x00, 0x00, 0x00, 0x00, 0x00, 0x00, 0xb6, 0xff, 0xff,
    0xff, 0xf5, 0x09, 0x00, 0x00, 0x00, 0x00, 0x00, 0x00, 0x00, 0x00, 0x9b, 0xff, 0xff, 0xa5, 0x00,
    0x00, 0x00, 0x00, 0x00, 0x00, 0x00, 0x00, 0x66, 0xfe, 0xff, 0xff, 0x34, 0x00, 0x00, 0x00, 0x00,
    0x00, 0x14, 0x94, 0xd8, 0xff, 0xff, 0xff, 0x96, 0x00, 0x00, 0x00, 0x00, 0x00, 0x00, 0x0c, 0xfe,
    0xff, 0xff, 0xff, 0xa8, 0x05, 0x00, 0x00, 0x00, 0x00, 0x00, 0x00, 0x00, 0xdc, 0xe6, 0xb0, 0x4e,
    0x00, 0x00, 0x00, 0x00, 0x00, 0x00, 0x00, 0x00, 0xe0, 0xff, 0xff, 0xff, 0xff, 0xff, 0xff, 0xff,
    0xff, 0xb8, 0x00, 0xe0, 0xff, 0xff, 0xff, 0xff, 0xff, 0xff, 0xff, 0xff, 0xb8, 0x00, 0xa8, 0xc0,
    0xc0, 0xc0, 0xc0, 0xe2, 0xff, 0xff, 0xff, 0xa5, 0x00, 0x00, 0x00, 0x00, 0x00, 0x1b, 0xe9, 0xff,
    0xff, 0xe7, 0x18, 0x00, 0x00, 0x00, 0x00, 0x05, 0xc5, 0xff, 0xff, 0xfc, 0x3f, 0x00, 0x00, 0x00,
    0x00, 0x00, 0x90, 0xff, 0xff, 0xff, 0x77, 0x00, 0x00, 0x00, 0x00, 0x00, 0x55, 0xff, 0xff, 0xff,
    0xb2, 0x01, 0x00, 0x00, 0x00, 0x00, 0x28, 0xf3, 0xff, 0xff, 0xde, 0x10, 0x00, 0x00, 0x00, 0x00,
    0x0b, 0xd5, 0xff, 0xff, 0xf8, 0x32, 0x00, 0x00, 0x00, 0x00, 0x00, 0xa6, 0xff, 0xff, 0xff, 0x67,
    0x00, 0x00, 0x00, 0x00, 0x00, 0x4d, 0xff, 0xff, 0xff, 0xfb, 0xc0, 0xc0, 0xc0, 0xc0, 0xc0, 0x96,
    0x60, 0xff, 0xff, 0xff, 0xff, 0xff, 0xff, 0xff, 0xff, 0xff, 0xad, 0x60, 0xff, 0xff, 0xff, 0xff,
    0xff, 0xff, 0xff, 0xff, 0xff, 0x8f, 0x00, 0x00, 0x00, 0x00, 0x3b, 0xa3, 0xd9, 0xf4, 0x86, 0x00,
    0x00, 0x00, 0x4e, 0xfe, 0xff, 0xff, 0xff, 0x88, 0x00, 0x00, 0x00, 0xc1, 0xff, 0xff, 0xff, 0xe0,
    0x68, 0x00, 0x00, 0x00, 0xe0, 0xff, 0xff, 0x9a, 0x00, 0x00, 0x00, 0x00, 0x00, 0xd7, 0xff, 0xff,
    0x74, 0x00, 0x00, 0x00, 0x00, 0x00, 0xbf, 0xff, 0xff, 0x8f, 0x00, 0x00, 0x00, 0x00, 0x00, 0xa6,
    0xff, 0xff, 0xaa, 0x00, 0x00, 0x00, 0x00, 0x00, 0x8e, 0xff, 0xff, 0xc3, 0x00, 0x00, 0x00, 0x00,
    0x00, 0x9d, 0xff, 0xff, 0xc3, 0x00, 0x00, 0x05, 0x22, 0x69, 0xf7, 0xff, 0xff, 0x81, 0x00, 0x00,
    0xa0, 0xff, 0xff, 0xff, 0xfe, 0xa4, 0x08, 0x00, 0x00, 0xa0, 0xff, 0xff, 0xe1, 0x65, 0x03, 0x00,
    0x00, 0x00, 0x7e, 0xe5, 0xff, 0xff, 0xff, 0xd0, 0x16, 0x00, 0x00, 0x00, 0x00, 0x2d, 0xe7, 0xff,
    0xff, 0x94, 0x00, 0x00, 0x00, 0x00, 0x00, 0x91, 0xff, 0xff, 0xc6, 0x00, 0x00, 0x00, 0x00, 0x00,
    0x91, 0xff, 0xff, 0xc1, 0x00, 0x00, 0x00, 0x00, 0x00, 0xaa, 0xff, 0xff, 0xa8, 0x00, 0x00, 0x00,
    0x00, 0x00, 0xc2, 0xff, 0xff, 0x8d, 0x00, 0x00, 0x00, 0x00, 0x00, 0xd9, 0xff, 0xff, 0x74, 0x00,
    0x00, 0x00, 0x00, 0x00, 0xe0, 0xff, 0xff, 0x9b, 0x00, 0x00, 0x00, 0x00, 0x00, 0xbd, 0xff, 0xff,
    0xff, 0xe0, 0x68, 0x00, 0x00, 0x00, 0x48, 0xfd, 0xff, 0xff, 0xff, 0x88, 0x00, 0x00, 0x00, 0x00,
    0x37, 0xa1, 0xd9, 0xf4, 0x86, 0xe8, 0xff, 0xff, 0x6c, 0xe8, 0xff, 0xff, 0x6c, 0xe8, 0xff, 0xff,
    0x6c, 0xe8, 0xff, 0xff, 0x6c, 0xe8, 0xff, 0xff, 0x6c, 0xe8, 0xff, 0xff, 0x6c, 0xe8, 0xff, 0xff,
    0x6c, 0xe8, 0xff, 0xff, 0x6c, 0xe8, 0xff, 0xff, 0x6c, 0xe8, 0xff, 0xff, 0x6c, 0xe8, 0xff, 0xff,
    0x6c, 0xe8, 0xff, 0xff, 0x6c, 0xe8, 0xff, 0xff, 0x6c, 0xe8, 0xff, 0xff, 0x6c, 0xe8, 0xff, 0xff,
    0x6c, 0xe8, 0xff, 0xff, 0x6c, 0xe8, 0xff, 0xff, 0x6c, 0xe8, 0xff, 0xff, 0x6c, 0xe8, 0xff, 0xff,
    0x6c, 0xe8, 0xff, 0xff, 0x6c, 0xe8, 0xff, 0xff, 0x6c, 0xe8, 0xff, 0xff, 0x6c, 0xf6, 0xeb, 0xc4,
    0x78, 0x0b, 0x00, 0x00, 0x00, 0x00, 0xfc, 0xff, 0xff, 0xff, 0xcb, 0x03, 0x00, 0x00, 0x00, 0xc7,
    0xf7, 0xff, 0xff, 0xff, 0x49, 0x00, 0x00, 0x00, 0x00, 0x19, 0xf8, 0xff, 0xff, 0x6a, 0x00, 0x00,
    0x00, 0x00, 0x00, 0xec, 0xff, 0xff, 0x62, 0x00, 0x00, 0x00, 0x00, 0x07, 0xff, 0xff, 0xff, 0x49,
    0x00, 0x00, 0x00, 0x00, 0x21, 0xff, 0xff, 0xff, 0x2f, 0x00, 0x00, 0x00, 0x00, 0x38, 0xff, 0xff,
    0xff, 0x16, 0x00, 0x00, 0x00, 0x00, 0x3b, 0xff, 0xff, 0xff, 0x24, 0x00, 0x00, 0x00, 0x00, 0x0d,
    0xf2, 0xff, 0xff, 0xc2, 0x3b, 0x13, 0x00, 0x00, 0x00, 0x46, 0xe4, 0xff, 0xff, 0xff, 0xff, 0x28,
    0x00, 0x00, 0x00, 0x1a, 0xa6, 0xfb, 0xff, 0xff, 0x28, 0x00, 0x00, 0x5b, 0xf6, 0xff, 0xff, 0xf6,
    0xd6, 0x1e, 0x00, 0x10, 0xf8, 0xff, 0xff, 0x98, 0x09, 0x00, 0x00, 0x00, 0x3c, 0xff, 0xff, 0xff,
    0x1a, 0x00, 0x00, 0x00, 0x00, 0x36, 0xff, 0xff, 0xff, 0x19, 0x00, 0x00, 0x00, 0x00, 0x1f, 0xff,
    0xff, 0xff, 0x33, 0x00, 0x00, 0x00, 0x00, 0x06, 0xfe, 0xff, 0xff, 0x4d, 0x00, 0x00, 0x00, 0x00,
    0x00, 0xec, 0xff, 0xff, 0x64, 0x00, 0x00, 0x00, 0x00, 0x18, 0xf8, 0xff, 0xff, 0x6c, 0x00, 0x00,
    0x00, 0xc7, 0xf6, 0xff, 0xff, 0xff, 0x49, 0x00, 0x00, 0x00, 0xfc, 0xff, 0xff, 0xff, 0xcb, 0x03,
    0x00, 0x00, 0x00, 0xf7, 0xeb, 0xc4, 0x77, 0x0b, 0x00, 0x00, 0x00, 0x00, 0x00, 0x00, 0x40, 0xca,
    0xf7, 0xd7, 0x52, 0x00, 0x00, 0x00, 0x0c, 0x4b, 0x01, 0x00, 0x00, 0x3c, 0xfa, 0xff, 0xff, 0xff,
    0xff, 0x8f, 0x03, 0x02, 0x9e, 0xff, 0xc4, 0x00, 0x05, 0xd9, 0xff, 0xf8, 0xcb, 0xfa, 0xff, 0xff,
    0xe1, 0xdc, 0xff, 0xff, 0x74, 0x00, 0x44, 0xf9, 0xf7, 0x36, 0x00, 0x2e, 0xdd, 0xff, 0xff, 0xff,
    0xff, 0xc1, 0x03, 0x00, 0x00, 0x18, 0x47, 0x00, 0x00, 0x00, 0x0f, 0x9c, 0xf2, 0xe6, 0x99, 0x0d,
    0x00, 0x00, 0x4e, 0xd9, 0xec, 0xec, 0xec, 0xec, 0xec, 0xec, 0xec, 0xec, 0xec, 0xec, 0xeb, 0xbf,
    0x1d, 0xea, 0xff, 0xff, 0xff, 0xff, 0xff, 0xfa, 0xe9, 0xfe, 0xff, 0xff, 0xff, 0xff, 0xff, 0x9a,
    0xff, 0xff, 0xff, 0xff, 0xba, 0x3e, 0x02, 0x00, 0x0a, 0x60, 0xdf, 0xff, 0xff, 0xff, 0xb0, 0xff,
    0xff, 0xff, 0x86, 0x01, 0x00, 0x00, 0x00, 0x00, 0x00, 0x11, 0xc5, 0xff, 0xff, 0xb0, 0xff, 0xff,
    0xb6, 0x01, 0x00, 0x00, 0x00, 0x00, 0x00, 0x00, 0x00, 0x19, 0xee, 0xff, 0xb0, 0xff, 0xff, 0x38,
    0x00, 0x00, 0x00, 0x00, 0x00, 0x00, 0x00, 0x00, 0x00, 0x89, 0xff, 0xb0, 0xff, 0xf4, 0x00, 0x00,
    0x00, 0x00, 0x20, 0x70, 0x04, 0x00, 0x00, 0x00, 0x45, 0xff, 0xb0, 0xff, 0xe0, 0x00, 0x00, 0x00,
    0x00, 0x7f, 0xff, 0x2f, 0x00, 0x00, 0x00, 0x30, 0xff, 0xb0, 0xff, 0xfa, 0x04, 0x00, 0x00, 0x00,
    0x0b, 0x3f, 0x00, 0x00, 0x00, 0x00, 0x4c, 0xff, 0xb0, 0xff, 0xff, 0x51, 0x00, 0x00, 0x00, 0x12,
    0xb1, 0xd9, 0x1f, 0x00, 0x00, 0x9e, 0xff, 0xb0, 0xff, 0xff, 0xd3, 0x09, 0x00, 0x00, 0x6f, 0xa1,
    0x58, 0xcd, 0x09, 0x30, 0xfb, 0xff, 0xb0, 0xff, 0xff, 0xff, 0xb5, 0x0f, 0x00, 0x22, 0xdb, 0x01,
    0x8c, 0xb2, 0xe5, 0xff, 0xff, 0xb0, 0xff, 0xff, 0xff, 0xff, 0xe4, 0x7c, 0x3c, 0xc9, 0x43, 0x03,
    0xbd, 0xff, 0xff, 0xff, 0xb0, 0xff, 0xff, 0xff, 0xff, 0xff, 0xff, 0xff, 0xff, 0xa7, 0x00, 0x14,
    0xe1, 0xff, 0xff, 0xb0, 0xff, 0xff, 0xcf, 0xf1, 0xff, 0xff, 0xff, 0xff, 0xf8, 0x12, 0x00, 0x38,
    0xfe, 0xff, 0xb0, 0xff, 0xef, 0x02, 0x62, 0xff, 0xff, 0xff, 0xff, 0xff, 0x6f, 0x46, 0xd5, 0xff,
    0xff, 0xb0, 0xfb, 0xff, 0x87, 0xcb, 0xff, 0xff, 0xff, 0xff, 0xff, 0xf6, 0xff, 0xff, 0xff, 0xff,
    0xab, 0xad, 0xff, 0xff, 0xff, 0xff, 0xff, 0xff, 0xff, 0xff, 0xff, 0xff, 0xff, 0xff, 0xff, 0x5b,
    0x04, 0x4d, 0x60, 0x60, 0x60, 0x60, 0x60, 0x60, 0x60, 0x60, 0x60, 0x60, 0x5f, 0x34, 0x00, 0x00,
    0x00, 0x00, 0x00, 0x00, 0x00, 0x02, 0x9b, 0x78, 0x00, 0x00, 0x00, 0x00, 0x79, 0x9b, 0x02, 0x00,
    0x00, 0x00, 0x00, 0x00, 0x00, 0x00, 0x00, 0x00, 0x00, 0x00, 0x00, 0x1e, 0xff, 0xee, 0x00, 0x00,
    0x00, 0x00, 0xee, 0xff, 0x1e, 0x00, 0x00, 0x00, 0x00, 0x00, 0x00, 0x00, 0x00, 0x00, 0x00, 0x00,
    0x03, 0x23, 0xff, 0xf0, 0x04, 0x04, 0x04, 0x04, 0xf0, 0xff, 0x23, 0x03, 0x00, 0x00, 0x00, 0x00,
    0x00, 0x00, 0x00, 0x00, 0x4e, 0xe0, 0xff, 0xff, 0xff, 0xff, 0xff, 0xff, 0xff, 0xff, 0xff, 0xff,
    0xff, 0xff, 0xe0, 0x4d, 0x00, 0x00, 0x00, 0x00, 0x00, 0x12, 0xf5, 0xff, 0xff, 0xff, 0xff, 0xff,
    0xff, 0xff, 0xff, 0xff, 0xff, 0xff, 0xff, 0xff, 0xff, 0xf5, 0x12, 0x00, 0x00, 0x00, 0x00, 0x3c,
    0xff, 0xda, 0x0d, 0x0c, 0x0c, 0x0c, 0x0c, 0x0c, 0x0c, 0x0c, 0x0c, 0x0c, 0x0c, 0x0d, 0xda, 0xff,
    0x3c, 0x00, 0x00, 0x00, 0x00, 0x40, 0xff, 0xd0, 0x00, 0x00, 0x00, 0x00, 0x00, 0x00, 0x00, 0x00,
    0x00, 0x00, 0x00, 0x00, 0xd0, 0xff, 0x40, 0x00, 0x00, 0xa4, 0xe3, 0xeb, 0xff, 0xd0, 0x00, 0x05,
    0xbb, 0xe4, 0xe4, 0xe4, 0xe4, 0xe4, 0xe4, 0xba, 0x04, 0x00, 0xd0, 0xff, 0xeb, 0xe3, 0xa2, 0xdf,
    0xff, 0xff, 0xff, 0xd0, 0x00, 0x1f, 0xff, 0xff, 0xff, 0xff, 0xff, 0xff, 0xff, 0xff, 0x1f, 0x00,
    0xd0, 0xff, 0xff, 0xff, 0xdd, 0x0e, 0x2b, 0x61, 0xff, 0xd0, 0x00, 0x20, 0xff, 0xf2, 0x2c, 0x2c,
    0x2c, 0x2c, 0xf2, 0xff, 0x20, 0x00, 0xd0, 0xff, 0x61, 0x2b, 0x0d, 0x00, 0x00, 0x40, 0xff, 0xd0,
    0x00, 0x20, 0xff, 0xf0, 0x00, 0x00, 0x00, 0x00, 0xf0, 0xff, 0x20, 0x00, 0xd0, 0xff, 0x40, 0x00,
    0x00, 0x00, 0x00, 0x40, 0xff, 0xd0, 0x00, 0x20, 0xff, 0xf0, 0x00, 0x00, 0x00, 0x00, 0xf0, 0xff,
    0x20, 0x00, 0xd0, 0xff, 0x40, 0x00, 0x00, 0x00, 0x00, 0x40, 0xff, 0xd0, 0x00, 0x20, 0xff, 0xf0,
    0x00, 0x00, 0x00, 0x00, 0xf0, 0xff, 0x20, 0x00, 0xd0, 0xff, 0x40, 0x00, 0x00, 0x76, 0xb3, 0xc7,
    0xff, 0xd0, 0x00, 0x20, 0xff, 0xfb, 0xb4, 0xb4, 0xb4, 0xb4, 0xfb, 0xff, 0x20, 0x00, 0xd0, 0xff,
    0xc7, 0xb3, 0x74, 0xee, 0xff, 0xff, 0xff, 0xd0, 0x00, 0x13, 0xfc, 0xff, 0xff, 0xff, 0xff, 0xff,
    0xff, 0xfc, 0x13, 0x00, 0xd0, 0xff, 0xff, 0xff, 0xed, 0x2c, 0x5b, 0x85, 0xff, 0xd0, 0x00, 0x00,
    0x38, 0x5c, 0x5c, 0x5c, 0x5c, 0x5c, 0x5c, 0x37, 0x00, 0x00, 0xd0, 0xff, 0x85, 0x5b, 0x2b, 0x00,
    0x00, 0x40, 0xff, 0xd0, 0x00, 0x00, 0x00, 0x00, 0x00, 0x00, 0x00, 0x00, 0x00, 0x00, 0x00, 0x00,
    0xd0, 0xff, 0x40, 0x00, 0x00, 0x00, 0x00, 0x2b, 0xff, 0xf3, 0x95, 0x94, 0x94, 0x94, 0x94, 0x94,
    0x94, 0x94, 0x94, 0x94, 0x94, 0x95, 0xf3, 0xff, 0x2b, 0x00, 0x00, 0x00, 0x00, 0x01, 0xb7, 0xff,
    0xff, 0xff, 0xff, 0xff, 0xff, 0xff, 0xff, 0xff, 0xff, 0xff, 0xff, 0xff, 0xff, 0xb7, 0x01, 0x00,
    0x00, 0x00, 0x00, 0x00, 0x04, 0x59, 0x7b, 0x8c, 0xff, 0xf7, 0x7c, 0x7c, 0x7c, 0x7c, 0xf7, 0xff,
    0x8c, 0x7b, 0x59, 0x04, 0x00, 0x00, 0x00, 0x00, 0x00, 0x00, 0x00, 0x00, 0x00, 0x20, 0xff, 0xf0,
    0x00, 0x00, 0x00, 0x00, 0xf0, 0xff, 0x20, 0x00, 0x00, 0x00, 0x00, 0x00, 0x00, 0x00, 0x00, 0x00,
    0x00, 0x00, 0x00, 0x0f, 0xf6, 0xd5, 0x00, 0x00, 0x00, 0x00, 0xd6, 0xf5, 0x0f, 0x00, 0x00, 0x00,
    0x00, 0x00, 0x00, 0x00, 0x00, 0x00, 0x00, 0x00, 0x00, 0x00, 0x1e, 0x13, 0x00, 0x00, 0x00, 0x00,
    0x13, 0x1d, 0x00, 0x00, 0x00, 0x00, 0x00, 0x00, 0x00, 0x00, 0x00, 0x00, 0x00, 0x00, 0x01, 0x03,
    0x01, 0x00, 0x03, 0x03, 0x00, 0x00, 0x00, 0x00, 0x00, 0x00, 0x00, 0x00, 0x00, 0x00, 0x00, 0x7f,
    0xff, 0x57, 0x00, 0xd7, 0xff, 0x00, 0x00, 0x00, 0x00, 0x00, 0x00, 0x00, 0x00, 0x00, 0x21, 0x2b,
    0x95, 0xff, 0x74, 0x2b, 0xde, 0xff, 0x2b, 0x2b, 0x0c, 0x00, 0x00, 0x00, 0x00, 0x00, 0xaa, 0xff,
    0xff, 0xff, 0xff, 0xff, 0xff, 0xff, 0xff, 0xff, 0xff, 0xf0, 0x36, 0x00, 0x00, 0x00, 0x1e, 0xff,
    0xdd, 0x9f, 0x9f, 0x9f, 0x9f, 0x9f, 0x9f, 0x9f, 0x9f, 0xae, 0xff, 0x99, 0x00, 0x00, 0x00, 0x27,
    0xff, 0xa3, 0x00, 0x00, 0x00, 0x00, 0x00, 0x00, 0x00, 0x00, 0x27, 0xff, 0xa3, 0x00, 0x00, 0x83,
    0x97, 0xff, 0xa3, 0x00, 0x41, 0x83, 0x83, 0x83, 0x83, 0x83, 0x00, 0x27, 0xff, 0xd3, 0x83, 0x41,
    0xff, 0xff, 0xff, 0xa3, 0x00, 0x7f, 0xff, 0xff, 0xff, 0xff, 0xff, 0x00, 0x27, 0xff, 0xff, 0xff,
    0x7f, 0x53, 0x6e, 0xff, 0xa3, 0x00, 0x7f, 0xff, 0x8f, 0x53, 0xe5, 0xff, 0x00, 0x27, 0xff, 0xc2,
    0x53, 0x29, 0x00, 0x27, 0xff, 0xa3, 0x00, 0x7f, 0xff, 0x57, 0x00, 0xd7, 0xff, 0x00, 0x27, 0xff,
    0xa3, 0x00, 0x00, 0xdb, 0xe1, 0xff, 0xa3, 0x00, 0x7f, 0xff, 0xe8, 0xdb, 0xfa, 0xff, 0x00, 0x27,
    0xff, 0xf3, 0xdb, 0x6d, 0xf7, 0xf9, 0xff, 0xa3, 0x00, 0x7b, 0xf7, 0xf7, 0xf7, 0xf7, 0xf7, 0x00,
    0x27, 0xff, 0xfd, 0xf7, 0x7b, 0x00, 0x27, 0xff, 0xa3, 0x00, 0x00, 0x00, 0x00, 0x00, 0x00, 0x00,
    0x00, 0x27, 0xff, 0xa3, 0x00, 0x00, 0x00, 0x27, 0xff, 0xb3, 0x2b, 0x2b, 0x2b, 0x2b, 0x2b, 0x2b,
    0x2b, 0x2b, 0x4d, 0xff, 0xa3, 0x00, 0x00, 0x00, 0x09, 0xee, 0xff, 0xff, 0xff, 0xff, 0xff, 0xff,
    0xff, 0xff, 0xff, 0xff, 0xff, 0x73, 0x00, 0x00, 0x00, 0x00, 0x31, 0x95, 0x9f, 0xcf, 0xff, 0xc0,
    0x9f, 0xf0, 0xff, 0x9f, 0x9f, 0x71, 0x04, 0x00, 0x00, 0x00, 0x00, 0x00, 0x00, 0x00, 0x7f, 0xff,
    0x57, 0x00, 0xd7, 0xff, 0x00, 0x00, 0x00, 0x00, 0x00, 0x00, 0x00, 0x00, 0x00, 0x00, 0x00, 0x3d,
    0x7b, 0x2a, 0x00, 0x68, 0x7b, 0x00, 0x00, 0x00, 0x00, 0x00, 0x00, 0x00, 0x00, 0x00, 0x00, 0x00,
    0x00, 0x00, 0x00, 0x00, 0x00, 0x00, 0x00, 0x00, 0x00, 0x00, 0x00, 0x00, 0x00, 0x00, 0x00, 0x12,
    0x95, 0x58, 0x00, 0x00, 0x00, 0x00, 0x00, 0x00, 0x00, 0x00, 0x00, 0x00, 0x2d, 0xe7, 0xff, 0x22,
    0x00, 0x00, 0x00, 0x00, 0x00, 0x00, 0x00, 0x00, 0x00, 0x13, 0xe4, 0xff, 0xff, 0x1e, 0x00, 0x00,
    0x00, 0x00, 0x00, 0x00, 0x00, 0x00, 0x00, 0x94, 0xff, 0xff, 0xff, 0x56, 0x00, 0x00, 0x00, 0x00,
    0x00, 0x00, 0x00, 0x00, 0x0a, 0xf3, 0xff, 0xff, 0xff, 0xcd, 0x06, 0x00, 0x00, 0x00, 0x00, 0x00,
    0x04, 0x35, 0x40, 0xff, 0xff, 0xff, 0xff, 0xff, 0xaa, 0x08, 0x00, 0x00, 0x00, 0x00, 0x89, 0x41,
    0x5f, 0xff, 0xff, 0xff, 0xff, 0xff, 0xff, 0xce, 0x20, 0x00, 0x00, 0x19, 0xf8, 0x3a, 0x5a, 0xff,
    0xff, 0xff, 0xc9, 0xff, 0xff, 0xff, 0xde, 0x10, 0x00, 0x66, 0xff, 0x6d, 0x2e, 0xff, 0xff, 0xff,
    0x23, 0xd7, 0xff, 0xff, 0xff, 0x93, 0x00, 0x92, 0xff, 0xde, 0x0a, 0xec, 0xff, 0xff, 0x27, 0x15,
    0xd6, 0xff, 0xff, 0xf2, 0x05, 0x9a, 0xff, 0xff, 0xed, 0xff, 0xff, 0xff, 0x52, 0x00, 0x4a, 0xff,
    0xff, 0xff, 0x24, 0x76, 0xff, 0xff, 0xff, 0xff, 0xff, 0xff, 0x31, 0x00, 0x1d, 0xff, 0xff, 0xff,
    0x1f, 0x29, 0xff, 0xff, 0xff, 0xff, 0xf7, 0x73, 0x00, 0x00, 0x6c, 0xff, 0xff, 0xdf, 0x01, 0x00,
    0xa9, 0xff, 0xff, 0xff, 0xcf, 0x3e, 0x1a, 0x65, 0xf6, 0xff, 0xff, 0x76, 0x00, 0x00, 0x0e, 0xcb,
    0xff, 0xff, 0xff, 0xff, 0xff, 0xff, 0xff, 0xff, 0xb8, 0x03, 0x00, 0x00, 0x00, 0x09, 0x8e, 0xf7,
    0xff, 0xff, 0xff, 0xff, 0xf5, 0x8a, 0x07, 0x00, 0x00, 0x00, 0x00, 0x00, 0x00, 0x11, 0x4f, 0x6d,
    0x6f, 0x4d, 0x0c, 0x00, 0x00, 0x00, 0x00, 0x00, 0x00, 0x03, 0x1b, 0x1c, 0x1c, 0x1c, 0x1c, 0x1c,
    0x1c, 0x1c, 0x1c, 0x1c, 0x1c, 0x1c, 0x1c, 0x1c, 0x1c, 0x13, 0x00, 0x00, 0x00, 0x00, 0x07, 0x93,
    0xf7, 0xff, 0xff, 0xff, 0xff, 0xff, 0xff, 0xff, 0xff, 0xff, 0xff, 0xff, 0xff, 0xff, 0xff, 0xff,
    0xff, 0xdd, 0x45, 0x00, 0x00, 0x89, 0xff, 0xff, 0xff, 0xff, 0xff, 0xff, 0xff, 0xff, 0xff, 0xff,
    0xff, 0xff, 0xff, 0xff, 0xff, 0xff, 0xff, 0xff, 0xff, 0xf5, 0x25, 0x00, 0xe5, 0xff, 0xd7, 0x6d,
    0x6c, 0x6c, 0x6c, 0x6c, 0x6c, 0x6c, 0x6c, 0x6c, 0x6c, 0x6c, 0x6c, 0x6c, 0x6c, 0x6c, 0x85, 0xff,
    0xff, 0x78, 0x00, 0xff, 0xff, 0x88, 0x0f, 0x50, 0x50, 0x50, 0x50, 0x50, 0x50, 0x50, 0x50, 0x50,
    0x50, 0x50, 0x50, 0x50, 0x3d, 0x00, 0xf4, 0xff, 0xb0, 0x0b, 0xff, 0xff, 0x88, 0x30, 0xff, 0xff,
    0xff, 0xff, 0xff, 0xff, 0xff, 0xff, 0xff, 0xff, 0xff, 0xff, 0xff, 0xc4, 0x00, 0xf4, 0xff, 0xff,
    0xb1, 0xff, 0xff, 0x88, 0x30, 0xff, 0xff, 0xff, 0xff, 0xff, 0xff, 0xff, 0xff, 0xff, 0xff, 0xff,
    0xff, 0xff, 0xc4, 0x00, 0xf4, 0xff, 0xff, 0xd8, 0xff, 0xff, 0x88, 0x30, 0xff, 0xff, 0xff, 0xff,
    0xff, 0xff, 0xff, 0xff, 0xff, 0xff, 0xff, 0xff, 0xff, 0xc4, 0x00, 0xf4, 0xff, 0xff, 0xd8, 0xff,
    0xff, 0x88, 0x30, 0xff, 0xff, 0xff, 0xff, 0xff, 0xff, 0xff, 0xff, 0xff, 0xff, 0xff, 0xff, 0xff,
    0xc4, 0x00, 0xf4, 0xff, 0xff, 0xd2, 0xff, 0xff, 0x88, 0x24, 0xc4, 0xc4, 0xc4, 0xc4, 0xc4, 0xc4,
    0xc4, 0xc4, 0xc4, 0xc4, 0xc4, 0xc4, 0xc4, 0x96, 0x00, 0xf4, 0xff, 0xe2, 0x51, 0xf7, 0xff, 0x9f,
    0x00, 0x00, 0x00, 0x00, 0x00, 0x00, 0x00, 0x00, 0x00, 0x00, 0x00, 0x00, 0x00, 0x00, 0x00, 0x12,
    0xfa, 0xff, 0x8b, 0x00, 0xc2, 0xff, 0xff, 0xf5, 0xf4, 0xf4, 0xf4, 0xf4, 0xf4, 0xf4, 0xf4, 0xf4,
    0xf4, 0xf4, 0xf4, 0xf4, 0xf4, 0xf4, 0xfa, 0xff, 0xff, 0x55, 0x00, 0x32, 0xf0, 0xff, 0xff, 0xff,
    0xff, 0xff, 0xff, 0xff, 0xff, 0xff, 0xff, 0xff, 0xff, 0xff, 0xff, 0xff, 0xff, 0xff, 0xff, 0xb1,
    0x01, 0x00, 0x00, 0x1b, 0x74, 0x93, 0x94, 0x94, 0x94, 0x94, 0x94, 0x94, 0x94, 0x94, 0x94, 0x94,
    0x94, 0x94, 0x94, 0x94, 0x8b, 0x56, 0x01, 0x00, 0x00, 0x00, 0x00, 0x03, 0x1b, 0x1c, 0x1c, 0x1c,
    0x1c, 0x1c, 0x1c, 0x1c, 0x1c, 0x1c, 0x1c, 0x1c, 0x1c, 0x1c, 0x1c, 0x13, 0x00, 0x00, 0x00, 0x00,
    0x07, 0x93, 0xf7, 0xff, 0xff, 0xff, 0xff, 0xff, 0xff, 0xff, 0xff, 0xff, 0xff, 0xff, 0xff, 0xff,
    0xff, 0xff, 0xff, 0xdd, 0x45, 0x00, 0x00, 0x89, 0xff, 0xff, 0xff, 0xff, 0xff, 0xff, 0xff, 0xff,
    0xff, 0xff, 0xff, 0xff, 0xff, 0xff, 0xff, 0xff, 0xff, 0xff, 0xff, 0xf5, 0x25, 0x00, 0xe5, 0xff,
    0xd7, 0x6d, 0x6c, 0x6c, 0x6c, 0x6c, 0x6c, 0x6c, 0x6c, 0x6c, 0x6c, 0x6c, 0x6c, 0x6c, 0x6c, 0x6c,
    0x85, 0xff, 0xff, 0x78, 0x00, 0xff, 0xff, 0x88, 0x0f, 0x50, 0x50, 0x50, 0x50, 0x50, 0x50, 0x50,
    0x50, 0x50, 0x4d, 0x00, 0x00, 0x00, 0x00, 0x00, 0xf4, 0xff, 0xb0, 0x0b, 0xff, 0xff, 0x88, 0x30,
    0xff, 0xff, 0xff, 0xff, 0xff, 0xff, 0xff, 0xff, 0xff, 0xf8, 0x00, 0x00, 0x00, 0x00, 0x00, 0xf4,
    0xff, 0xff, 0xb1, 0xff, 0xff, 0x88, 0x30, 0xff, 0xff, 0xff, 0xff, 0xff, 0xff, 0xff, 0xff, 0xff,
    0xf8, 0x00, 0x00, 0x00, 0x00, 0x00, 0xf4, 0xff, 0xff, 0xd8, 0xff, 0xff, 0x88, 0x30, 0xff, 0xff,
    0xff, 0xff, 0xff, 0xff, 0xff, 0xff, 0xff, 0xf8, 0x00, 0x00, 0x00, 0x00, 0x00, 0xf4, 0xff, 0xff,
    0xd8, 0xff, 0xff, 0x88, 0x30, 0xff, 0xff, 0xff, 0xff, 0xff, 0xff, 0xff, 0xff, 0xff, 0xf8, 0x00,
    0x00, 0x00, 0x00, 0x00, 0xf4, 0xff, 0xff, 0xd2, 0xff, 0xff, 0x88, 0x24, 0xc4, 0xc4, 0xc4, 0xc4,
    0xc4, 0xc4, 0xc4, 0xc4, 0xc4, 0xbd, 0x00, 0x00, 0x00, 0x00, 0x00, 0xf4, 0xff, 0xe2, 0x51, 0xf7,
    0xff, 0x9f, 0x00, 0x00, 0x00, 0x00, 0x00, 0x00, 0x00, 0x00, 0x00, 0x00, 0x00, 0x00, 0x00, 0x00,
    0x00, 0x12, 0xfa, 0xff, 0x8b, 0x00, 0xc2, 0xff, 0xff, 0xf5, 0xf4, 0xf4, 0xf4, 0xf4, 0xf4, 0xf4,
    0xf4, 0xf4, 0xf4, 0xf4, 0xf4, 0xf4, 0xf4, 0xf4, 0xfa, 0xff, 0xff, 0x55, 0x00, 0x32, 0xf0, 0xff,
    0xff, 0xff, 0xff, 0xff, 0xff, 0xff, 0xff, 0xff, 0xff, 0xff, 0xff, 0xff, 0xff, 0xff, 0xff, 0xff,
    0xff, 0xb1, 0x01, 0x00, 0x00, 0x1b, 0x74, 0x93, 0x94, 0x94, 0x94, 0x94, 0x94, 0x94, 0x94, 0x94,
    0x94, 0x94, 0x94, 0x94, 0x94, 0x94, 0x8b, 0x56, 0x01, 0x00, 0x00, 0x00, 0x00, 0x03, 0x1b, 0x1c,
    0x1c, 0x1c, 0x1c, 0x1c, 0x1c, 0x1c, 0x1c, 0x1c, 0x1c, 0x1c, 0x1c, 0x1c, 0x1c, 0x13, 0x00, 0x00,
    0x00, 0x00, 0x07, 0x93, 0xf7, 0xff, 0xff, 0xff, 0xff, 0xff, 0xff, 0xff, 0xff, 0xff, 0xff, 0xff,
    0xff, 0xff, 0xff, 0xff, 0xff, 0xdd, 0x45, 0x00, 0x00, 0x89, 0xff, 0xff, 0xff, 0xff, 0xff, 0xff,
    0xff, 0xff, 0xff, 0xff, 0xff, 0xff, 0xff, 0xff, 0xff, 0xff, 0xff, 0xff, 0xff, 0xf5, 0x25, 0x00,
    0xe5, 0xff, 0xd7, 0x6d, 0x6c, 0x6c, 0x6c, 0x6c, 0x6c, 0x6c, 0x6c, 0x6c, 0x6c, 0x6c, 0x6c, 0x6c,
    0x6c, 0x6c, 0x85, 0xff, 0xff, 0x78, 0x00, 0xff, 0xff, 0x88, 0x0f, 0x50, 0x50, 0x50, 0x50, 0x50,
    0x50, 0x50, 0x21, 0x00, 0x00, 0x00, 0x00, 0x00, 0x00, 0x00, 0xf4, 0xff, 0xb0, 0x0b, 0xff, 0xff,
    0x88, 0x30, 0xff, 0xff, 0xff, 0xff, 0xff, 0xff, 0xff, 0x6c, 0x00, 0x00, 0x00, 0x00, 0x00, 0x00,
    0x00, 0xf4, 0xff, 0xff, 0xb1, 0xff, 0xff, 0x88, 0x30, 0xff, 0xff, 0xff, 0xff, 0xff, 0xff, 0xff,
    0x6c, 0x00, 0x00, 0x00, 0x00, 0x00, 0x00, 0x00, 0xf4, 0xff, 0xff, 0xd8, 0xff, 0xff, 0x88, 0x30,
    0xff, 0xff, 0xff, 0xff, 0xff, 0xff, 0xff, 0x6c, 0x00, 0x00, 0x00, 0x00, 0x00, 0x00, 0x00, 0xf4,
    0xff, 0xff, 0xd8, 0xff, 0xff, 0x88, 0x30, 0xff, 0xff, 0xff, 0xff, 0xff, 0xff, 0xff, 0x6c, 0x00,
    0x00, 0x00, 0x00, 0x00, 0x00, 0x00, 0xf4, 0xff, 0xff, 0xd2, 0xff, 0xff, 0x88, 0x24, 0xc4, 0xc4,
    0xc4, 0xc4, 0xc4, 0xc4, 0xc4, 0x52, 0x00, 0x00, 0x00, 0x00, 0x00, 0x00, 0x00, 0xf4, 0xff, 0xe2,
    0x51, 0xf7, 0xff, 0x9f, 0x00, 0x00, 0x00, 0x00, 0x00, 0x00, 0x00, 0x00, 0x00, 0x00, 0x00, 0x00,
    0x00, 0x00, 0x00, 0x12, 0xfa, 0xff, 0x8b, 0x00, 0xc2, 0xff, 0xff, 0xf5, 0xf4, 0xf4, 0xf4, 0xf4,
    0xf4, 0xf4, 0xf4, 0xf4, 0xf4, 0xf4, 0xf4, 0xf4, 0xf4, 0xf4, 0xfa, 0xff, 0xff, 0x55, 0x00, 0x32,
    0xf0, 0xff, 0xff, 0xff, 0xff, 0xff, 0xff, 0xff, 0xff, 0xff, 0xff, 0xff, 0xff, 0xff, 0xff, 0xff,
    0xff, 0xff, 0xff, 0xb1, 0x01, 0x00, 0x00, 0x1b, 0x74, 0x93, 0x94, 0x94, 0x94, 0x94, 0x94, 0x94,
    0x94, 0x94, 0x94, 0x94, 0x94, 0x94, 0x94, 0x94, 0x8b, 0x56, 0x01, 0x00, 0x00, 0x00, 0x00, 0x03,
    0x1b, 0x1c, 0x1c, 0x1c, 0x1c, 0x1c, 0x1c, 0x1c, 0x1c, 0x1c, 0x1c, 0x1c, 0x1c, 0x1c, 0x1c, 0x13,
    0x00, 0x00, 0x00, 0x00, 0x07, 0x93, 0xf7, 0xff, 0xff, 0xff, 0xff, 0xff, 0xff, 0xff, 0xff, 0xff,
    0xff, 0xff, 0xff, 0xff, 0xff, 0xff, 0xff, 0xdd, 0x45, 0x00, 0x00, 0x89, 0xff, 0xff, 0xff, 0xff,
    0xff, 0xff, 0xff, 0xff, 0xff, 0xff, 0xff, 0xff, 0xff, 0xff, 0xff, 0xff, 0xff, 0xff, 0xff, 0xf5,
    0x25, 0x00, 0xe5, 0xff, 0xd7, 0x6d, 0x6c, 0x6c, 0x6c, 0x6c, 0x6c, 0x6c, 0x6c, 0x6c, 0x6c, 0x6c,
    0x6c, 0x6c, 0x6c, 0x6c, 0x85, 0xff, 0xff, 0x78, 0x00, 0xff, 0xff, 0x88, 0x0f, 0x50, 0x50, 0x50,
    0x30, 0x00, 0x00, 0x00, 0x00, 0x00, 0x00, 0x00, 0x00, 0x00, 0x00, 0x00, 0xf4, 0xff, 0xb0, 0x0b,
    0xff, 0xff, 0x88, 0x30, 0xff, 0xff, 0xff, 0x9c, 0x00, 0x00, 0x00, 0x00, 0x00, 0x00, 0x00, 0x00,
    0x00, 0x00, 0x00, 0xf4, 0xff, 0xff, 0xb1, 0xff, 0xff, 0x88, 0x30, 0xff, 0xff, 0xff, 0x9c, 0x00,
    0x00, 0x00, 0x00, 0x00, 0x00, 0x00, 0x00, 0x00, 0x00, 0x00, 0xf4, 0xff, 0xff, 0xd8, 0xff, 0xff,
    0x88, 0x30, 0xff, 0xff, 0xff, 0x9c, 0x00, 0x00, 0x00, 0x00, 0x00, 0x00, 0x00, 0x00, 0x00, 0x00,
    0x00, 0xf4, 0xff, 0xff, 0xd8, 0xff, 0xff, 0x88, 0x30, 0xff, 0xff, 0xff, 0x9c, 0x00, 0x00, 0x00,
    0x00, 0x00, 0x00, 0x00, 0x00, 0x00, 0x00, 0x00, 0xf4, 0xff, 0xff, 0xd2, 0xff, 0xff, 0x88, 0x24,
    0xc4, 0xc4, 0xc4, 0x77, 0x00, 0x00, 0x00, 0x00, 0x00, 0x00, 0x00, 0x00, 0x00, 0x00, 0x00, 0xf4,
    0xff, 0xe2, 0x51, 0xf7, 0xff, 0x9f, 0x00, 0x00, 0x00, 0x00, 0x00, 0x00, 0x00, 0x00, 0x00, 0x00,
    0x00, 0x00, 0x00, 0x00, 0x00, 0x12, 0xfa, 0xff, 0x8b, 0x00, 0xc2, 0xff, 0xff, 0xf5, 0xf4, 0xf4,
    0xf4, 0xf4, 0xf4, 0xf4, 0xf4, 0xf4, 0xf4, 0xf4, 0xf4, 0xf4, 0xf4, 0xf4, 0xfa, 0xff, 0xff, 0x55,
    0x00, 0x32, 0xf0, 0xff, 0xff, 0xff, 0xff, 0xff, 0xff, 0xff, 0xff, 0xff, 0xff, 0xff, 0xff, 0xff,
    0xff, 0xff, 0xff, 0xff, 0xff, 0xb1, 0x01, 0x00, 0x00, 0x1b, 0x74, 0x93, 0x94, 0x94, 0x94, 0x94,
    0x94, 0x94, 0x94, 0x94, 0x94, 0x94, 0x94, 0x94, 0x94, 0x94, 0x8b, 0x56, 0x01, 0x00, 0x00, 0x00,
    0x00, 0x03, 0x1b, 0x1c, 0x1c, 0x1c, 0x1c, 0x1c, 0x1c, 0x1c, 0x1c, 0x1c, 0x1c, 0x1c, 0x1c, 0x1c,
    0x1c, 0x13, 0x00, 0x00, 0x00, 0x00, 0x07, 0x93, 0xf7, 0xff, 0xff, 0xff, 0xff, 0xff, 0xff, 0xff,
    0xff, 0xff, 0xff, 0xff, 0xff, 0xff, 0xff, 0xff, 0xff, 0xdd, 0x45, 0x00, 0x00, 0x89, 0xff, 0xff,
    0xff, 0xff, 0xff, 0xff, 0xff, 0xff, 0xff, 0xff, 0xff, 0xff, 0xff, 0xff, 0xff, 0xff, 0xff, 0xff,
    0xff, 0xf5, 0x25, 0x00, 0xe5, 0xff, 0xd7, 0x6d, 0x6c, 0x6c, 0x6c, 0x6c, 0x6c, 0x6c, 0x6c, 0x6c,
    0x6c, 0x6c, 0x6c, 0x6c, 0x6c, 0x6c, 0x85, 0xff, 0xff, 0x78, 0x00, 0xff, 0xff, 0x88, 0x00, 0x00,
    0x00, 0x00, 0x00, 0x00, 0x00, 0x00, 0x00, 0x00, 0x00, 0x00, 0x00, 0x00, 0x00, 0x00, 0xf4, 0xff,
    0xb0, 0x0b, 0xff, 0xff, 0x88, 0x00, 0x00, 0x00, 0x00, 0x00, 0x00, 0x00, 0x00, 0x00, 0x00, 0x00,
    0x00, 0x00, 0x00, 0x00, 0x00, 0xf4, 0xff, 0xff, 0xb1, 0xff, 0xff, 0x88, 0x00, 0x00, 0x00, 0x00,
    0x00, 0x00, 0x00, 0x00, 0x00, 0x00, 0x00, 0x00, 0x00, 0x00, 0x00, 0x00, 0xf4, 0xff, 0xff, 0xd8,
    0xff, 0xff, 0x88, 0x00, 0x00, 0x00, 0x00, 0x00, 0x00, 0x00, 0x00, 0x00, 0x00, 0x00, 0x00, 0x00,
    0x00, 0x00, 0x00, 0xf4, 0xff, 0xff, 0xd8, 0xff, 0xff, 0x88, 0x00, 0x00, 0x00, 0x00, 0x00, 0x00,
    0x00, 0x00, 0x00, 0x00, 0x00, 0x00, 0x00, 0x00, 0x00, 0x00, 0xf4, 0xff, 0xff, 0xd2, 0xff, 0xff,
    0x88, 0x00, 0x00, 0x00, 0x00, 0x00, 0x00, 0x00, 0x00, 0x00, 0x00, 0x00, 0x00, 0x00, 0x00, 0x00,
    0x00, 0xf4, 0xff, 0xe2, 0x51, 0xf7, 0xff, 0x9f, 0x00, 0x00, 0x00, 0x00, 0x00, 0x00, 0x00, 0x00,
    0x00, 0x00, 0x00, 0x00, 0x00, 0x00, 0x00, 0x12, 0xfa, 0xff, 0x8b, 0x00, 0xc2, 0xff, 0xff, 0xf5,
    0xf4, 0xf4, 0xf4, 0xf4, 0xf4, 0xf4, 0xf4, 0xf4, 0xf4, 0xf4, 0xf4, 0xf4, 0xf4, 0xf4, 0xfa, 0xff,
    0xff, 0x55, 0x00, 0x32, 0xf0, 0xff, 0xff, 0xff, 0xff, 0xff, 0xff, 0xff, 0xff, 0xff, 0xff, 0xff,
    0xff, 0xff, 0xff, 0xff, 0xff, 0xff, 0xff, 0xb1, 0x01, 0x00, 0x00, 0x1b, 0x74, 0x93, 0x94, 0x94,
    0x94, 0x94, 0x94, 0x94, 0x94, 0x94, 0x94, 0x94, 0x94, 0x94, 0x94, 0x94, 0x8b, 0x56, 0x01, 0x00,
    0x00, 0x00, 0x00, 0x00, 0xe8, 0xeb, 0xeb, 0xeb, 0xeb, 0x79, 0x00, 0x00, 0x00, 0x00, 0x19, 0x1f,
    0xfc, 0xff, 0xff, 0xff, 0xff, 0x93, 0x1f, 0x0b, 0x00, 0x7a, 0xff, 0xff, 0xff, 0xff, 0xff, 0xff,
    0xff, 0xff, 0xff, 0xed, 0x18, 0xb7, 0xff, 0xff, 0xff, 0xff, 0xff, 0xff, 0xff, 0xff, 0xff, 0xff,
    0x43, 0xb7, 0xff, 0xff, 0xff, 0xff, 0xff, 0xf6, 0xff, 0xff, 0xff, 0xff, 0x43, 0xb7, 0xff, 0xff,
    0xff, 0xff, 0xff, 0x8a, 0xff, 0xff, 0xff, 0xff, 0x43, 0xb7, 0xff, 0xff, 0xff, 0xff, 0xac, 0x53,
    0xff, 0xff, 0xff, 0xff, 0x43, 0xb7, 0xff, 0xff, 0xff, 0xfc, 0x28, 0x53, 0xff, 0xff, 0xff, 0xff,
    0x43, 0xb7, 0xff, 0xff, 0xff, 0x9c, 0x00, 0x53, 0xff, 0xff, 0xff, 0xff, 0x43, 0xb7, 0xff, 0xff,
    0xf8, 0x1d, 0x00, 0x3b, 0xb3, 0xde, 0xff, 0xff, 0x43, 0xb7, 0xff, 0xff, 0x8d, 0x00, 0x00, 0x00,
    0x07, 0xe1, 0xff, 0xff, 0x43, 0xb7, 0xff, 0xff, 0x90, 0x6a, 0x00, 0x00, 0x70, 0xff, 0xff, 0xff,
    0x43, 0xb7, 0xff, 0xff, 0xff, 0xdb, 0x00, 0x0d, 0xeb, 0xff, 0xff, 0xff, 0x43, 0xb7, 0xff, 0xff,
    0xff, 0xdb, 0x00, 0x81, 0xff, 0xff, 0xff, 0xff, 0x43, 0xb7, 0xff, 0xff, 0xff, 0xdb, 0x16, 0xf3,
    0xff, 0xff, 0xff, 0xff, 0x43, 0xb7, 0xff, 0xff, 0xff, 0xdb, 0x91, 0xff, 0xff, 0xff, 0xff, 0xff,
    0x43, 0xb7, 0xff, 0xff, 0xff, 0xef, 0xf9, 0xff, 0xff, 0xff, 0xff, 0xff, 0x43, 0x9f, 0xff, 0xff,
    0xff, 0xff, 0xff, 0xff, 0xff, 0xff, 0xff, 0xff, 0x2c, 0x0e, 0x5a, 0x5f, 0x5f, 0x5f, 0x5f, 0x5f,
    0x5f, 0x5f, 0x5f, 0x3b, 0x00, 0x00, 0x00, 0x00, 0x00, 0x00, 0x00, 0x00, 0x00, 0x02, 0x00, 0x93,
    0x4c, 0x01, 0x00, 0x00, 0x00, 0x00, 0x00, 0x00, 0x00, 0x00, 0x00, 0x00, 0x00, 0x61, 0x3e, 0x00,
    0xe7, 0xff, 0xc0, 0x24, 0x00, 0x00, 0x00, 0x00, 0x00, 0x00, 0x00, 0x00, 0x00, 0x61, 0xfe, 0x3f,
    0x00, 0x3c, 0xb9, 0xff, 0xe9, 0x2c, 0x00, 0x00, 0x00, 0x00, 0x00, 0x00, 0x00, 0x61, 0xfe, 0xff,
    0x3f, 0x00, 0x00, 0x00, 0x7b, 0xff, 0xe3, 0x0d, 0x00, 0x00, 0x00, 0x00, 0x00, 0x61, 0xfe, 0xff,
    0xff, 0x3f, 0x00, 0x29, 0x00, 0x00, 0x97, 0xff, 0x8e, 0x00, 0x83, 0x83, 0x83, 0x94, 0xfe, 0xff,
    0xff, 0xff, 0x3f, 0x00, 0xe3, 0x4e, 0x00, 0x0d, 0xef, 0xf0, 0x08, 0xff, 0xff, 0xff, 0xff, 0xff,
    0xff, 0xff, 0xff, 0x3f, 0x00, 0xe7, 0xeb, 0x09, 0x00, 0x9c, 0xff, 0x49, 0xff, 0xff, 0xff, 0xff,
    0xff, 0xff, 0xff, 0xff, 0x3f, 0x00, 0xe7, 0xff, 0x45, 0x00, 0x6b, 0xff, 0x6a, 0xff, 0xff, 0xff,
    0xff, 0xff, 0xff, 0xff, 0xff, 0x3f, 0x00, 0xe7, 0xff, 0x54, 0x00, 0x62, 0xff, 0x76, 0xff, 0xff,
    0xff, 0xff, 0xff, 0xff, 0xff, 0xff, 0x3f, 0x00, 0xe7, 0xfe, 0x25, 0x00, 0x80, 0xff, 0x5a, 0xf7,
    0xf7, 0xf7, 0xfa, 0xff, 0xff, 0xff, 0xff, 0x3f, 0x00, 0xe7, 0xa5, 0x00, 0x00, 0xc9, 0xff, 0x24,
    0x00, 0x00, 0x00, 0x0e, 0xc6, 0xff, 0xff, 0xff, 0x3f, 0x00, 0x87, 0x0a, 0x00, 0x47, 0xff, 0xc6,
    0x00, 0x00, 0x00, 0x00, 0x00, 0x0e, 0xc6, 0xff, 0xff, 0x3f, 0x00, 0x00, 0x00, 0x1e, 0xe5, 0xfe,
    0x3d, 0x00, 0x00, 0x00, 0x00, 0x00, 0x00, 0x0e, 0xc6, 0xff, 0x3f, 0x00, 0x00, 0x45, 0xe5, 0xff,
    0x86, 0x00, 0x00, 0x00, 0x00, 0x00, 0x00, 0x00, 0x00, 0x0e, 0xc6, 0x3f, 0x00, 0xba, 0xff, 0xfd,
    0x83, 0x00, 0x00, 0x00, 0x00, 0x00, 0x00, 0x00, 0x00, 0x00, 0x00, 0x0e, 0x1d, 0x00, 0xe6, 0xc1,
    0x39, 0x00, 0x00, 0x00, 0x00, 0x00, 0x00, 0x00, 0x00, 0x00, 0x00, 0x00, 0x00, 0x00, 0x00, 0x19,
    0x00, 0x00, 0x00, 0x00, 0x00, 0x00, 0x00, 0x00, 0x00, 0x00, 0x00, 0x00, 0x00, 0x00, 0x01, 0x00,
    0x00, 0x00, 0x00, 0x00, 0x00, 0x00, 0x06, 0x97, 0x00, 0x00, 0x00, 0x00, 0x00, 0x00, 0x05, 0xb1,
    0xe3, 0x00, 0x00, 0x00, 0x00, 0x00, 0x04, 0xad, 0xff, 0xe3, 0x00, 0x00, 0x00, 0x00, 0x04, 0xab,
    0xff, 0xff, 0xe3, 0x2f, 0x83, 0x83, 0x83, 0xb7, 0xff, 0xff, 0xff, 0xe3, 0x5b, 0xff, 0xff, 0xff,
    0xff, 0xff, 0xff, 0xff, 0xe3, 0x5b, 0xff, 0xff, 0xff, 0xff, 0xff, 0xff, 0xff, 0xe3, 0x5b, 0xff,
    0xff, 0xff, 0xff, 0xff, 0xff, 0xff, 0xe3, 0x5b, 0xff, 0xff, 0xff, 0xff, 0xff, 0xff, 0xff, 0xe3,
    0x5a, 0xfb, 0xfb, 0xfb, 0xfe, 0xff, 0xff, 0xff, 0xe3, 0x00, 0x00, 0x00, 0x00, 0x35, 0xf0, 0xff,
    0xff, 0xe3, 0x00, 0x00, 0x00, 0x00, 0x00, 0x37, 0xf1, 0xff, 0xe3, 0x00, 0x00, 0x00, 0x00, 0x00,
    0x00, 0x3a, 0xf3, 0xe3, 0x00, 0x00, 0x00, 0x00, 0x00, 0x00, 0x00, 0x3c, 0xd7, 0x00, 0x00, 0x00,
    0x00, 0x00, 0x00, 0x00, 0x00, 0x2c, 0x00, 0x00, 0x00, 0x00, 0x00, 0x00, 0x00, 0x00, 0x02, 0x00,
    0x00, 0x00, 0x00, 0x00, 0x00, 0x00, 0x00, 0x00, 0x00, 0x00, 0x00, 0x00, 0x00, 0x00, 0x00, 0x61,
    0x3e, 0x00, 0x00, 0x00, 0x00, 0x00, 0x00, 0x00, 0x00, 0x00, 0x00, 0x00, 0x00, 0x00, 0x00, 0x00,
    0x61, 0xfe, 0x40, 0x00, 0x00, 0x00, 0x00, 0x00, 0x00, 0x00, 0x00, 0x00, 0x00, 0x00, 0x00, 0x00,
    0x00, 0x61, 0xfe, 0xff, 0x40, 0x00, 0x00, 0x00, 0x00, 0x00, 0x00, 0x00, 0x00, 0x00, 0x00, 0x00,
    0x00, 0x00, 0x61, 0xfe, 0xff, 0xff, 0x40, 0x00, 0x00, 0x2c, 0x00, 0x00, 0x00, 0x0c, 0x20, 0x00,
    0x84, 0x84, 0x84, 0x94, 0xfe, 0xff, 0xff, 0xff, 0x40, 0x00, 0x86, 0xfa, 0x51, 0x00, 0x0d, 0xc4,
    0xe3, 0x1e, 0xff, 0xff, 0xff, 0xff, 0xff, 0xff, 0xff, 0xff, 0x40, 0x00, 0x4c, 0xf9, 0xfa, 0x5d,
    0xc5, 0xff, 0xb8, 0x08, 0xff, 0xff, 0xff, 0xff, 0xff, 0xff, 0xff, 0xff, 0x40, 0x00, 0x00, 0x4d,
    0xf9, 0xff, 0xff, 0xba, 0x08, 0x00, 0xff, 0xff, 0xff, 0xff, 0xff, 0xff, 0xff, 0xff, 0x40, 0x00,
    0x00, 0x0c, 0xd1, 0xff, 0xff, 0x59, 0x00, 0x00, 0xff, 0xff, 0xff, 0xff, 0xff, 0xff, 0xff, 0xff,
    0x40, 0x00, 0x0c, 0xc3, 0xff, 0xca, 0xfa, 0xfa, 0x50, 0x00, 0xfc, 0xfc, 0xfc, 0xfd, 0xff, 0xff,
    0xff, 0xff, 0x40, 0x00, 0xa6, 0xff, 0xba, 0x08, 0x4e, 0xfa, 0xfa, 0x27, 0x00, 0x00, 0x00, 0x0f,
    0xc9, 0xff, 0xff, 0xff, 0x40, 0x00, 0x20, 0xa0, 0x09, 0x00, 0x00, 0x4e, 0x7b, 0x00, 0x00, 0x00,
    0x00, 0x00, 0x0f, 0xc9, 0xff, 0xff, 0x40, 0x00, 0x00, 0x00, 0x00, 0x00, 0x00, 0x00, 0x00, 0x00,
    0x00, 0x00, 0x00, 0x00, 0x00, 0x0f, 0xc9, 0xff, 0x40, 0x00, 0x00, 0x00, 0x00, 0x00, 0x00, 0x00,
    0x00, 0x00, 0x00, 0x00, 0x00, 0x00, 0x00, 0x00, 0x0f, 0xc9, 0x40, 0x00, 0x00, 0x00, 0x00, 0x00,
    0x00, 0x00, 0x00, 0x00, 0x00, 0x00, 0x00, 0x00, 0x00, 0x00, 0x00, 0x0f, 0x1e, 0x00, 0x00, 0x00,
    0x00, 0x00, 0x00, 0x00, 0x00, 0x00, 0x00, 0x00, 0x00, 0x00, 0x00, 0x00, 0x00, 0x01, 0x12, 0x28,
    0x3a, 0x2c, 0x17, 0x04, 0x00, 0x00, 0x00, 0x00, 0x00, 0x00, 0x00, 0x00, 0x00, 0x00, 0x00, 0x00,
    0x1e, 0x70, 0xb1, 0xef, 0xff, 0xff, 0xff, 0xff, 0xff, 0xf8, 0xc0, 0x7f, 0x32, 0x00, 0x00, 0x00,
    0x00, 0x00, 0x00, 0x00, 0x37, 0xa9, 0xfb, 0xff, 0xff, 0xeb, 0xbc, 0xa7, 0x98, 0xa3, 0xb7, 0xe3,
    0xff, 0xff, 0xff, 0xc5, 0x56, 0x02, 0x00, 0x00, 0x0d, 0x98, 0xfe, 0xff, 0xd4, 0x76, 0x22, 0x00,
    0x00, 0x00, 0x00, 0x00, 0x00, 0x00, 0x18, 0x69, 0xc4, 0xff, 0xff, 0xc7, 0x2c, 0x00, 0xbc, 0xff,
    0xe6, 0x54, 0x01, 0x00, 0x00, 0x00, 0x00, 0x00, 0x00, 0x00, 0x00, 0x00, 0x00, 0x00, 0x00, 0x3b,
    0xca, 0xff, 0xf7, 0x1f, 0x29, 0xf2, 0xf9, 0x39, 0x00, 0x00, 0x00, 0x00, 0x00, 0x00, 0x00, 0x00,
    0x00, 0x00, 0x00, 0x00, 0x00, 0x00, 0x3a, 0x57, 0x41, 0x00, 0x00, 0x50, 0xfe, 0xe6, 0x19, 0x00,
    0x00, 0x00, 0x00, 0x00, 0x00, 0x00, 0x00, 0x00, 0x00, 0x00, 0x02, 0x00, 0x00, 0x00, 0x00, 0x00,
    0x00, 0x00, 0x81, 0xff, 0xc6, 0x06, 0x00, 0x00, 0x00, 0x00, 0x00, 0x00, 0x00, 0x00, 0x00, 0x00,
    0x8a, 0x03, 0x1e, 0xdb, 0x9e, 0x00, 0x00, 0x00, 0x01, 0xb3, 0xff, 0x99, 0x00, 0x00, 0x00, 0x00,
    0x00, 0x00, 0x00, 0x00, 0x00, 0x58, 0xff, 0x03, 0x23, 0xff, 0xb7, 0x00, 0x00, 0x00, 0x00, 0x0f,
    0xd9, 0xff, 0x67, 0x00, 0x00, 0x00, 0x00, 0x00, 0x00, 0x00, 0x31, 0xf5, 0xf8, 0x02, 0x23, 0xff,
    0xb7, 0x00, 0x00, 0x00, 0x00, 0x00, 0x29, 0xf2, 0xf9, 0x3a, 0x00, 0x00, 0x00, 0x00, 0x00, 0x15,
    0xe0, 0xff, 0x63, 0x00, 0x23, 0xff, 0xb7, 0x00, 0x00, 0x00, 0x00, 0x00, 0x00, 0x52, 0xfe, 0xe7,
    0x1a, 0x00, 0x00, 0x00, 0x04, 0xc0, 0xff, 0x96, 0x00, 0x00, 0x23, 0xff, 0xb7, 0x00, 0x00, 0x00,
    0x00, 0x00, 0x00, 0x00, 0x86, 0xff, 0xc7, 0x06, 0x00, 0x00, 0x93, 0xff, 0xc4, 0x05, 0x00, 0x00,
    0x17, 0xa3, 0x75, 0x00, 0x00, 0x00, 0x00, 0x00, 0x00, 0x00, 0x02, 0xb8, 0xff, 0x9b, 0x00, 0x62,
    0xff, 0xe4, 0x18, 0x00, 0x00, 0x00, 0x00, 0x00, 0x00, 0x00, 0x00, 0x00, 0x00, 0x00, 0x00, 0x00,
    0x00, 0x12, 0xde, 0xff, 0x93, 0xf8, 0xf8, 0x37, 0x00, 0x00, 0x00, 0x00, 0x12, 0x83, 0x5e, 0x00,
    0x00, 0x00, 0x00, 0x00, 0x00, 0x00, 0x00, 0x00, 0x2f, 0xf6, 0xff, 0xff, 0x62, 0x00, 0x00, 0x00,
    0x00, 0x00, 0x23, 0xff, 0xb7, 0x00, 0x00, 0x00, 0x00, 0x00, 0x00, 0x00, 0x00, 0x00, 0x00, 0x5b,
    0xff, 0x95, 0x00, 0x00, 0x00, 0x00, 0x00, 0x00, 0x0c, 0x57, 0x3f, 0x00, 0x00, 0x00, 0x00, 0x00,
    0x00, 0x00, 0x00, 0x00, 0x00, 0x00, 0x64, 0x05, 0x00, 0x00, 0x00, 0x00, 0x00, 0x00, 0x00, 0x00,
    0x00, 0x00, 0x00, 0x00, 0x00, 0x00, 0x00, 0x00, 0x00, 0x01, 0x11, 0x27, 0x3a, 0x2d, 0x18, 0x04,
    0x00, 0x00, 0x00, 0x00, 0x00, 0x00, 0x00, 0x00, 0x00, 0x00, 0x00, 0x00, 0x1a, 0x6d, 0xae, 0xed,
    0xff, 0xff, 0xff, 0xff, 0xff, 0xf9, 0xc2, 0x81, 0x35, 0x00, 0x00, 0x00, 0x00, 0x00, 0x00, 0x00,
    0x33, 0xa4, 0xfa, 0xff, 0xff, 0xee, 0xbe, 0xa8, 0x98, 0xa2, 0xb4, 0xde, 0xff, 0xff, 0xff, 0xc8,
    0x59, 0x02, 0x00, 0x00, 0x0d, 0x94, 0xfe, 0xff, 0xdd, 0x7f, 0x28, 0x00, 0x00, 0x00, 0x00, 0x00,
    0x00, 0x00, 0x14, 0x62, 0xbf, 0xff, 0xff, 0xc9, 0x2d, 0x00, 0xbc, 0xff, 0xec, 0x62, 0x03, 0x00,
    0x00, 0x00, 0x00, 0x00, 0x00, 0x00, 0x00, 0x00, 0x00, 0x00, 0x00, 0x37, 0xc7, 0xff, 0xf7, 0x1f,
    0x2a, 0xf3, 0xfa, 0x3e, 0x00, 0x00, 0x00, 0x00, 0x00, 0x00, 0x00, 0x00, 0x00, 0x00, 0x00, 0x00,
    0x00, 0x0d, 0xd7, 0xff, 0x77, 0x00, 0x00, 0x51, 0xfe, 0xea, 0x1d, 0x00, 0x00, 0x00, 0x00, 0x00,
    0x00, 0x00, 0x00, 0x00, 0x00, 0x00, 0x01, 0xb0, 0xff, 0xa9, 0x00, 0x00, 0x00, 0x00, 0x83, 0xff,
    0xcd, 0x09, 0x00, 0x00, 0x00, 0x00, 0x00, 0x00, 0x00, 0x00, 0x00, 0x00, 0x80, 0xff, 0xd1, 0x0b,
    0x00, 0x00, 0x00, 0x00, 0x02, 0xb5, 0xff, 0xa4, 0x00, 0x00, 0x00, 0x00, 0x00, 0x00, 0x00, 0x00,
    0x00, 0x4e, 0xfe, 0xed, 0x21, 0x00, 0x00, 0x00, 0x00, 0x00, 0x00, 0x0f, 0xda, 0xff, 0x72, 0x00,
    0x00, 0x01, 0x14, 0x05, 0x00, 0x00, 0x28, 0xf1, 0xfc, 0x44, 0x00, 0x00, 0x00, 0x00, 0x00, 0x00,
    0x00, 0x00, 0x2a, 0xf3, 0xfc, 0x86, 0xc4, 0xfa, 0xff, 0xfd, 0xda, 0x82, 0xd8, 0xff, 0x73, 0x00,
    0x00, 0x00, 0x00, 0x00, 0x00, 0x00, 0x00, 0x00, 0x00, 0x52, 0xfe, 0xff, 0xff, 0xff, 0xff, 0xff,
    0xff, 0xff, 0xff, 0xa5, 0x00, 0x00, 0x00, 0x00, 0x00, 0x00, 0x00, 0x00, 0x00, 0x00, 0x00, 0x00,
    0x84, 0xff, 0xff, 0xff, 0xff, 0xff, 0xff, 0xff, 0xcf, 0x09, 0x00, 0x00, 0x00, 0x00, 0x00, 0x00,
    0x00, 0x00, 0x00, 0x00, 0x00, 0x00, 0x02, 0xb5, 0xff, 0xff, 0xff, 0xff, 0xff, 0xeb, 0x1f, 0x00,
    0x00, 0x00, 0x00, 0x00, 0x00, 0x00, 0x00, 0x00, 0x00, 0x00, 0x00, 0x00, 0x00, 0x10, 0xdb, 0xff,
    0xff, 0xff, 0xfb, 0x41, 0x00, 0x00, 0x00, 0x00, 0x00, 0x00, 0x00, 0x00, 0x00, 0x00, 0x00, 0x00,
    0x00, 0x00, 0x00, 0x00, 0x2b, 0xf3, 0xff, 0xff, 0x6f, 0x00, 0x00, 0x00, 0x00, 0x00, 0x00, 0x00,
    0x00, 0x00, 0x00, 0x00, 0x00, 0x00, 0x00, 0x00, 0x00, 0x00, 0x00, 0x52, 0xfe, 0xa2, 0x00, 0x00,
    0x00, 0x00, 0x00, 0x00, 0x00, 0x00, 0x00, 0x00, 0x00, 0x00, 0x00, 0x00, 0x00, 0x00, 0x00, 0x00,
    0x00, 0x00, 0x61, 0x08, 0x00, 0x00, 0x00, 0x00, 0x00, 0x00, 0x00, 0x00, 0x00, 0x00, 0x00, 0x00,
    0x00, 0x00, 0x00, 0x00, 0x00, 0x01, 0x11, 0x27, 0x3a, 0x2d, 0x18, 0x04, 0x00, 0x00, 0x00, 0x00,
    0x00, 0x00, 0x00, 0x00, 0x00, 0x00, 0x00, 0x00, 0x1a, 0x6d, 0xae, 0xed, 0xff, 0xff, 0xff, 0xff,
    0xff, 0xf9, 0xc2, 0x81, 0x35, 0x00, 0x00, 0x00, 0x00, 0x00, 0x00, 0x00, 0x33, 0xa4, 0xfa, 0xff,
    0xff, 0xee, 0xbe, 0xa8, 0x98, 0xa2, 0xb4, 0xde, 0xff, 0xff, 0xff, 0xc8, 0x59, 0x02, 0x00, 0x00,
    0x0d, 0x94, 0xfe, 0xff, 0xdd, 0x7f, 0x28, 0x00, 0x00, 0x00, 0x00, 0x00, 0x00, 0x00, 0x14, 0x62,
    0xbf, 0xff, 0xff, 0xc9, 0x2d, 0x00, 0xbc, 0xff, 0xec, 0x62, 0x03, 0x00, 0x00, 0x00, 0x00, 0x00,
    0x00, 0x00, 0x00, 0x00, 0x00, 0x00, 0x00, 0x37, 0xc7, 0xff, 0xf7, 0x1f, 0x2a, 0xf3, 0xfa, 0x3e,
    0x00, 0x00, 0x00, 0x00, 0x00, 0x00, 0x00, 0x00, 0x00, 0x00, 0x00, 0x00, 0x00, 0x0e, 0xd7, 0xff,
    0x77, 0x00, 0x00, 0x51, 0xfe, 0xea, 0x1e, 0x00, 0x00, 0x00, 0x00, 0x00, 0x00, 0x00, 0x00, 0x00,
    0x00, 0x00, 0x02, 0xb4, 0xff, 0xa9, 0x00, 0x00, 0x00, 0x00, 0x83, 0xff, 0xcd, 0x09, 0x09, 0x54,
    0x9b, 0xc5, 0xd6, 0xcd, 0xad, 0x72, 0x1c, 0x00, 0x86, 0xff, 0xd1, 0x0b, 0x00, 0x00, 0x00, 0x00,
    0x02, 0xb5, 0xff, 0xc4, 0xe9, 0xff, 0xff, 0xff, 0xff, 0xff, 0xff, 0xff, 0xfb, 0xb4, 0xff, 0xed,
    0x21, 0x00, 0x00, 0x00, 0x00, 0x00, 0x00, 0x0f, 0xda, 0xff, 0xff, 0xff, 0xff, 0xff, 0xff, 0xff,
    0xff, 0xff, 0xff, 0xff, 0xfc, 0x44, 0x00, 0x00, 0x00, 0x00, 0x00, 0x00, 0x00, 0x00, 0x2a, 0xf3,
    0xff, 0xff, 0xff, 0xff, 0xff, 0xff, 0xff, 0xff, 0xff, 0xff, 0x73, 0x00, 0x00, 0x00, 0x00, 0x00,
    0x00, 0x00, 0x00, 0x00, 0x00, 0x52, 0xfe, 0xff, 0xff, 0xff, 0xff, 0xff, 0xff, 0xff, 0xff, 0xa5,
    0x00, 0x00, 0x00, 0x00, 0x00, 0x00, 0x00, 0x00, 0x00, 0x00, 0x00, 0x00, 0x84, 0xff, 0xff, 0xff,
    0xff, 0xff, 0xff, 0xff, 0xcf, 0x09, 0x00, 0x00, 0x00, 0x00, 0x00, 0x00, 0x00, 0x00, 0x00, 0x00,
    0x00, 0x00, 0x02, 0xb5, 0xff, 0xff, 0xff, 0xff, 0xff, 0xeb, 0x1f, 0x00, 0x00, 0x00, 0x00, 0x00,
    0x00, 0x00, 0x00, 0x00, 0x00, 0x00, 0x00, 0x00, 0x00, 0x10, 0xdb, 0xff, 0xff, 0xff, 0xfb, 0x41,
    0x00, 0x00, 0x00, 0x00, 0x00, 0x00, 0x00, 0x00, 0x00, 0x00, 0x00, 0x00, 0x00, 0x00, 0x00, 0x00,
    0x2b, 0xf3, 0xff, 0xff, 0x6f, 0x00, 0x00, 0x00, 0x00, 0x00, 0x00, 0x00, 0x00, 0x00, 0x00, 0x00,
    0x00, 0x00, 0x00, 0x00, 0x00, 0x00, 0x00, 0x52, 0xfe, 0xa2, 0x00, 0x00, 0x00, 0x00, 0x00, 0x00,
    0x00, 0x00, 0x00, 0x00, 0x00, 0x00, 0x00, 0x00, 0x00, 0x00, 0x00, 0x00, 0x00, 0x00, 0x61, 0x08,
    0x00, 0x00, 0x00, 0x00, 0x00, 0x00, 0x00, 0x00, 0x00, 0x00, 0x00, 0x00, 0x00, 0x00, 0x00, 0x00,
    0x00, 0x01, 0x11, 0x27, 0x3a, 0x2d, 0x18, 0x04, 0x00, 0x00, 0x00, 0x00, 0x00, 0x00, 0x00, 0x00,
    0x00, 0x00, 0x00, 0x00, 0x1a, 0x6d, 0xae, 0xed, 0xff, 0xff, 0xff, 0xff, 0xff, 0xf9, 0xc2, 0x81,
    0x35, 0x00, 0x00, 0x00, 0x00, 0x00, 0x00, 0x00, 0x33, 0xa4, 0xfa, 0xff, 0xff, 0xee, 0xbe, 0xa8,
    0x98, 0xa2, 0xb4, 0xde, 0xff, 0xff, 0xff, 0xc8, 0x59, 0x02, 0x00, 0x00, 0x0d, 0x94, 0xfe, 0xff,
    0xdd, 0x7f, 0x28, 0x00, 0x00, 0x00, 0x00, 0x00, 0x00, 0x00, 0x14, 0x62, 0xbf, 0xff, 0xff, 0xc9,
    0x2d, 0x00, 0xbc, 0xff, 0xec, 0x62, 0x03, 0x00, 0x00, 0x00, 0x00, 0x00, 0x00, 0x00, 0x00, 0x00,
    0x00, 0x00, 0x00, 0x37, 0xc7, 0xff, 0xf7, 0x1f, 0x2a, 0xf3, 0xfa, 0x3d, 0x00, 0x00, 0x02, 0x39,
    0x70, 0x94, 0xa2, 0x96, 0x7c, 0x43, 0x09, 0x00, 0x00, 0x0e, 0xd7, 0xff, 0x77, 0x00, 0x00, 0x51,
    0xfe, 0xe9, 0x2e, 0x80, 0xe5, 0xff, 0xff, 0xff, 0xff, 0xff, 0xff, 0xff, 0xf3, 0x9d, 0x26, 0xb4,
    0xff, 0xa9, 0x00, 0x00, 0x00, 0x00, 0x83, 0xff, 0xff, 0xff, 0xff, 0xff, 0xff, 0xff, 0xff, 0xff,
    0xff, 0xff, 0xff, 0xff, 0xff, 0xff, 0xd1, 0x0b, 0x00, 0x00, 0x00, 0x00, 0x02, 0xb5, 0xff, 0xff,
    0xff, 0xff, 0xff, 0xff, 0xff, 0xff, 0xff, 0xff, 0xff, 0xff, 0xff, 0xed, 0x21, 0x00, 0x00, 0x00,
    0x00, 0x00, 0x00, 0x0f, 0xda, 0xff, 0xff, 0xff, 0xff, 0xff, 0xff, 0xff, 0xff, 0xff, 0xff, 0xff,
    0xfc, 0x44, 0x00, 0x00, 0x00, 0x00, 0x00, 0x00, 0x00, 0x00, 0x2a, 0xf3, 0xff, 0xff, 0xff, 0xff,
    0xff, 0xff, 0xff, 0xff, 0xff, 0xff, 0x73, 0x00, 0x00, 0x00, 0x00, 0x00, 0x00, 0x00, 0x00, 0x00,
    0x00, 0x52, 0xfe, 0xff, 0xff, 0xff, 0xff, 0xff, 0xff, 0xff, 0xff, 0xa5, 0x00, 0x00, 0x00, 0x00,
    0x00, 0x00, 0x00, 0x00, 0x00, 0x00, 0x00, 0x00, 0x84, 0xff, 0xff, 0xff, 0xff, 0xff, 0xff, 0xff,
    0xcf, 0x09, 0x00, 0x00, 0x00, 0x00, 0x00, 0x00, 0x00, 0x00, 0x00, 0x00, 0x00, 0x00, 0x02, 0xb5,
    0xff, 0xff, 0xff, 0xff, 0xff, 0xeb, 0x1f, 0x00, 0x00, 0x00, 0x00, 0x00, 0x00, 0x00, 0x00, 0x00,
    0x00, 0x00, 0x00, 0x00, 0x00, 0x10, 0xdb, 0xff, 0xff, 0xff, 0xfb, 0x41, 0x00, 0x00, 0x00, 0x00,
    0x00, 0x00, 0x00, 0x00, 0x00, 0x00, 0x00, 0x00, 0x00, 0x00, 0x00, 0x00, 0x2b, 0xf3, 0xff, 0xff,
    0x6f, 0x00, 0x00, 0x00, 0x00, 0x00, 0x00, 0x00, 0x00, 0x00, 0x00, 0x00, 0x00, 0x00, 0x00, 0x00,
    0x00, 0x00, 0x00, 0x52, 0xfe, 0xa2, 0x00, 0x00, 0x00, 0x00, 0x00, 0x00, 0x00, 0x00, 0x00, 0x00,
    0x00, 0x00, 0x00, 0x00, 0x00, 0x00, 0x00, 0x00, 0x00, 0x00, 0x61, 0x08, 0x00, 0x00, 0x00, 0x00,
    0x00, 0x00, 0x00, 0x00, 0x00, 0x00, 0x00, 0x00, 0x00, 0x00, 0x00, 0x00, 0x00, 0x01, 0x11, 0x27,
    0x3a, 0x2d, 0x18, 0x04, 0x00, 0x00, 0x00, 0x00, 0x00, 0x00, 0x00, 0x00, 0x00, 0x00, 0x00, 0x00,
    0x1a, 0x6d, 0xae, 0xed, 0xff, 0xff, 0xff, 0xff, 0xff, 0xf9, 0xc2, 0x81, 0x35, 0x00, 0x00, 0x00,
    0x00, 0x00, 0x00, 0x00, 0x33, 0xa4, 0xfa, 0xff, 0xff, 0xff, 0xff, 0xff, 0xff, 0xff, 0xff, 0xff,
    0xff, 0xff, 0xff, 0xc8, 0x59, 0x02, 0x00, 0x00, 0x0d, 0x94, 0xfe, 0xff, 0xff, 0xff, 0xff, 0xff,
    0xff, 0xff, 0xff, 0xff, 0xff, 0xff, 0xff, 0xff, 0xff, 0xff, 0xff, 0xc9, 0x2d, 0x00, 0xbc, 0xff,
    0xff, 0xff, 0xff, 0xff, 0xff, 0xff, 0xff, 0xff, 0xff, 0xff, 0xff, 0xff, 0xff, 0xff, 0xff, 0xff,
    0xff, 0xff, 0xf7, 0x1f, 0x2a, 0xf3, 0xff, 0xff, 0xff, 0xff, 0xff, 0xff, 0xff, 0xff, 0xff, 0xff,
    0xff, 0xff, 0xff, 0xff, 0xff, 0xff, 0xff, 0xff, 0x77, 0x00, 0x00, 0x51, 0xfe, 0xff, 0xff, 0xff,
    0xff, 0xff, 0xff, 0xff, 0xff, 0xff, 0xff, 0xff, 0xff, 0xff, 0xff, 0xff, 0xff, 0xa9, 0x00, 0x00,
    0x00, 0x00, 0x83, 0xff, 0xff, 0xff, 0xff, 0xff, 0xff, 0xff, 0xff, 0xff, 0xff, 0xff, 0xff, 0xff,
    0xff, 0xff, 0xd1, 0x0b, 0x00, 0x00, 0x00, 0x00, 0x02, 0xb5, 0xff, 0xff, 0xff, 0xff, 0xff, 0xff,
    0xff, 0xff, 0xff, 0xff, 0xff, 0xff, 0xff, 0xed, 0x21, 0x00, 0x00, 0x00, 0x00, 0x00, 0x00, 0x0f,
    0xda, 0xff, 0xff, 0xff, 0xff, 0xff, 0xff, 0xff, 0xff, 0xff, 0xff, 0xff, 0xfc, 0x44, 0x00, 0x00,
    0x00, 0x00, 0x00, 0x00, 0x00, 0x00, 0x2a, 0xf3, 0xff, 0xff, 0xff, 0xff, 0xff, 0xff, 0xff, 0xff,
    0xff, 0xff, 0x73, 0x00, 0x00, 0x00, 0x00, 0x00, 0x00, 0x00, 0x00, 0x00, 0x00, 0x52, 0xfe, 0xff,
    0xff, 0xff, 0xff, 0xff, 0xff, 0xff, 0xff, 0xa5, 0x00, 0x00, 0x00, 0x00, 0x00, 0x00, 0x00, 0x00,
    0x00, 0x00, 0x00, 0x00, 0x84, 0xff, 0xff, 0xff, 0xff, 0xff, 0xff, 0xff, 0xcf, 0x09, 0x00, 0x00,
    0x00, 0x00, 0x00, 0x00, 0x00, 0x00, 0x00, 0x00, 0x00, 0x00, 0x02, 0xb5, 0xff, 0xff, 0xff, 0xff,
    0xff, 0xeb, 0x1f, 0x00, 0x00, 0x00, 0x00, 0x00, 0x00, 0x00, 0x00, 0x00, 0x00, 0x00, 0x00, 0x00,
    0x00, 0x10, 0xdb, 0xff, 0xff, 0xff, 0xfb, 0x41, 0x00, 0x00, 0x00, 0x00, 0x00, 0x00, 0x00, 0x00,
    0x00, 0x00, 0x00, 0x00, 0x00, 0x00, 0x00, 0x00, 0x2b, 0xf3, 0xff, 0xff, 0x6f, 0x00, 0x00, 0x00,
    0x00, 0x00, 0x00, 0x00, 0x00, 0x00, 0x00, 0x00, 0x00, 0x00, 0x00, 0x00, 0x00, 0x00, 0x00, 0x52,
    0xfe, 0xa2, 0x00, 0x00, 0x00, 0x00, 0x00, 0x00, 0x00, 0x00, 0x00, 0x00, 0x00, 0x00, 0x00, 0x00,
    0x00, 0x00, 0x00, 0x00, 0x00, 0x00, 0x61, 0x08, 0x00, 0x00, 0x00, 0x00, 0x00, 0x00, 0x00, 0x00,
    0x00, 0x00, 0x00, 0x00, 0x00, 0x18, 0x8b, 0xd8, 0xf8, 0xed, 0xb9, 0x53, 0x00, 0x00, 0x00, 0x00,
    0x00, 0x45, 0xef, 0xff, 0xff, 0xff, 0xff, 0xff, 0xff, 0xb0, 0x0a, 0x00, 0x00, 0x2f, 0xf6, 0xff,
    0xff, 0xff, 0xff, 0xff, 0xff, 0xff, 0xff, 0xa9, 0x00, 0x00, 0xc0, 0xff, 0xff, 0xff, 0xff, 0xff,
    0xff, 0xff, 0xff, 0xff, 0xff, 0x44, 0x1d, 0xff, 0xff, 0xff, 0xff, 0xff, 0xff, 0xff, 0xff, 0xff,
    0xff, 0xff, 0xa3, 0x48, 0xff, 0xff, 0xff, 0xff, 0xff, 0xff, 0xff, 0xff, 0xff, 0xff, 0xff, 0xcf,
    0x48, 0xff, 0xff, 0xff, 0xff, 0xff, 0xff, 0xff, 0xff, 0xff, 0xff, 0xff, 0xce, 0x1e, 0xff, 0xff,
    0xff, 0xff, 0xff, 0xff, 0xff, 0xff, 0xff, 0xff, 0xff, 0xa3, 0x00, 0xc2, 0xff, 0xff, 0xff, 0xff,
    0xff, 0xff, 0xff, 0xff, 0xff, 0xff, 0x45, 0x00, 0x31, 0xf7, 0xff, 0xff, 0xff, 0xff, 0xff, 0xff,
    0xff, 0xff, 0xac, 0x00, 0x00, 0x00, 0x49, 0xf1, 0xff, 0xff, 0xff, 0xff, 0xff, 0xff, 0xb4, 0x0b,
    0x00, 0x00, 0x00, 0x00, 0x1a, 0x8f, 0xda, 0xf8, 0xee, 0xbc, 0x58, 0x01, 0x00, 0x00, 0x00, 0x00,
    0x00, 0x00, 0x00, 0x00, 0x04, 0x00, 0x00, 0x00, 0x00, 0x00, 0x00, 0x00, 0x00, 0x00, 0x00, 0x00,
    0x00, 0x8f, 0x20, 0x00, 0x00, 0x00, 0x00, 0x00, 0x00, 0x00, 0x00, 0x00, 0x00, 0x1b, 0xf8, 0x9b,
    0x00, 0x00, 0x00, 0x00, 0x00, 0x00, 0x00, 0x00, 0x00, 0x00, 0x95, 0xff, 0xfa, 0x20, 0x00, 0x00,
    0x00, 0x00, 0x00, 0x00, 0x00, 0x00, 0x1b, 0xf8, 0xff, 0xff, 0x9b, 0x00, 0x00, 0x00, 0x00, 0x00,
    0x00, 0x00, 0x00, 0x95, 0xff, 0xff, 0xff, 0xfa, 0x20, 0x00, 0x00, 0x00, 0x00, 0x00, 0x00, 0x1b,
    0xf8, 0xff, 0xff, 0xff, 0xff, 0x9b, 0x00, 0x00, 0x00, 0x00, 0x00, 0x00, 0x95, 0xff, 0xff, 0xff,
    0xff, 0xff, 0xfa, 0x20, 0x00, 0x00, 0x00, 0x00, 0x1b, 0xf8, 0xff, 0xff, 0xff, 0xff, 0xff, 0xff,
    0x9b, 0x00, 0x00, 0x00, 0x00, 0x95, 0xff, 0xff, 0xff, 0xff, 0xff, 0xff, 0xff, 0xfa, 0x20, 0x00,
    0x00, 0x1b, 0xf8, 0xff, 0xff, 0xff, 0xff, 0xff, 0xff, 0xff, 0xff, 0x9b, 0x00, 0x00, 0x95, 0xff,
    0xff, 0xff, 0xff, 0xff, 0xff, 0xff, 0xff, 0xff, 0xfa, 0x20, 0x1b, 0xf8, 0xff, 0xff, 0xff, 0xff,
    0xff, 0xff, 0xff, 0xff, 0xff, 0xff, 0x9b, 0x00, 0x00, 0x00, 0x18, 0x8b, 0xd8, 0xf8, 0xed, 0xb9,
    0x53, 0x00, 0x00, 0x00, 0x00, 0x00, 0x45, 0xef, 0xff, 0xfc, 0xe2, 0xef, 0xff, 0xff, 0xb0, 0x0a,
    0x00, 0x00, 0x2f, 0xf6, 0xfd, 0x84, 0x12, 0x00, 0x00, 0x3d, 0xd1, 0xff, 0xa9, 0x00, 0x00, 0xc0,
    0xff, 0x65, 0x00, 0x00, 0x00, 0x00, 0x00, 0x0b, 0xd2, 0xff, 0x44, 0x1d, 0xff, 0xcf, 0x00, 0x00,
    0x00, 0x00, 0x00, 0x00, 0x00, 0x45, 0xff, 0xa3, 0x48, 0xff, 0x8c, 0x00, 0x00, 0x00, 0x00, 0x00,
    0x00, 0x00, 0x05, 0xfc, 0xcf, 0x48, 0xff, 0x8c, 0x00, 0x00, 0x00, 0x00, 0x00, 0x00, 0x00, 0x05,
    0xfc, 0xce, 0x1e, 0xff, 0xcd, 0x00, 0x00, 0x00, 0x00, 0x00, 0x00, 0x00, 0x44, 0xff, 0xa3, 0x00,
    0xc2, 0xff, 0x63, 0x00, 0x00, 0x00, 0x00, 0x00, 0x0b, 0xd1, 0xff, 0x45, 0x00, 0x31, 0xf7, 0xfc,
    0x83, 0x12, 0x00, 0x00, 0x3c, 0xd0, 0xff, 0xac, 0x00, 0x00, 0x00, 0x49, 0xf1, 0xff, 0xfc, 0xe2,
    0xef, 0xff, 0xff, 0xb4, 0x0b, 0x00, 0x00, 0x00, 0x00, 0x1a, 0x8f, 0xda, 0xf8, 0xee, 0xbc, 0x58,
    0x01, 0x00, 0x00, 0x00, 0x00, 0x00, 0x00, 0x00, 0x00, 0x00, 0x05, 0x38, 0x60, 0x71, 0x64, 0x4b,
    0x15, 0x00, 0x00, 0x00, 0x00, 0x00, 0x00, 0x00, 0x00, 0x00, 0x00, 0x00, 0x00, 0x00, 0x20, 0x94,
    0xf2, 0xff, 0xff, 0xff, 0xff, 0xff, 0xfd, 0xc6, 0x50, 0x00, 0x00, 0x00, 0x00, 0x00, 0x00, 0x00,
    0x00, 0x00, 0x00, 0x38, 0xf5, 0xff, 0xff, 0xff, 0xff, 0xff, 0xff, 0xff, 0xff, 0xff, 0xff, 0xc0,
    0x18, 0x00, 0x00, 0x00, 0x00, 0x00, 0x00, 0x00, 0x00, 0x00, 0x8f, 0xff, 0xff, 0xff, 0xf9, 0xe5,
    0xf4, 0xff, 0xff, 0xff, 0xff, 0xff, 0xe3, 0x2d, 0x00, 0x00, 0x00, 0x00, 0x00, 0x00, 0x00, 0x00,
    0x00, 0x89, 0xa7, 0x3d, 0x05, 0x00, 0x00, 0x1d, 0x6f, 0xe7, 0xff, 0xff, 0xff, 0xe3, 0x18, 0x00,
    0x00, 0x00, 0x51, 0x8e, 0x00, 0x00, 0x00, 0x00, 0x00, 0x00, 0x00, 0x00, 0x00, 0x00, 0x00, 0x0d,
    0xb2, 0xff, 0xff, 0xff, 0xbf, 0x00, 0x00, 0x03, 0xdf, 0xff, 0x8c, 0x00, 0x00, 0x00, 0x00, 0x00,
    0x00, 0x00, 0x00, 0x00, 0x00, 0x00, 0x02, 0xb6, 0xff, 0xff, 0xff, 0x4e, 0x00, 0x51, 0xff, 0xff,
    0xff, 0x4a, 0x00, 0x00, 0x00, 0x00, 0x00, 0x19, 0x06, 0x00, 0x00, 0x00, 0x00, 0x10, 0xed, 0xff,
    0xff, 0xc1, 0x00, 0xa1, 0xff, 0xff, 0xe9, 0x06, 0x00, 0x00, 0x00, 0x4b, 0xe3, 0xff, 0xfa, 0x95,
    0x09, 0x00, 0x00, 0x00, 0x7c, 0xff, 0xff, 0xfc, 0x12, 0xd9, 0xff, 0xff, 0x9c, 0x00, 0x00, 0x00,
    0x2f, 0xfa, 0xff, 0xff, 0xff, 0xff, 0xa1, 0x00, 0x00, 0x00, 0x2d, 0xff, 0xff, 0xff, 0x45, 0xf2,
    0xff, 0xff, 0x70, 0x00, 0x00, 0x00, 0x90, 0xff, 0xff, 0xff, 0xff, 0xff, 0xfc, 0x0d, 0x00, 0x00,
    0x06, 0xff, 0xff, 0xff, 0x5e, 0xf9, 0xff, 0xff, 0x6a, 0x00, 0x00, 0x00, 0xa4, 0xff, 0xff, 0xff,
    0xff, 0xff, 0xff, 0x1b, 0x00, 0x00, 0x00, 0xf9, 0xff, 0xff, 0x69, 0xe3, 0xff, 0xff, 0x83, 0x00,
    0x00, 0x00, 0x69, 0xff, 0xff, 0xff, 0xff, 0xff, 0xde, 0x01, 0x00, 0x00, 0x14, 0xff, 0xff, 0xff,
    0x56, 0xc0, 0xff, 0xff, 0xc2, 0x00, 0x00, 0x00, 0x03, 0xbb, 0xff, 0xff, 0xff, 0xf0, 0x41, 0x00,
    0x00, 0x00, 0x55, 0xff, 0xff, 0xff, 0x2b, 0x78, 0xff, 0xff, 0xfd, 0x2c, 0x00, 0x00, 0x00, 0x02,
    0x58, 0x8e, 0x76, 0x1b, 0x00, 0x00, 0x00, 0x00, 0xbf, 0xff, 0xff, 0xe7, 0x01, 0x22, 0xfb, 0xff,
    0xff, 0xc0, 0x04, 0x00, 0x00, 0x00, 0x00, 0x00, 0x00, 0x00, 0x00, 0x00, 0x00, 0x00, 0x91, 0xff,
    0xff, 0x83, 0x00, 0x00, 0x98, 0xff, 0xff, 0xff, 0x9f, 0x04, 0x00, 0x00, 0x00, 0x00, 0x00, 0x00,
    0x00, 0x00, 0x00, 0x00, 0x00, 0x8c, 0xec, 0x14, 0x00, 0x00, 0x13, 0xdf, 0xff, 0xff, 0xff, 0xbf,
    0x2b, 0x00, 0x00, 0x00, 0x00, 0x00, 0x0c, 0x4f, 0x00, 0x00, 0x00, 0x00, 0x2a, 0x00, 0x00, 0x00,
    0x00, 0x2c, 0xf0, 0xff, 0xff, 0xff, 0xfd, 0xc3, 0x85, 0x6e, 0x77, 0xa5, 0xf1, 0xff, 0x86, 0x00,
    0x00, 0x00, 0x00, 0x00, 0x00, 0x00, 0x00, 0x00, 0x2a, 0xdc, 0xff, 0xff, 0xff, 0xff, 0xff, 0xff,
    0xff, 0xff, 0xff, 0xff, 0xff, 0x88, 0x00, 0x00, 0x00, 0x00, 0x00, 0x00, 0x00, 0x00, 0x00, 0x11,
    0x8f, 0xf8, 0xff, 0xff, 0xff, 0xff, 0xff, 0xff, 0xff, 0xff, 0xc9, 0x37, 0x00, 0x00, 0x00, 0x00,
    0x00, 0x00, 0x00, 0x00, 0x00, 0x00, 0x00, 0x1a, 0x6a, 0xb0, 0xd0, 0xe5, 0xdd, 0xc2, 0x8a, 0x38,
    0x00, 0x00, 0x00, 0x00, 0x00, 0x00, 0x00, 0x00, 0x00, 0x00, 0x00, 0x00, 0x06, 0x4e, 0x83, 0xa3,
    0x97, 0x0d, 0x00, 0x00, 0x00, 0x00, 0x00, 0x00, 0x00, 0x00, 0x05, 0x75, 0xeb, 0xff, 0xff, 0xff,
    0xc8, 0x0f, 0x00, 0x00, 0x00, 0x00, 0x00, 0x00, 0x00, 0x16, 0xca, 0xff, 0xff, 0xff, 0xff, 0xa2,
    0x03, 0x00, 0x00, 0x00, 0x00, 0x00, 0x00, 0x00, 0x0c, 0xd6, 0xff, 0xd0, 0xb5, 0xff, 0xba, 0x03,
    0x00, 0x00, 0x00, 0x00, 0x00, 0x00, 0x00, 0x00, 0xa0, 0xff, 0xc7, 0x11, 0xf2, 0xfa, 0x22, 0x00,
    0x00, 0x00, 0x00, 0x00, 0x00, 0x00, 0x00, 0x2a, 0xfd, 0xea, 0x17, 0x4d, 0xff, 0xb4, 0x00, 0x00,
    0x00, 0x00, 0x00, 0x00, 0x00, 0x00, 0x00, 0x8b, 0xff, 0x76, 0x00, 0x7e, 0xff, 0x74, 0x00, 0x00,
    0x00, 0x00, 0x00, 0x00, 0x00, 0x00, 0x00, 0xd0, 0xff, 0x21, 0x00, 0x8f, 0xff, 0x5b, 0x00, 0x00,
    0x00, 0x00, 0x00, 0x00, 0x00, 0x00, 0x00, 0xef, 0xf4, 0x00, 0x00, 0x84, 0xff, 0x70, 0x00, 0x00,
    0x00, 0x00, 0x00, 0x00, 0x00, 0x00, 0x00, 0xf8, 0xf2, 0x00, 0x00, 0x5e, 0xff, 0x9c, 0x00, 0x00,
    0x00, 0x00, 0x00, 0x00, 0x00, 0x00, 0x00, 0xdf, 0xff, 0x13, 0x00, 0x1b, 0xfd, 0xf1, 0x0c, 0x00,
    0x00, 0x00, 0x00, 0x00, 0x00, 0x00, 0x00, 0xab, 0xff, 0x55, 0x00, 0x00, 0xae, 0xff, 0x87, 0x00,
    0x00, 0x00, 0x00, 0x00, 0x00, 0x00, 0x00, 0x58, 0xff, 0xc1, 0x00, 0x00, 0x24, 0xf6, 0xfe, 0x57,
    0x00, 0x00, 0x00, 0x00, 0x00, 0x00, 0x00, 0x03, 0xd8, 0xff, 0x6d, 0x00, 0x00, 0x58, 0xfe, 0xfe,
    0x89, 0x0e, 0x00, 0x00, 0x00, 0x00, 0x00, 0x00, 0x41, 0xfb, 0xfa, 0x65, 0x00, 0x00, 0x59, 0xf6,
    0xff, 0xf3, 0xa2, 0x79, 0x64, 0x70, 0x09, 0x00, 0x00, 0x66, 0xfd, 0xff, 0xb0, 0x40, 0x01, 0x22,
    0xa8, 0xfb, 0xff, 0xff, 0xff, 0xec, 0x19, 0x00, 0x00, 0x00, 0x4a, 0xe5, 0xff, 0xff, 0xf6, 0xd7,
    0xdc, 0xf9, 0xff, 0xff, 0xc4, 0x24, 0x00, 0x00, 0x00, 0x00, 0x00, 0x09, 0x6e, 0xc3, 0xfa, 0xff,
    0xff, 0xf3, 0xb5, 0x52, 0x01, 0x00, 0x00, 0x00, 0x00, 0x00, 0x00, 0x00, 0x00, 0x00, 0x01, 0x16,
    0x14, 0x02, 0x00, 0x00, 0x00, 0x00, 0x00, 0x00, 0xb0, 0xb7, 0x16, 0x00, 0x00, 0x00, 0x00, 0x00,
    0x00, 0x00, 0x00, 0x36, 0xda, 0x8f, 0x00, 0x00, 0x00, 0x00, 0x00, 0x00, 0x00, 0x00, 0x00, 0x00,
    0x00, 0x00, 0x00, 0xc5, 0xff, 0xe4, 0x38, 0x00, 0x00, 0x00, 0x00, 0x00, 0x00, 0x00, 0x8d, 0xff,
    0xfc, 0x00, 0x00, 0x00, 0x00, 0x00, 0x00, 0x00, 0x00, 0x00, 0x00, 0x00, 0x00, 0x00, 0x0b, 0xa6,
    0xff, 0xf9, 0x6a, 0x00, 0x00, 0x00, 0x00, 0x23, 0x98, 0xec, 0xff, 0xff, 0xbf, 0x5d, 0x02, 0x00,
    0x00, 0x00, 0x00, 0x00, 0x00, 0x00, 0x00, 0x00, 0x00, 0x00, 0x00, 0x6f, 0xfb, 0xff, 0xa2, 0x09,
    0x00, 0x60, 0xf9, 0xff, 0xff, 0xff, 0xff, 0xff, 0xff, 0xbe, 0x0e, 0x00, 0x00, 0x00, 0x00, 0x00,
    0x00, 0x00, 0x00, 0x00, 0x00, 0x00, 0x00, 0x3d, 0xe7, 0xff, 0xcf, 0x6c, 0xfe, 0xff, 0xff, 0xff,
    0xff, 0xff, 0xff, 0xff, 0xff, 0xbe, 0x02, 0x00, 0x00, 0x00, 0x00, 0x00, 0x00, 0x00, 0x00, 0x00,
    0x00, 0x00, 0x00, 0x19, 0xc4, 0xff, 0xff, 0xff, 0xff, 0xff, 0xff, 0xff, 0xff, 0xff, 0xff, 0xff,
    0xff, 0x63, 0x00, 0x00, 0x00, 0x00, 0x00, 0x00, 0x00, 0x00, 0x00, 0x00, 0x00, 0x00, 0x00, 0x05,
    0x92, 0xff, 0xff, 0xff, 0xff, 0xff, 0xff, 0xff, 0xff, 0xff, 0xff, 0xff, 0xcb, 0x00, 0x00, 0x00,
    0x00, 0x00, 0x00, 0x00, 0x00, 0x00, 0x00, 0x00, 0x00, 0x00, 0x00, 0x00, 0x5b, 0xf5, 0xff, 0xff,
    0xff, 0xff, 0xff, 0xff, 0xff, 0xff, 0xff, 0xfd, 0x03, 0x00, 0x00, 0x00, 0x00, 0x00, 0x00, 0x00,
    0x00, 0x00, 0x00, 0x00, 0x00, 0x00, 0x01, 0x00, 0x2d, 0xdc, 0xff, 0xff, 0xff, 0xff, 0xff, 0xff,
    0xff, 0xff, 0xff, 0x12, 0x00, 0x00, 0x00, 0x00, 0x00, 0x00, 0x00, 0x00, 0x00, 0x00, 0x00, 0x00,
    0x00, 0x91, 0x3d, 0x00, 0x10, 0xb3, 0xff, 0xff, 0xff, 0xff, 0xff, 0xff, 0xff, 0xff, 0x1c, 0x00,
    0x00, 0x00, 0x00, 0x00, 0x00, 0x00, 0x00, 0x00, 0x00, 0x00, 0x00, 0x00, 0xc6, 0xfb, 0x6f, 0x00,
    0x01, 0x7d, 0xfd, 0xff, 0xff, 0xff, 0xff, 0xff, 0xff, 0x38, 0x00, 0x00, 0x00, 0x00, 0x00, 0x00,
    0x00, 0x00, 0x00, 0x00, 0x00, 0x00, 0x0d, 0xfa, 0xff, 0xff, 0xa5, 0x0a, 0x00, 0x48, 0xed, 0xff,
    0xff, 0xff, 0xff, 0xff, 0x7a, 0x00, 0x00, 0x00, 0x00, 0x00, 0x00, 0x00, 0x00, 0x00, 0x00, 0x00,
    0x00, 0x75, 0xff, 0xff, 0xff, 0xff, 0xd1, 0x23, 0x00, 0x21, 0xce, 0xff, 0xff, 0xff, 0xff, 0xe0,
    0x05, 0x00, 0x00, 0x00, 0x00, 0x00, 0x00, 0x00, 0x00, 0x00, 0x00, 0x21, 0xf0, 0xff, 0xff, 0xff,
    0xff, 0xff, 0xef, 0x4b, 0x00, 0x08, 0xa0, 0xff, 0xff, 0xff, 0xff, 0x82, 0x00, 0x00, 0x00, 0x00,
    0x00, 0x00, 0x00, 0x00, 0x00, 0x03, 0xcd, 0xff, 0xff, 0xff, 0xff, 0xff, 0xff, 0xff, 0xfe, 0x7f,
    0x01, 0x00, 0x68, 0xf9, 0xff, 0xff, 0xfd, 0x42, 0x00, 0x00, 0x00, 0x00, 0x00, 0x00, 0x00, 0x00,
    0x1a, 0xfe, 0xff, 0xff, 0xff, 0xff, 0xff, 0xff, 0xff, 0xff, 0xff, 0xb4, 0x10, 0x00, 0x37, 0xe3,
    0xff, 0xff, 0x8b, 0x00, 0x00, 0x00, 0x00, 0x00, 0x00, 0x00, 0x00, 0x00, 0x55, 0x93, 0x94, 0x94,
    0x94, 0x94, 0x94, 0x94, 0x94, 0x94, 0x94, 0x70, 0x01, 0x00, 0x16, 0xbe, 0xff, 0xf0, 0x4e, 0x00,
    0x00, 0x00, 0x00, 0x00, 0x00, 0x00, 0x00, 0x00, 0x00, 0x00, 0x00, 0x00, 0x00, 0x1f, 0x28, 0x28,
    0x28, 0x28, 0x09, 0x00, 0x00, 0x00, 0x03, 0x8b, 0xff, 0xfe, 0x85, 0x02, 0x00, 0x00, 0x00, 0x00,
    0x00, 0x00, 0x00, 0x00, 0x00, 0x00, 0x00, 0x00, 0xae, 0xff, 0xff, 0xff, 0xff, 0x1e, 0x00, 0x00,
    0x00, 0x00, 0x00, 0x54, 0xf3, 0xff, 0xba, 0x0e, 0x00, 0x00, 0x00, 0x00, 0x00, 0x00, 0x00, 0x00,
    0x00, 0x00, 0x00, 0x30, 0xee, 0xff, 0xff, 0x8b, 0x00, 0x00, 0x00, 0x00, 0x00, 0x00, 0x00, 0x29,
    0xd7, 0xff, 0x59, 0x00, 0x00, 0x00, 0x00, 0x00, 0x00, 0x00, 0x00, 0x00, 0x00, 0x00, 0x00, 0x16,
    0x55, 0x37, 0x00, 0x00, 0x00, 0x00, 0x00, 0x00, 0x00, 0x00, 0x00, 0x0c, 0x56, 0x06, 0x00, 0x00,
    0x00, 0x00, 0x00, 0x03, 0x5b, 0xb8, 0xde, 0xdd, 0xad, 0x46, 0x00, 0x00, 0x00, 0x00, 0x00, 0x00,
    0x00, 0x00, 0x00, 0x00, 0x13, 0xbf, 0xff, 0xff, 0xff, 0xff, 0xff, 0xff, 0x99, 0x02, 0x00, 0x00,
    0x00, 0x00, 0x00, 0x00, 0x00, 0x02, 0xba, 0xff, 0xff, 0xed, 0xb1, 0xbc, 0xf8, 0xff, 0xff, 0x86,
    0x00, 0x00, 0x00, 0x00, 0x00, 0x00, 0x00, 0x4e, 0xff, 0xff, 0xbb, 0x12, 0x00, 0x00, 0x29, 0xe0,
    0xff, 0xfa, 0x1f, 0x00, 0x00, 0x00, 0x00, 0x00, 0x00, 0xa6, 0xff, 0xf3, 0x14, 0x00, 0x00, 0x00,
    0x00, 0x47, 0xff, 0xff, 0x6e, 0x00, 0x00, 0x00, 0x00, 0x00, 0x00, 0xca, 0xff, 0xc2, 0x00, 0x00,
    0x00, 0x00, 0x00, 0x05, 0xfa, 0xff, 0x90, 0x00, 0x00, 0x00, 0x00, 0x00, 0x00, 0xd4, 0xff, 0xb4,
    0x00, 0x00, 0x00, 0x00, 0x00, 0x00, 0xf0, 0xff, 0x98, 0x00, 0x00, 0x00, 0x00, 0x15, 0x48, 0xe1,
    0xff, 0xcb, 0x50, 0x50, 0x50, 0x50, 0x50, 0x50, 0xf5, 0xff, 0xb8, 0x41, 0x0a, 0x00, 0x47, 0xf3,
    0xff, 0xff, 0xff, 0xff, 0xff, 0xff, 0xff, 0xff, 0xff, 0xff, 0xff, 0xff, 0xff, 0xff, 0xde, 0x1d,
    0xd8, 0xff, 0xff, 0xff, 0xff, 0xff, 0xff, 0xff, 0xff, 0xff, 0xff, 0xff, 0xff, 0xff, 0xff, 0xff,
    0xff, 0x9b, 0xfe, 0xff, 0xff, 0xff, 0xff, 0xff, 0xff, 0xff, 0xff, 0xff, 0xff, 0xff, 0xff, 0xff,
    0xff, 0xff, 0xff, 0xc2, 0xff, 0xff, 0xff, 0xff, 0xff, 0xff, 0xff, 0xff, 0xff, 0xff, 0xff, 0xff,
    0xff, 0xff, 0xff, 0xff, 0xff, 0xc4, 0xff, 0xff, 0xff, 0xff, 0xff, 0xff, 0xff, 0xff, 0xff, 0xff,
    0xff, 0xff, 0xff, 0xff, 0xff, 0xff, 0xff, 0xc4, 0xff, 0xff, 0xff, 0xff, 0xff, 0xff, 0xff, 0xff,
    0xff, 0xff, 0xff, 0xff, 0xff, 0xff, 0xff, 0xff, 0xff, 0xc4, 0xff, 0xff, 0xff, 0xff, 0xff, 0xff,
    0xff, 0xff, 0xff, 0xff, 0xff, 0xff, 0xff, 0xff, 0xff, 0xff, 0xff, 0xc4, 0xff, 0xff, 0xff, 0xff,
    0xff, 0xff, 0xff, 0xff, 0xff, 0xff, 0xff, 0xff, 0xff, 0xff, 0xff, 0xff, 0xff, 0xc4, 0xff, 0xff,
    0xff, 0xff, 0xff, 0xff, 0xff, 0xff, 0xff, 0xff, 0xff, 0xff, 0xff, 0xff, 0xff, 0xff, 0xff, 0xc4,
    0xff, 0xff, 0xff, 0xff, 0xff, 0xff, 0xff, 0xff, 0xff, 0xff, 0xff, 0xff, 0xff, 0xff, 0xff, 0xff,
    0xff, 0xc3, 0xde, 0xff, 0xff, 0xff, 0xff, 0xff, 0xff, 0xff, 0xff, 0xff, 0xff, 0xff, 0xff, 0xff,
    0xff, 0xff, 0xff, 0xa1, 0x55, 0xfa, 0xff, 0xff, 0xff, 0xff, 0xff, 0xff, 0xff, 0xff, 0xff, 0xff,
    0xff, 0xff, 0xff, 0xff, 0xe9, 0x26, 0x00, 0x23, 0x5d, 0x64, 0x64, 0x64, 0x64, 0x64, 0x64, 0x64,
    0x64, 0x64, 0x64, 0x64, 0x64, 0x55, 0x13, 0x00, 0x00, 0x00, 0x00, 0x00, 0x00, 0x00, 0x00, 0x23,
    0x8e, 0xd2, 0x92, 0x26, 0x00, 0x00, 0x00, 0x00, 0x00, 0x00, 0x00, 0x00, 0x00, 0x00, 0x00, 0x00,
    0x01, 0x46, 0xb4, 0xfe, 0xff, 0xff, 0xff, 0xfe, 0xb7, 0x4a, 0x01, 0x00, 0x00, 0x00, 0x00, 0x00,
    0x00, 0x00, 0x0d, 0x6c, 0xd8, 0xff, 0xff, 0xff, 0xff, 0xff, 0xff, 0xff, 0xff, 0xff, 0xdb, 0x6f,
    0x0e, 0x00, 0x00, 0x00, 0x0a, 0x8b, 0xf1, 0xff, 0xff, 0xff, 0xff, 0xff, 0xff, 0xff, 0xff, 0xff,
    0xff, 0xff, 0xff, 0xff, 0xf3, 0x90, 0x0d, 0x00, 0xa6, 0xff, 0xff, 0xff, 0xff, 0xff, 0xff, 0xff,
    0xff, 0xff, 0xff, 0xff, 0xff, 0xff, 0xff, 0xff, 0xff, 0xff, 0xaf, 0x00, 0xf6, 0xff, 0xff, 0xff,
    0xff, 0xff, 0xff, 0xff, 0xff, 0xff, 0xff, 0xff, 0xff, 0xff, 0xff, 0xff, 0xff, 0xff, 0xfd, 0x04,
    0xf4, 0xff, 0xff, 0xff, 0xff, 0xff, 0xff, 0xff, 0xff, 0xff, 0xff, 0xff, 0xff, 0xff, 0xff, 0xff,
    0xff, 0xff, 0xfc, 0x01, 0xe1, 0xff, 0xff, 0xff, 0xff, 0xff, 0xff, 0xff, 0xff, 0xff, 0xff, 0xff,
    0xff, 0xff, 0xff, 0xff, 0xff, 0xff, 0xe9, 0x00, 0xb8, 0xff, 0xff, 0xff, 0xff, 0xff, 0xff, 0xff,
    0xff, 0xff, 0xff, 0xff, 0xff, 0xff, 0xff, 0xff, 0xff, 0xff, 0xc0, 0x00, 0x87, 0xff, 0xff, 0xff,
    0xff, 0xff, 0xff, 0xff, 0xff, 0xff, 0xff, 0xff, 0xff, 0xff, 0xff, 0xff, 0xff, 0xff, 0x92, 0x00,
    0x42, 0xff, 0xff, 0xff, 0xff, 0xff, 0xff, 0xff, 0xff, 0xff, 0xff, 0xff, 0xff, 0xff, 0xff, 0xff,
    0xff, 0xff, 0x4d, 0x00, 0x05, 0xf0, 0xff, 0xff, 0xff, 0xff, 0xff, 0xff, 0xff, 0xff, 0xff, 0xff,
    0xff, 0xff, 0xff, 0xff, 0xff, 0xf6, 0x0a, 0x00, 0x00, 0x92, 0xff, 0xff, 0xff, 0xff, 0xff, 0xff,
    0xff, 0xff, 0xff, 0xff, 0xff, 0xff, 0xff, 0xff, 0xff, 0x9d, 0x00, 0x00, 0x00, 0x1d, 0xfa, 0xff,
    0xff, 0xff, 0xff, 0xff, 0xff, 0xff, 0xff, 0xff, 0xff, 0xff, 0xff, 0xff, 0xfd, 0x26, 0x00, 0x00,
    0x00, 0x00, 0x8f, 0xff, 0xff, 0xff, 0xff, 0xff, 0xff, 0xff, 0xff, 0xff, 0xff, 0xff, 0xff, 0xff,
    0x9b, 0x00, 0x00, 0x00, 0x00, 0x00, 0x09, 0xd7, 0xff, 0xff, 0xff, 0xff, 0xff, 0xff, 0xff, 0xff,
    0xff, 0xff, 0xff, 0xdf, 0x0d, 0x00, 0x00, 0x00, 0x00, 0x00, 0x00, 0x33, 0xf5, 0xff, 0xff, 0xff,
    0xff, 0xff, 0xff, 0xff, 0xff, 0xff, 0xf8, 0x3b, 0x00, 0x00, 0x00, 0x00, 0x00, 0x00, 0x00, 0x00,
    0x44, 0xf4, 0xff, 0xff, 0xff, 0xff, 0xff, 0xff, 0xff, 0xf7, 0x4d, 0x00, 0x00, 0x00, 0x00, 0x00,
    0x00, 0x00, 0x00, 0x00, 0x00, 0x32, 0xde, 0xff, 0xff, 0xff, 0xff, 0xff, 0xe3, 0x39, 0x00, 0x00,
    0x00, 0x00, 0x00, 0x00, 0x00, 0x00, 0x00, 0x00, 0x00, 0x00, 0x0e, 0x90, 0xf9, 0xff, 0xfb, 0x97,
    0x11, 0x00, 0x00, 0x00, 0x00, 0x00, 0x00, 0x00, 0x00, 0x00, 0x00, 0x00, 0x00, 0x00, 0x00, 0x00,
    0x17, 0x48, 0x1a, 0x00, 0x00, 0x00, 0x00, 0x00, 0x00, 0x00, 0x00, 0x00, 0x00, 0x00, 0x00, 0x03,
    0x5a, 0xa6, 0xd2, 0xe5, 0xe2, 0xc8, 0x8f, 0x2b, 0x00, 0x00, 0x00, 0x00, 0x00, 0x00, 0x2d, 0xd1,
    0xff, 0xff, 0xff, 0xe4, 0xff, 0xff, 0xff, 0xfb, 0x7c, 0x00, 0x00, 0x00, 0x00, 0x1d, 0xeb, 0xff,
    0xff, 0xff, 0xff, 0x3b, 0xda, 0xff, 0xff, 0xff, 0xff, 0x6f, 0x00, 0x00, 0x00, 0xb1, 0xff, 0xff,
    0xff, 0xff, 0xff, 0x24, 0x1f, 0xe4, 0xff, 0xff, 0xff, 0xf5, 0x12, 0x00, 0x25, 0xff, 0xff, 0xff,
    0xff, 0xff, 0xff, 0x24, 0x00, 0x29, 0xec, 0xff, 0xff, 0xff, 0x6f, 0x00, 0x73, 0xff, 0xff, 0xfb,
    0xdd, 0xff, 0xff, 0x24, 0x3e, 0x1b, 0x35, 0xf2, 0xff, 0xff, 0xb5, 0x00, 0xab, 0xff, 0xff, 0x6b,
    0x14, 0xd2, 0xff, 0x24, 0x5f, 0xdb, 0x17, 0x42, 0xfd, 0xff, 0xeb, 0x00, 0xd2, 0xff, 0xff, 0xdb,
    0x1b, 0x14, 0xd1, 0x24, 0x5d, 0xb0, 0x06, 0x7e, 0xff, 0xff, 0xff, 0x0e, 0xec, 0xff, 0xff, 0xff,
    0xda, 0x1a, 0x13, 0x10, 0x23, 0x05, 0x63, 0xff, 0xff, 0xff, 0xff, 0x28, 0xfa, 0xff, 0xff, 0xff,
    0xff, 0xd9, 0x1a, 0x00, 0x00, 0x4b, 0xfb, 0xff, 0xff, 0xff, 0xff, 0x33, 0xfe, 0xff, 0xff, 0xff,
    0xff, 0xff, 0x8b, 0x00, 0x00, 0xcb, 0xff, 0xff, 0xff, 0xff, 0xff, 0x39, 0xf8, 0xff, 0xff, 0xff,
    0xff, 0xaa, 0x04, 0x00, 0x00, 0x1a, 0xde, 0xff, 0xff, 0xff, 0xff, 0x30, 0xe6, 0xff, 0xff, 0xff,
    0xab, 0x04, 0x3b, 0x18, 0x3b, 0x1b, 0x22, 0xe5, 0xff, 0xff, 0xff, 0x25, 0xc8, 0xff, 0xff, 0xad,
    0x04, 0x3b, 0xf3, 0x24, 0x5e, 0xda, 0x16, 0x2a, 0xef, 0xff, 0xfe, 0x08, 0x9b, 0xff, 0xff, 0x93,
    0x3b, 0xf2, 0xff, 0x27, 0x5f, 0xae, 0x05, 0x58, 0xfc, 0xff, 0xe2, 0x00, 0x5a, 0xff, 0xff, 0xff,
    0xfc, 0xff, 0xff, 0x2b, 0x25, 0x05, 0x59, 0xfc, 0xff, 0xff, 0xa5, 0x00, 0x09, 0xe7, 0xff, 0xff,
    0xff, 0xff, 0xff, 0x2f, 0x00, 0x59, 0xfc, 0xff, 0xff, 0xff, 0x55, 0x00, 0x00, 0x6b, 0xff, 0xff,
    0xff, 0xff, 0xff, 0x32, 0x5a, 0xfc, 0xff, 0xff, 0xff, 0xdb, 0x05, 0x00, 0x00, 0x01, 0xa3, 0xff,
    0xff, 0xff, 0xff, 0x90, 0xfc, 0xff, 0xff, 0xff, 0xf1, 0x35, 0x00, 0x00, 0x00, 0x00, 0x01, 0x5a,
    0xd7, 0xff, 0xff, 0xff, 0xff, 0xff, 0xfe, 0xb9, 0x29, 0x00, 0x00, 0x00, 0x00, 0x00, 0x00, 0x00,
    0x00, 0x1f, 0x4c, 0x5d, 0x5d, 0x48, 0x18, 0x00, 0x00, 0x00, 0x00, 0x00, 0x00, 0x00, 0x00, 0x00,
    0x00, 0x00, 0x00, 0x00, 0x23, 0x5b, 0x81, 0x99, 0xa4, 0x9e, 0x8d, 0x6a, 0x3b, 0x06, 0x00, 0x00,
    0x00, 0x00, 0x00, 0x00, 0x00, 0x00, 0x00, 0x00, 0x00, 0x00, 0x00, 0x20, 0x85, 0xde, 0xff, 0xff,
    0xff, 0xff, 0xff, 0xff, 0xff, 0xff, 0xff, 0xf5, 0xa8, 0x46, 0x00, 0x00, 0x00, 0x00, 0x00, 0x00,
    0x00, 0x00, 0x00, 0x1c, 0xa2, 0xfc, 0xff, 0xff, 0xff, 0xff, 0xff, 0xf3, 0xe7, 0xee, 0xfc, 0xff,
    0xff, 0xff, 0xff, 0xff, 0xd1, 0x49, 0x00, 0x00, 0x00, 0x00, 0x00, 0x00, 0x6a, 0xf5, 0xff, 0xff,
    0xff, 0xcf, 0x7a, 0x3b, 0x0f, 0x00, 0x00, 0x00, 0x05, 0x27, 0x62, 0xac, 0xf7, 0xff, 0xff, 0xff,
    0xad, 0x12, 0x00, 0x00, 0x08, 0xa9, 0xff, 0xff, 0xff, 0xc2, 0x3c, 0x00, 0x00, 0x00, 0x00, 0x00,
    0x00, 0x00, 0x00, 0x00, 0x00, 0x00, 0x16, 0x91, 0xf8, 0xff, 0xff, 0xe2, 0x2e, 0x00, 0xb6, 0xff,
    0xff, 0xed, 0x4e, 0x00, 0x00, 0x00, 0x00, 0x00, 0x00, 0x00, 0x00, 0x00, 0x00, 0x00, 0x00, 0x00,
    0x00, 0x00, 0x1d, 0xbc, 0xff, 0xff, 0xf1, 0x26, 0xea, 0xff, 0xcf, 0x20, 0x00, 0x00, 0x00, 0x00,
    0x00, 0x00, 0x15, 0x34, 0x49, 0x3c, 0x24, 0x01, 0x00, 0x00, 0x00, 0x00, 0x00, 0x03, 0x8b, 0xff,
    0xff, 0x4b, 0x32, 0x65, 0x09, 0x00, 0x00, 0x00, 0x00, 0x11, 0x7e, 0xd0, 0xff, 0xff, 0xff, 0xff,
    0xff, 0xe9, 0xa1, 0x33, 0x00, 0x00, 0x00, 0x00, 0x00, 0x42, 0x5b, 0x01, 0x00, 0x00, 0x00, 0x00,
    0x00, 0x01, 0x73, 0xf2, 0xff, 0xff, 0xff, 0xff, 0xff, 0xff, 0xff, 0xff, 0xff, 0xff, 0xb1, 0x17,
    0x00, 0x00, 0x00, 0x00, 0x00, 0x00, 0x00, 0x00, 0x00, 0x00, 0x07, 0xb5, 0xff, 0xff, 0xff, 0xda,
    0x8c, 0x58, 0x43, 0x4f, 0x72, 0xba, 0xfd, 0xff, 0xff, 0xe8, 0x36, 0x00, 0x00, 0x00, 0x00, 0x00,
    0x00, 0x00, 0x00, 0x00, 0x40, 0xff, 0xff, 0xe2, 0x53, 0x01, 0x00, 0x00, 0x00, 0x00, 0x00, 0x00,
    0x26, 0xaf, 0xff, 0xff, 0xa0, 0x00, 0x00, 0x00, 0x00, 0x00, 0x00, 0x00, 0x00, 0x00, 0x07, 0x9f,
    0x99, 0x11, 0x00, 0x00, 0x00, 0x00, 0x00, 0x00, 0x00, 0x00, 0x00, 0x00, 0x64, 0xb7, 0x35, 0x00,
    0x00, 0x00, 0x00, 0x00, 0x00, 0x00, 0x00, 0x00, 0x00, 0x00, 0x00, 0x00, 0x00, 0x00, 0x00, 0x00,
    0x00, 0x00, 0x00, 0x00, 0x00, 0x00, 0x00, 0x00, 0x00, 0x00, 0x00, 0x00, 0x00, 0x00, 0x00, 0x00,
    0x00, 0x00, 0x00, 0x00, 0x00, 0x00, 0x00, 0x00, 0x0a, 0x99, 0xe5, 0xc4, 0x31, 0x00, 0x00, 0x00,
    0x00, 0x00, 0x00, 0x00, 0x00, 0x00, 0x00, 0x00, 0x00, 0x00, 0x00, 0x00, 0x00, 0x00, 0x00, 0x00,
    0x00, 0x00, 0x8c, 0xff, 0xff, 0xff, 0xe5, 0x08, 0x00, 0x00, 0x00, 0x00, 0x00, 0x00, 0x00, 0x00,
    0x00, 0x00, 0x00, 0x00, 0x00, 0x00, 0x00, 0x00, 0x00, 0x00, 0x00, 0x00, 0xcb, 0xff, 0xff, 0xff,
    0xff, 0x2f, 0x00, 0x00, 0x00, 0x00, 0x00, 0x00, 0x00, 0x00, 0x00, 0x00, 0x00, 0x00, 0x00, 0x00,
    0x00, 0x00, 0x00, 0x00, 0x00, 0x00, 0x9f, 0xff, 0xff, 0xff, 0xf3, 0x0e, 0x00, 0x00, 0x00, 0x00,
    0x00, 0x00, 0x00, 0x00, 0x00, 0x00, 0x00, 0x00, 0x00, 0x00, 0x00, 0x00, 0x00, 0x00, 0x00, 0x00,
    0x17, 0xc5, 0xff, 0xed, 0x4f, 0x00, 0x00, 0x00, 0x00, 0x00, 0x00, 0x00, 0x00, 0x00, 0x00, 0x00,
    0x00, 0x00, 0x00, 0x00, 0x00, 0x00, 0x00, 0x00, 0x00, 0x00, 0x00, 0x00, 0x12, 0x02, 0x00, 0x00,
    0x00, 0x00, 0x00, 0x00, 0x00, 0x00, 0x00, 0x00, 0x00, 0x00, 0x00, 0x00, 0x00, 0x00, 0x00, 0x00,
    0x00, 0x00, 0x00, 0x00, 0x3d, 0x93, 0x22, 0x00, 0x00, 0x00, 0x00, 0x00, 0x00, 0x28, 0xc4, 0x52,
    0x00, 0x00, 0x00, 0x00, 0x00, 0x00, 0x00, 0x00, 0x00, 0x00, 0x00, 0x00, 0x00, 0x5f, 0xfb, 0xff,
    0xa1, 0x00, 0x00, 0x00, 0x00, 0x00, 0x00, 0x38, 0xfe, 0xfb, 0x51, 0x00, 0x00, 0x00, 0x00, 0x00,
    0x00, 0x00, 0x00, 0x00, 0x00, 0x00, 0x7c, 0xff, 0xff, 0xff, 0xb0, 0x00, 0x00, 0x00, 0x00, 0x00,
    0x00, 0x00, 0x66, 0xfe, 0xf9, 0x2b, 0x00, 0x00, 0x00, 0x00, 0x00, 0x00, 0x00, 0x00, 0x03, 0x99,
    0xff, 0xff, 0xff, 0xff, 0xb0, 0x00, 0x00, 0x00, 0x00, 0x7f, 0xc3, 0x18, 0x00, 0x7a, 0xff, 0xc4,
    0x01, 0x00, 0x00, 0x00, 0x00, 0x00, 0x00, 0x0a, 0xb3, 0xff, 0xff, 0xff, 0xff, 0xff, 0xb0, 0x00,
    0x00, 0x00, 0x00, 0x94, 0xff, 0xd5, 0x0b, 0x04, 0xd1, 0xff, 0x56, 0x00, 0x00, 0x4d, 0x8c, 0x94,
    0x94, 0xce, 0xff, 0xff, 0xff, 0xff, 0xff, 0xff, 0xb0, 0x00, 0x00, 0x00, 0x00, 0x07, 0xbb, 0xff,
    0x8d, 0x00, 0x51, 0xff, 0xbf, 0x00, 0x79, 0xff, 0xff, 0xff, 0xff, 0xff, 0xff, 0xff, 0xff, 0xff,
    0xff, 0xff, 0xb0, 0x00, 0x0f, 0xd3, 0x8e, 0x00, 0x1a, 0xf3, 0xf7, 0x0e, 0x07, 0xef, 0xfc, 0x0f,
    0xe9, 0xff, 0xff, 0xff, 0xff, 0xff, 0xff, 0xff, 0xff, 0xff, 0xff, 0xff, 0xb0, 0x00, 0x0c, 0xe9,
    0xff, 0x51, 0x00, 0xa0, 0xff, 0x5a, 0x00, 0xb5, 0xff, 0x3e, 0xff, 0xff, 0xff, 0xff, 0xff, 0xff,
    0xff, 0xff, 0xff, 0xff, 0xff, 0xff, 0xb0, 0x00, 0x00, 0x58, 0xff, 0xaa, 0x00, 0x69, 0xff, 0x7f,
    0x00, 0x99, 0xff, 0x58, 0xff, 0xff, 0xff, 0xff, 0xff, 0xff, 0xff, 0xff, 0xff, 0xff, 0xff, 0xff,
    0xb0, 0x00, 0x00, 0x35, 0xff, 0xba, 0x00, 0x5d, 0xff, 0x8a, 0x00, 0x8d, 0xff, 0x5e, 0xfa, 0xff,
    0xff, 0xff, 0xff, 0xff, 0xff, 0xff, 0xff, 0xff, 0xff, 0xff, 0xb0, 0x00, 0x00, 0xaa, 0xff, 0x85,
    0x00, 0x7e, 0xff, 0x6f, 0x00, 0xa8, 0xff, 0x4d, 0xc0, 0xff, 0xff, 0xff, 0xff, 0xff, 0xff, 0xff,
    0xff, 0xff, 0xff, 0xff, 0xb0, 0x00, 0x1b, 0xff, 0xe5, 0x14, 0x00, 0xd2, 0xff, 0x30, 0x00, 0xd0,
    0xff, 0x25, 0x23, 0xc7, 0xfe, 0xff, 0xff, 0xff, 0xff, 0xff, 0xff, 0xff, 0xff, 0xff, 0xb0, 0x00,
    0x00, 0x43, 0x1f, 0x00, 0x64, 0xff, 0xce, 0x00, 0x25, 0xff, 0xe3, 0x00, 0x00, 0x00, 0x07, 0x0c,
    0x0c, 0x51, 0xf6, 0xff, 0xff, 0xff, 0xff, 0xff, 0xb0, 0x00, 0x00, 0x00, 0x00, 0x45, 0xf9, 0xfe,
    0x39, 0x00, 0x8d, 0xff, 0x88, 0x00, 0x00, 0x00, 0x00, 0x00, 0x00, 0x00, 0x38, 0xeb, 0xff, 0xff,
    0xff, 0xff, 0xb0, 0x00, 0x00, 0x00, 0x00, 0xb6, 0xfe, 0x66, 0x00, 0x2e, 0xfb, 0xf1, 0x19, 0x00,
    0x00, 0x00, 0x00, 0x00, 0x00, 0x00, 0x00, 0x26, 0xde, 0xff, 0xff, 0xff, 0xb0, 0x00, 0x00, 0x00,
    0x00, 0x17, 0x3a, 0x00, 0x16, 0xd6, 0xff, 0x6c, 0x00, 0x00, 0x00, 0x00, 0x00, 0x00, 0x00, 0x00,
    0x00, 0x00, 0x17, 0xcb, 0xff, 0xff, 0xaf, 0x00, 0x00, 0x00, 0x00, 0x00, 0x00, 0x0e, 0xd5, 0xff,
    0xb5, 0x02, 0x00, 0x00, 0x00, 0x00, 0x00, 0x00, 0x00, 0x00, 0x00, 0x00, 0x00, 0x0b, 0xb1, 0xff,
    0x67, 0x00, 0x00, 0x00, 0x00, 0x00, 0x00, 0x51, 0xff, 0xb9, 0x07, 0x00, 0x00, 0x00, 0x00, 0x00,
    0x00, 0x00, 0x00, 0x00, 0x00, 0x00, 0x00, 0x00, 0x00, 0x0e, 0x00, 0x00, 0x00, 0x00, 0x00, 0x00,
    0x00, 0x00, 0x39, 0x07, 0x00, 0x00, 0x00, 0x00, 0x00, 0x00, 0x00, 0x00, 0x00, 0x00, 0x00, 0x00,
    0x00, 0x00, 0x0e, 0x84, 0x5e, 0x00, 0x00, 0x00, 0x00, 0x00, 0x00, 0x00, 0x00, 0x00, 0x00, 0x1a,
    0xd1, 0xff, 0xfd, 0x0f, 0x00, 0x00, 0x00, 0x00, 0x00, 0x00, 0x00, 0x00, 0x2b, 0xe2, 0xff, 0xff,
    0xff, 0x1c, 0x00, 0x00, 0x00, 0x00, 0x00, 0x00, 0x00, 0x3f, 0xef, 0xff, 0xff, 0xff, 0xff, 0x1c,
    0x00, 0x00, 0x00, 0x00, 0x00, 0x00, 0x57, 0xf8, 0xff, 0xff, 0xff, 0xff, 0xff, 0x1c, 0x00, 0x1d,
    0x7d, 0x94, 0x94, 0xa2, 0xfe, 0xff, 0xff, 0xff, 0xff, 0xff, 0xff, 0x1c, 0x1d, 0xed, 0xff, 0xff,
    0xff, 0xff, 0xff, 0xff, 0xff, 0xff, 0xff, 0xff, 0xff, 0x1c, 0x7d, 0xff, 0xff, 0xff, 0xff, 0xff,
    0xff, 0xff, 0xff, 0xff, 0xff, 0xff, 0xff, 0x1c, 0x94, 0xff, 0xff, 0xff, 0xff, 0xff, 0xff, 0xff,
    0xff, 0xff, 0xff, 0xff, 0xff, 0x1c, 0x94, 0xff, 0xff, 0xff, 0xff, 0xff, 0xff, 0xff, 0xff, 0xff,
    0xff, 0xff, 0xff, 0x1c, 0x8e, 0xff, 0xff, 0xff, 0xff, 0xff, 0xff, 0xff, 0xff, 0xff, 0xff, 0xff,
    0xff, 0x1c, 0x52, 0xff, 0xff, 0xff, 0xff, 0xff, 0xff, 0xff, 0xff, 0xff, 0xff, 0xff, 0xff, 0x1c,
    0x00, 0x85, 0xf3, 0xff, 0xff, 0xff, 0xff, 0xff, 0xff, 0xff, 0xff, 0xff, 0xff, 0x1c, 0x00, 0x00,
    0x02, 0x0c, 0x0c, 0x1a, 0xc5, 0xff, 0xff, 0xff, 0xff, 0xff, 0xff, 0x1c, 0x00, 0x00, 0x00, 0x00,
    0x00, 0x00, 0x09, 0xae, 0xff, 0xff, 0xff, 0xff, 0xff, 0x1c, 0x00, 0x00, 0x00, 0x00, 0x00, 0x00,
    0x00, 0x02, 0x93, 0xff, 0xff, 0xff, 0xff, 0x1c, 0x00, 0x00, 0x00, 0x00, 0x00, 0x00, 0x00, 0x00,
    0x00, 0x76, 0xfe, 0xff, 0xff, 0x1b, 0x00, 0x00, 0x00, 0x00, 0x00, 0x00, 0x00, 0x00, 0x00, 0x00,
    0x59, 0xf4, 0xd1, 0x01, 0x00, 0x00, 0x00, 0x00, 0x00, 0x00, 0x00, 0x00, 0x00, 0x00, 0x00, 0x0a,
    0x03, 0x00, 0x00, 0x00, 0x00, 0x00, 0x16, 0x98, 0xde, 0xdd, 0x94, 0x12, 0x00, 0x00, 0x00, 0x00,
    0x00, 0x00, 0x00, 0x12, 0xdc, 0xff, 0xff, 0xff, 0xff, 0xd5, 0x0e, 0x00, 0x00, 0x00, 0x00, 0x00,
    0x00, 0x88, 0xff, 0xff, 0xff, 0xff, 0xff, 0xff, 0x7f, 0x00, 0x00, 0x00, 0x00, 0x00, 0x00, 0xc6,
    0xff, 0xff, 0xff, 0xff, 0xff, 0xff, 0xbe, 0x00, 0x00, 0x00, 0x00, 0x00, 0x00, 0xd0, 0xff, 0xff,
    0xff, 0xff, 0xff, 0xff, 0xc8, 0x00, 0x00, 0x00, 0x00, 0x00, 0x00, 0xd0, 0xff, 0xff, 0xff, 0xff,
    0xff, 0xff, 0xc8, 0x00, 0x00, 0x00, 0x00, 0x00, 0x00, 0xd0, 0xff, 0xff, 0xff, 0xff, 0xff, 0xff,
    0xc8, 0x00, 0x00, 0x00, 0x26, 0x1f, 0x00, 0xd0, 0xff, 0xff, 0xff, 0xff, 0xff, 0xff, 0xc8, 0x00,
    0x22, 0x24, 0xf0, 0xd1, 0x00, 0xd0, 0xff, 0xff, 0xff, 0xff, 0xff, 0xff, 0xc8, 0x00, 0xd9, 0xe8,
    0xff, 0xe8, 0x00, 0xd0, 0xff, 0xff, 0xff, 0xff, 0xff, 0xff, 0xc8, 0x00, 0xf0, 0xf8, 0xf9, 0xf1,
    0x00, 0xc9, 0xff, 0xff, 0xff, 0xff, 0xff, 0xff, 0xc1, 0x01, 0xf8, 0xf1, 0xdf, 0xff, 0x17, 0x95,
    0xff, 0xff, 0xff, 0xff, 0xff, 0xff, 0x8c, 0x21, 0xff, 0xd6, 0x9d, 0xff, 0x78, 0x1f, 0xed, 0xff,
    0xff, 0xff, 0xff, 0xe7, 0x18, 0x83, 0xff, 0x94, 0x2f, 0xfe, 0xf5, 0x2d, 0x29, 0xba, 0xfc, 0xfb,
    0xb6, 0x23, 0x34, 0xf8, 0xfc, 0x28, 0x00, 0x84, 0xff, 0xf0, 0x5d, 0x04, 0x03, 0x03, 0x06, 0x62,
    0xf3, 0xff, 0x7b, 0x00, 0x00, 0x01, 0x8f, 0xff, 0xff, 0xea, 0xbf, 0xc0, 0xec, 0xff, 0xff, 0x87,
    0x00, 0x00, 0x00, 0x00, 0x00, 0x44, 0xbd, 0xfb, 0xff, 0xff, 0xfb, 0xba, 0x40, 0x00, 0x00, 0x00,
    0x00, 0x00, 0x00, 0x00, 0x00, 0x0a, 0xf9, 0xf2, 0x09, 0x00, 0x00, 0x00, 0x00, 0x00, 0x00, 0x00,
    0x00, 0x3c, 0x83, 0x84, 0xfc, 0xf8, 0x84, 0x83, 0x38, 0x00, 0x00, 0x00, 0x00, 0x00, 0x00, 0xc2,
    0xff, 0xff, 0xff, 0xff, 0xff, 0xff, 0xb9, 0x00, 0x00, 0x00, 0x00, 0x00, 0x00, 0x28, 0x63, 0x64,
    0x64, 0x64, 0x64, 0x63, 0x25, 0x00, 0x00, 0x00, 0x00, 0xb0, 0xb7, 0x17, 0x00, 0x00, 0x00, 0x00,
    0x00, 0x00, 0x00, 0x32, 0xb3, 0xe4, 0xd1, 0x72, 0x02, 0x00, 0x00, 0x00, 0x00, 0x00, 0x00, 0x00,
    0x00, 0x00, 0x00, 0x00, 0xc5, 0xff, 0xe4, 0x39, 0x00, 0x00, 0x00, 0x00, 0x00, 0x3b, 0xf7, 0xff,
    0xff, 0xff, 0xff, 0xa0, 0x00, 0x00, 0x00, 0x00, 0x00, 0x00, 0x00, 0x00, 0x00, 0x00, 0x00, 0x0b,
    0xa6, 0xff, 0xfa, 0x6c, 0x00, 0x00, 0x00, 0x00, 0xcc, 0xff, 0xff, 0xff, 0xff, 0xff, 0xff, 0x3b,
    0x00, 0x00, 0x00, 0x00, 0x00, 0x00, 0x00, 0x00, 0x00, 0x00, 0x00, 0x00, 0x6f, 0xfb, 0xff, 0xa3,
    0x0a, 0x00, 0x0a, 0xff, 0xff, 0xff, 0xff, 0xff, 0xff, 0xff, 0x7a, 0x00, 0x00, 0x00, 0x00, 0x00,
    0x00, 0x00, 0x00, 0x00, 0x00, 0x00, 0x00, 0x00, 0x3d, 0xe7, 0xff, 0xd1, 0x24, 0x14, 0xff, 0xff,
    0xff, 0xff, 0xff, 0xff, 0xff, 0x84, 0x00, 0x00, 0x00, 0x00, 0x00, 0x00, 0x00, 0x00, 0x00, 0x00,
    0x00, 0x00, 0x00, 0x00, 0x19, 0xc4, 0xff, 0xf0, 0x61, 0xff, 0xff, 0xff, 0xff, 0xff, 0xff, 0xff,
    0x84, 0x00, 0x00, 0x00, 0x00, 0x00, 0x00, 0x00, 0x00, 0x00, 0x00, 0x00, 0x00, 0x00, 0x00, 0x00,
    0x05, 0x92, 0xff, 0xff, 0xff, 0xff, 0xff, 0xff, 0xff, 0xff, 0xff, 0x84, 0x00, 0x00, 0x00, 0x00,
    0x00, 0x00, 0x00, 0x00, 0x00, 0x00, 0x00, 0x00, 0x00, 0x00, 0x00, 0x00, 0x00, 0x5b, 0xf5, 0xff,
    0xff, 0xff, 0xff, 0xff, 0xff, 0xff, 0x84, 0x00, 0x35, 0x10, 0x00, 0x00, 0x00, 0x00, 0x00, 0x00,
    0x00, 0x00, 0x00, 0x00, 0x00, 0x00, 0x21, 0x1b, 0x00, 0x2d, 0xdc, 0xff, 0xff, 0xff, 0xff, 0xff,
    0xff, 0x84, 0x1e, 0xfe, 0xa4, 0x00, 0x00, 0x00, 0x00, 0x00, 0x00, 0x00, 0x00, 0x00, 0x00, 0x00,
    0x00, 0x44, 0xe9, 0x3d, 0x00, 0x10, 0xb3, 0xff, 0xff, 0xff, 0xff, 0xff, 0x84, 0x34, 0xff, 0xb4,
    0x00, 0x00, 0x00, 0x00, 0x00, 0x00, 0x00, 0x00, 0x00, 0x00, 0x00, 0x00, 0x3d, 0xff, 0xad, 0x00,
    0x00, 0x01, 0x7d, 0xfd, 0xff, 0xff, 0xff, 0x84, 0x3d, 0xff, 0xaa, 0x00, 0x00, 0x00, 0x00, 0x00,
    0x00, 0x00, 0x00, 0x00, 0x00, 0x00, 0x00, 0x23, 0xff, 0xd3, 0x00, 0x00, 0x00, 0x00, 0x48, 0xed,
    0xff, 0xff, 0x84, 0x65, 0xff, 0x89, 0x00, 0x00, 0x00, 0x00, 0x00, 0x00, 0x00, 0x00, 0x00, 0x00,
    0x00, 0x00, 0x00, 0xe1, 0xff, 0x34, 0x00, 0x00, 0x00, 0x00, 0x21, 0xce, 0xff, 0xe7, 0xd4, 0xff,
    0x47, 0x00, 0x00, 0x00, 0x00, 0x00, 0x00, 0x00, 0x00, 0x00, 0x00, 0x00, 0x00, 0x00, 0x71, 0xff,
    0xd3, 0x0c, 0x00, 0x00, 0x00, 0x00, 0x08, 0xa0, 0xff, 0xff, 0xe6, 0x01, 0x00, 0x00, 0x00, 0x00,
    0x00, 0x00, 0x00, 0x00, 0x00, 0x00, 0x00, 0x00, 0x00, 0x04, 0xc4, 0xff, 0xd4, 0x3a, 0x00, 0x00,
    0x00, 0x00, 0x00, 0x68, 0xf9, 0xff, 0xa8, 0x0b, 0x00, 0x00, 0x00, 0x00, 0x00, 0x00, 0x00, 0x00,
    0x00, 0x00, 0x00, 0x00, 0x00, 0x10, 0xc3, 0xff, 0xff, 0xdd, 0xb9, 0xce, 0xaf, 0x10, 0x00, 0x37,
    0xe3, 0xff, 0xd4, 0x26, 0x00, 0x00, 0x00, 0x00, 0x00, 0x00, 0x00, 0x00, 0x00, 0x00, 0x00, 0x00,
    0x00, 0x03, 0x69, 0xd5, 0xff, 0xff, 0xff, 0xf2, 0x7a, 0x00, 0x00, 0x16, 0xbe, 0xff, 0xf1, 0x50,
    0x00, 0x00, 0x00, 0x00, 0x00, 0x00, 0x00, 0x00, 0x00, 0x00, 0x00, 0x00, 0x00, 0x00, 0x00, 0x47,
    0xff, 0xb4, 0x02, 0x00, 0x00, 0x00, 0x00, 0x03, 0x8b, 0xff, 0xfe, 0x86, 0x02, 0x00, 0x00, 0x00,
    0x00, 0x00, 0x00, 0x00, 0x00, 0x00, 0x00, 0x00, 0x5e, 0x84, 0xa1, 0xff, 0xd7, 0x84, 0x7f, 0x18,
    0x00, 0x00, 0x00, 0x00, 0x54, 0xf3, 0xff, 0xba, 0x0e, 0x00, 0x00, 0x00, 0x00, 0x00, 0x00, 0x00,
    0x00, 0x00, 0x08, 0xfd, 0xff, 0xff, 0xff, 0xff, 0xff, 0xff, 0x75, 0x00, 0x00, 0x00, 0x00, 0x00,
    0x29, 0xd7, 0xff, 0x59, 0x00, 0x00, 0x00, 0x00, 0x00, 0x00, 0x00, 0x00, 0x00, 0x00, 0x42, 0x64,
    0x64, 0x64, 0x64, 0x64, 0x5f, 0x0e, 0x00, 0x00, 0x00, 0x00, 0x00, 0x00, 0x0c, 0x56, 0x06, 0x00,
    0x00, 0x00, 0x00, 0x00, 0x00, 0x00, 0x00, 0x00, 0x00, 0x00, 0x00, 0x00, 0x00, 0x00, 0x00, 0x00,
    0x00, 0x00, 0x00, 0x00, 0x00, 0x00, 0x00, 0x00, 0x00, 0x00, 0x00, 0x57, 0xda, 0x57, 0x00, 0x00,
    0x00, 0x00, 0x23, 0xbc, 0xa7, 0x00, 0x00, 0x00, 0x00, 0x00, 0x00, 0x00, 0x00, 0x00, 0x00, 0x00,
    0x00, 0xae, 0xff, 0xff, 0xa8, 0x12, 0x00, 0x67, 0xf4, 0xff, 0xff, 0x0e, 0x00, 0x00, 0x00, 0x00,
    0x00, 0x00, 0x00, 0x00, 0x00, 0x00, 0x00, 0xdd, 0xff, 0xe7, 0xff, 0xe5, 0xbc, 0xff, 0xfc, 0xea,
    0xff, 0x3c, 0x00, 0x00, 0x00, 0x00, 0x00, 0x00, 0x00, 0x00, 0x00, 0x00, 0x0d, 0xfe, 0xe3, 0x12,
    0xa8, 0xff, 0xff, 0xdb, 0x39, 0x88, 0xff, 0x6b, 0x00, 0x00, 0x00, 0x00, 0x00, 0x00, 0x00, 0x00,
    0x00, 0x07, 0x59, 0xff, 0xb3, 0x00, 0x00, 0x51, 0x7b, 0x0b, 0x00, 0x58, 0xff, 0xab, 0x13, 0x00,
    0x00, 0x00, 0x00, 0x00, 0x50, 0xa3, 0xd3, 0xfb, 0xff, 0xff, 0x80, 0x00, 0x00, 0x24, 0x2f, 0x0a,
    0x00, 0x25, 0xff, 0xff, 0xff, 0xe4, 0xb5, 0x80, 0x08, 0x00, 0xe6, 0xff, 0xff, 0xed, 0xbe, 0x89,
    0x12, 0x49, 0xdc, 0xff, 0xff, 0xf6, 0x87, 0x04, 0x65, 0xac, 0xdc, 0xfe, 0xff, 0xff, 0x45, 0x00,
    0x6c, 0xff, 0xdd, 0x09, 0x00, 0x00, 0x4b, 0xfd, 0xff, 0xd3, 0xc1, 0xf7, 0xff, 0xa4, 0x00, 0x00,
    0x00, 0x8b, 0xff, 0xc7, 0x03, 0x00, 0x01, 0xbb, 0xff, 0x91, 0x00, 0x02, 0xe1, 0xff, 0x68, 0x00,
    0x00, 0x27, 0xe8, 0xff, 0x40, 0x00, 0x39, 0xfc, 0xf5, 0x25, 0x00, 0x00, 0x00, 0x1c, 0xf0, 0xfe,
    0x3f, 0x2f, 0xff, 0xcb, 0x00, 0x00, 0x00, 0x00, 0x70, 0xff, 0x8a, 0x06, 0xdb, 0xff, 0x69, 0x00,
    0x00, 0x00, 0x00, 0x01, 0xc3, 0xff, 0x72, 0x3c, 0xff, 0xb3, 0x00, 0x00, 0x00, 0x00, 0x57, 0xff,
    0x98, 0x1a, 0xfc, 0xfc, 0x23, 0x00, 0x00, 0x00, 0x00, 0x6c, 0xff, 0xd8, 0x09, 0x14, 0xfc, 0xef,
    0x17, 0x00, 0x00, 0x00, 0xad, 0xff, 0x6c, 0x00, 0x87, 0xff, 0xc5, 0x03, 0x00, 0x00, 0x26, 0xf5,
    0xfb, 0x36, 0x00, 0x00, 0x9d, 0xff, 0xd9, 0x5e, 0x4c, 0xa8, 0xff, 0xe9, 0x0f, 0x00, 0x06, 0xd0,
    0xff, 0x7a, 0x00, 0x00, 0xc2, 0xff, 0xe1, 0x75, 0x47, 0x17, 0x0b, 0xbb, 0xff, 0xff, 0xff, 0xff,
    0xeb, 0x37, 0x09, 0x36, 0x65, 0xb5, 0xff, 0xfa, 0x26, 0x00, 0xc1, 0xff, 0xff, 0xff, 0xff, 0xfd,
    0x50, 0x01, 0x53, 0x9a, 0xa4, 0x76, 0x13, 0x0d, 0xe8, 0xff, 0xff, 0xff, 0xff, 0xf2, 0x29, 0x00,
    0x00, 0x1c, 0x4a, 0x79, 0xba, 0xff, 0x9d, 0x00, 0x00, 0x03, 0x0f, 0x00, 0x00, 0x42, 0xff, 0xdf,
    0x8c, 0x5d, 0x2e, 0x05, 0x00, 0x00, 0x00, 0x00, 0x00, 0x00, 0x26, 0xff, 0xcd, 0x00, 0x35, 0xd8,
    0xf7, 0x71, 0x01, 0x72, 0xff, 0x7f, 0x00, 0x00, 0x00, 0x00, 0x00, 0x00, 0x00, 0x00, 0x00, 0x00,
    0x01, 0xf3, 0xf8, 0x82, 0xfb, 0xff, 0xff, 0xff, 0xbd, 0xb8, 0xff, 0x51, 0x00, 0x00, 0x00, 0x00,
    0x00, 0x00, 0x00, 0x00, 0x00, 0x00, 0x00, 0xc6, 0xff, 0xff, 0xf6, 0x6e, 0x32, 0xd5, 0xff, 0xff,
    0xff, 0x23, 0x00, 0x00, 0x00, 0x00, 0x00, 0x00, 0x00, 0x00, 0x00, 0x00, 0x00, 0x91, 0xff, 0xca,
    0x27, 0x00, 0x00, 0x08, 0x8f, 0xfe, 0xee, 0x01, 0x00, 0x00, 0x00, 0x00, 0x00, 0x00, 0x00, 0x00,
    0x00, 0x00, 0x00, 0x11, 0x50, 0x04, 0x00, 0x00, 0x00, 0x00, 0x00, 0x35, 0x30, 0x00, 0x00, 0x00,
    0x00, 0x00, 0x00, 0x00, 0x00, 0x00, 0x0c, 0x69, 0xba, 0xdb, 0xda, 0xb8, 0x65, 0x0a, 0x00, 0x00,
    0x00, 0x00, 0x00, 0x3f, 0xe8, 0xff, 0xff, 0xff, 0xff, 0xff, 0xff, 0xe3, 0x39, 0x00, 0x00, 0x00,
    0x42, 0xfc, 0xff, 0xad, 0x3d, 0x0c, 0x0d, 0x40, 0xb2, 0xff, 0xfa, 0x3b, 0x00, 0x12, 0xe9, 0xff,
    0x6c, 0x00, 0x00, 0x08, 0x03, 0x00, 0x00, 0x75, 0xff, 0xe5, 0x0d, 0x75, 0xff, 0xa1, 0x00, 0x15,
    0xb0, 0xfc, 0x7f, 0x00, 0x00, 0x00, 0xad, 0xff, 0x6c, 0xcb, 0xff, 0x2e, 0x00, 0xb9, 0xd3, 0x44,
    0x07, 0x00, 0x00, 0x00, 0x38, 0xff, 0xc2, 0xee, 0xf8, 0x01, 0x15, 0xff, 0x36, 0x00, 0x00, 0x00,
    0x00, 0x00, 0x05, 0xfd, 0xe5, 0xf8, 0xf6, 0x01, 0x0e, 0x92, 0x03, 0x00, 0x00, 0x00, 0x00, 0x00,
    0x05, 0xfb, 0xef, 0xd7, 0xff, 0x25, 0x00, 0x00, 0x00, 0x00, 0x00, 0x00, 0x00, 0x00, 0x2e, 0xff,
    0xcd, 0x8d, 0xff, 0x96, 0x00, 0x00, 0x00, 0x00, 0x00, 0x00, 0x00, 0x00, 0x9e, 0xff, 0x82, 0x1e,
    0xf6, 0xfb, 0x39, 0x00, 0x00, 0x00, 0x00, 0x00, 0x00, 0x3e, 0xfd, 0xf0, 0x17, 0x00, 0x6d, 0xff,
    0xdc, 0x0c, 0x00, 0x00, 0x00, 0x00, 0x0f, 0xe0, 0xff, 0x62, 0x00, 0x00, 0x00, 0xb6, 0xff, 0x91,
    0x00, 0x00, 0x00, 0x00, 0x99, 0xff, 0xad, 0x00, 0x00, 0x00, 0x00, 0x1a, 0xf1, 0xfb, 0x1b, 0x00,
    0x00, 0x22, 0xfd, 0xed, 0x15, 0x00, 0x00, 0x00, 0x00, 0x00, 0x8b, 0xff, 0x70, 0x00, 0x00, 0x78,
    0xff, 0x8a, 0x00, 0x00, 0x00, 0x00, 0x00, 0x00, 0x1c, 0x50, 0x2f, 0x00, 0x00, 0x31, 0x50, 0x19,
    0x00, 0x00, 0x00, 0x00, 0x00, 0x00, 0x14, 0x6c, 0x6c, 0x6c, 0x6c, 0x6c, 0x6c, 0x10, 0x00, 0x00,
    0x00, 0x00, 0x00, 0x00, 0x21, 0xff, 0xff, 0xff, 0xff, 0xff, 0xff, 0x18, 0x00, 0x00, 0x00, 0x00,
    0x00, 0x00, 0x01, 0xdd, 0xff, 0xff, 0xff, 0xff, 0xd4, 0x00, 0x00, 0x00, 0x00, 0x00, 0x00, 0x00,
    0x00, 0x39, 0xe9, 0xff, 0xff, 0xe4, 0x31, 0x00, 0x00, 0x00, 0x00, 0x00, 0x00, 0x00, 0x00, 0x00,
    0x10, 0x4d, 0x4b, 0x0d, 0x00, 0x00, 0x00, 0x00, 0x00, 0x00, 0x00, 0x00, 0x00, 0x00, 0x00, 0x00,
    0x00, 0x27, 0x8f, 0x2b, 0x00, 0x00, 0x00, 0x00, 0x00, 0x00, 0x00, 0x00, 0x00, 0x00, 0x00, 0x00,
    0x00, 0x00, 0x00, 0x00, 0x00, 0xaf, 0xff, 0xbb, 0x00, 0x00, 0x00, 0x00, 0x00, 0x00, 0x00, 0x00,
    0x00, 0x00, 0x00, 0x00, 0x00, 0x05, 0x00, 0x00, 0x00, 0xbc, 0xff, 0xc8, 0x00, 0x00, 0x00, 0x05,
    0x01, 0x00, 0x00, 0x00, 0x00, 0x00, 0x00, 0x0d, 0xc3, 0xf8, 0x40, 0x00, 0x00, 0xbc, 0xff, 0xc8,
    0x00, 0x00, 0x37, 0xf5, 0xca, 0x10, 0x00, 0x00, 0x00, 0x00, 0x07, 0xc2, 0xff, 0xff, 0x6a, 0x00,
    0x00, 0xbc, 0xff, 0xc8, 0x00, 0x00, 0x62, 0xff, 0xff, 0xc7, 0x08, 0x00, 0x00, 0x00, 0x7f, 0xff,
    0xff, 0xb5, 0x05, 0x00, 0x00, 0xbc, 0xff, 0xc8, 0x00, 0x00, 0x03, 0xaf, 0xff, 0xff, 0x83, 0x00,
    0x00, 0x1b, 0xf7, 0xff, 0xd5, 0x08, 0x00, 0x00, 0x00, 0xbc, 0xff, 0xc8, 0x00, 0x00, 0x00, 0x06,
    0xcf, 0xff, 0xf9, 0x1e, 0x00, 0x73, 0xff, 0xff, 0x44, 0x00, 0x00, 0x00, 0x00, 0xbc, 0xff, 0xc8,
    0x00, 0x00, 0x00, 0x00, 0x3c, 0xff, 0xff, 0x79, 0x00, 0xc2, 0xff, 0xdf, 0x00, 0x00, 0x00, 0x00,
    0x00, 0xbc, 0xff, 0xc8, 0x00, 0x00, 0x00, 0x00, 0x00, 0xd8, 0xff, 0xcb, 0x00, 0xe3, 0xff, 0xa5,
    0x00, 0x00, 0x00, 0x00, 0x00, 0xbc, 0xff, 0xc8, 0x00, 0x00, 0x00, 0x00, 0x00, 0x9d, 0xff, 0xed,
    0x00, 0xf9, 0xff, 0x8f, 0x00, 0x00, 0x00, 0x00, 0x00, 0xb7, 0xff, 0xc2, 0x00, 0x00, 0x00, 0x00,
    0x00, 0x87, 0xff, 0xff, 0x05, 0xe8, 0xff, 0xa6, 0x00, 0x00, 0x00, 0x00, 0x00, 0x46, 0xc3, 0x4d,
    0x00, 0x00, 0x00, 0x00, 0x00, 0x9f, 0xff, 0xf3, 0x00, 0xc6, 0xff, 0xd6, 0x00, 0x00, 0x00, 0x00,
    0x00, 0x00, 0x00, 0x00, 0x00, 0x00, 0x00, 0x00, 0x00, 0xcf, 0xff, 0xd0, 0x00, 0x7c, 0xff, 0xff,
    0x3c, 0x00, 0x00, 0x00, 0x00, 0x00, 0x00, 0x00, 0x00, 0x00, 0x00, 0x00, 0x35, 0xff, 0xff, 0x84,
    0x00, 0x21, 0xfa, 0xff, 0xcb, 0x07, 0x00, 0x00, 0x00, 0x00, 0x00, 0x00, 0x00, 0x00, 0x00, 0x05,
    0xc4, 0xff, 0xfc, 0x27, 0x00, 0x00, 0x91, 0xff, 0xff, 0xa5, 0x06, 0x00, 0x00, 0x00, 0x00, 0x00,
    0x00, 0x00, 0x04, 0x9c, 0xff, 0xff, 0x9a, 0x00, 0x00, 0x00, 0x0b, 0xd0, 0xff, 0xff, 0xc9, 0x35,
    0x00, 0x00, 0x00, 0x00, 0x00, 0x30, 0xc3, 0xff, 0xff, 0xd6, 0x0e, 0x00, 0x00, 0x00, 0x00, 0x1d,
    0xd2, 0xff, 0xff, 0xff, 0xcc, 0x99, 0x80, 0x97, 0xc8, 0xff, 0xff, 0xff, 0xd7, 0x20, 0x00, 0x00,
    0x00, 0x00, 0x00, 0x00, 0x0c, 0x99, 0xfc, 0xff, 0xff, 0xff, 0xff, 0xff, 0xff, 0xff, 0xfd, 0x9f,
    0x0f, 0x00, 0x00, 0x00, 0x00, 0x00, 0x00, 0x00, 0x00, 0x00, 0x27, 0x87, 0xd2, 0xf6, 0xff, 0xf7,
    0xd4, 0x8a, 0x2a, 0x00, 0x00, 0x00, 0x00, 0x00, 0x00, 0x00, 0x00, 0x00, 0x00, 0x00, 0x00, 0x00,
    0x00, 0x00, 0x09, 0x00, 0x00, 0x00, 0x00, 0x00, 0x00, 0x00, 0x00, 0x00, 0x00, 0x00, 0x00, 0x00,
    0x00, 0x00, 0x00, 0x1d, 0x68, 0x95, 0xa5, 0x96, 0x6a, 0x1f, 0x00, 0x00, 0x00, 0x00, 0x00, 0x00,
    0x00, 0x00, 0x00, 0x00, 0x00, 0x1f, 0xab, 0xfe, 0xff, 0xff, 0xff, 0xff, 0xff, 0xfe, 0xb0, 0x24,
    0x00, 0x38, 0xef, 0xad, 0x00, 0x00, 0x00, 0x00, 0x4a, 0xf2, 0xff, 0xff, 0xff, 0xfd, 0xea, 0xfd,
    0xff, 0xff, 0xff, 0xf5, 0x53, 0x7e, 0xff, 0xff, 0x06, 0x00, 0x00, 0x39, 0xf9, 0xff, 0xff, 0xad,
    0x40, 0x06, 0x00, 0x05, 0x3c, 0xa7, 0xff, 0xff, 0xfd, 0xcd, 0xff, 0xff, 0x08, 0x00, 0x0e, 0xe6,
    0xff, 0xfa, 0x5f, 0x00, 0x00, 0x00, 0x00, 0x00, 0x00, 0x00, 0x57, 0xf6, 0xff, 0xff, 0xff, 0xff,
    0x08, 0x00, 0x79, 0xff, 0xff, 0x6b, 0x00, 0x00, 0x00, 0x00, 0x00, 0x00, 0x00, 0x3c, 0x91, 0xcc,
    0xff, 0xff, 0xff, 0xff, 0x08, 0x00, 0xdc, 0xff, 0xd1, 0x01, 0x00, 0x00, 0x00, 0x00, 0x00, 0x00,
    0x00, 0xe1, 0xff, 0xff, 0xff, 0xff, 0xff, 0xff, 0x06, 0x00, 0x8b, 0xe7, 0x44, 0x00, 0x00, 0x00,
    0x00, 0x00, 0x00, 0x00, 0x00, 0x8f, 0xf5, 0xf8, 0xf8, 0xf8, 0xf6, 0xa2, 0x00, 0x00, 0x00, 0x00,
    0x00, 0x00, 0x00, 0x00, 0x00, 0x00, 0x00, 0x00, 0x00, 0x00, 0x00, 0x00, 0x00, 0x00, 0x00, 0x00,
    0x00, 0x00, 0x00, 0x00, 0x00, 0x00, 0x00, 0x00, 0x00, 0x00, 0x00, 0x00, 0x00, 0x00, 0x00, 0x00,
    0x00, 0x00, 0x00, 0x00, 0x00, 0x33, 0x7f, 0x80, 0x80, 0x80, 0x7d, 0x32, 0x00, 0x00, 0x00, 0x00,
    0x00, 0x00, 0x00, 0x00, 0x09, 0x6b, 0x31, 0x00, 0x00, 0xeb, 0xff, 0xff, 0xff, 0xff, 0xff, 0xe8,
    0x00, 0x00, 0x00, 0x00, 0x00, 0x00, 0x00, 0x00, 0x8c, 0xff, 0xe2, 0x00, 0x00, 0xff, 0xff, 0xff,
    0xff, 0xff, 0xff, 0xaa, 0x00, 0x00, 0x00, 0x00, 0x00, 0x00, 0x00, 0x1c, 0xf5, 0xff, 0xbd, 0x00,
    0x00, 0xff, 0xff, 0xff, 0xff, 0xcb, 0x19, 0x00, 0x00, 0x00, 0x00, 0x00, 0x00, 0x00, 0x0b, 0xc8,
    0xff, 0xff, 0x45, 0x00, 0x00, 0xff, 0xff, 0xfb, 0xff, 0xff, 0xdb, 0x37, 0x00, 0x00, 0x00, 0x00,
    0x00, 0x32, 0xd6, 0xff, 0xff, 0x9f, 0x00, 0x00, 0x00, 0xff, 0xff, 0x92, 0xba, 0xff, 0xff, 0xff,
    0xc8, 0x8a, 0x71, 0x89, 0xc5, 0xff, 0xff, 0xff, 0xc0, 0x08, 0x00, 0x00, 0x00, 0xeb, 0xff, 0x74,
    0x05, 0x8d, 0xfd, 0xff, 0xff, 0xff, 0xff, 0xff, 0xff, 0xff, 0xfe, 0x95, 0x07, 0x00, 0x00, 0x00,
    0x00, 0x31, 0x69, 0x08, 0x00, 0x00, 0x29, 0x96, 0xe2, 0xff, 0xff, 0xff, 0xe3, 0x99, 0x2d, 0x00,
    0x00, 0x00, 0x00, 0x00, 0x00, 0x00, 0x00, 0x00, 0x00, 0x00, 0x00, 0x00, 0x00, 0x0f, 0x1e, 0x0f,
    0x00, 0x00, 0x00, 0x00, 0x00, 0x00, 0x00, 0x00, 0x00, 0x00, 0x00, 0x00, 0x00, 0x00, 0x00, 0x32,
    0x84, 0xc0, 0xda, 0xe2, 0xc9, 0x9c, 0x4c, 0x05, 0x00, 0x00, 0x00, 0x00, 0x00, 0x00, 0x00, 0x00,
    0x00, 0x00, 0x2e, 0xb9, 0xff, 0xff, 0xff, 0xff, 0xff, 0xff, 0xff, 0xff, 0xdd, 0x56, 0x00, 0x00,
    0x00, 0x00, 0x00, 0x00, 0x00, 0x00, 0x5f, 0xf8, 0xff, 0xff, 0xff, 0xff, 0xff, 0xff, 0xff, 0xff,
    0xff, 0xff, 0xff, 0x9d, 0x06, 0x00, 0x00, 0x00, 0x00, 0x00, 0x63, 0xff, 0xff, 0xff, 0xff, 0xff,
    0xff, 0xff, 0xff, 0xff, 0xff, 0xff, 0xff, 0xff, 0xff, 0xae, 0x01, 0x00, 0x00, 0x00, 0x34, 0xf9,
    0xff, 0xff, 0xff, 0xff, 0xff, 0xff, 0xff, 0xff, 0xff, 0xff, 0xff, 0xff, 0xff, 0xff, 0xff, 0x7c,
    0x00, 0x00, 0x00, 0xc3, 0xff, 0xff, 0xff, 0xff, 0xff, 0xff, 0xff, 0xff, 0xff, 0xff, 0xff, 0xff,
    0xff, 0xff, 0xff, 0xff, 0xf6, 0x1b, 0x00, 0x3f, 0xff, 0xff, 0xff, 0xff, 0xff, 0xe5, 0x75, 0x6c,
    0x6c, 0x6c, 0x6c, 0x6e, 0xc0, 0xff, 0xff, 0xff, 0xff, 0xff, 0x8f, 0x00, 0x93, 0xff, 0xff, 0xff,
    0xff, 0xff, 0x65, 0x00, 0x00, 0x00, 0x00, 0x00, 0x00, 0x16, 0xff, 0xff, 0xff, 0xff, 0xff, 0xe1,
    0x00, 0xd2, 0xff, 0xff, 0xff, 0xff, 0xff, 0x58, 0x00, 0x00, 0x00, 0x00, 0x00, 0x00, 0x08, 0xff,
    0xff, 0xff, 0xff, 0xff, 0xff, 0x22, 0xed, 0xff, 0xff, 0xff, 0xff, 0xff, 0x58, 0x00, 0x00, 0x00,
    0x00, 0x00, 0x00, 0x08, 0xff, 0xff, 0xff, 0xff, 0xff, 0xff, 0x3c, 0xf8, 0xff, 0xff, 0xff, 0xff,
    0xff, 0x58, 0x00, 0x00, 0x00, 0x00, 0x00, 0x00, 0x08, 0xff, 0xff, 0xff, 0xff, 0xff, 0xff, 0x47,
    0xe0, 0xff, 0xff, 0xff, 0xff, 0xff, 0x58, 0x00, 0x00, 0x00, 0x00, 0x00, 0x00, 0x08, 0xff, 0xff,
    0xff, 0xff, 0xff, 0xff, 0x2f, 0xb7, 0xff, 0xff, 0xff, 0xff, 0xff, 0x59, 0x00, 0x00, 0x00, 0x00,
    0x00, 0x00, 0x09, 0xff, 0xff, 0xff, 0xff, 0xff, 0xf9, 0x0c, 0x68, 0xff, 0xff, 0xff, 0xff, 0xff,
    0xa3, 0x04, 0x00, 0x00, 0x00, 0x00, 0x00, 0x5a, 0xff, 0xff, 0xff, 0xff, 0xff, 0xb7, 0x00, 0x12,
    0xf0, 0xff, 0xff, 0xff, 0xff, 0xff, 0xf9, 0xf4, 0xf4, 0xf4, 0xf4, 0xf6, 0xff, 0xff, 0xff, 0xff,
    0xff, 0xff, 0x53, 0x00, 0x00, 0x78, 0xff, 0xff, 0xff, 0xff, 0xff, 0xff, 0xff, 0xff, 0xff, 0xff,
    0xff, 0xff, 0xff, 0xff, 0xff, 0xff, 0xc7, 0x00, 0x00, 0x00, 0x05, 0xc0, 0xff, 0xff, 0xff, 0xff,
    0xff, 0xff, 0xff, 0xff, 0xff, 0xff, 0xff, 0xff, 0xff, 0xff, 0xee, 0x24, 0x00, 0x00, 0x00, 0x00,
    0x14, 0xcd, 0xff, 0xff, 0xff, 0xff, 0xff, 0xff, 0xff, 0xff, 0xff, 0xff, 0xff, 0xff, 0xef, 0x3e,
    0x00, 0x00, 0x00, 0x00, 0x00, 0x00, 0x0a, 0x9f, 0xfe, 0xff, 0xff, 0xff, 0xff, 0xff, 0xff, 0xff,
    0xff, 0xff, 0xcd, 0x26, 0x00, 0x00, 0x00, 0x00, 0x00, 0x00, 0x00, 0x00, 0x00, 0x33, 0xab, 0xf4,
    0xff, 0xff, 0xff, 0xff, 0xfd, 0xc5, 0x5b, 0x01, 0x00, 0x00, 0x00, 0x00, 0x00, 0x00, 0x00, 0x00,
    0x00, 0x00, 0x00, 0x00, 0x08, 0x39, 0x53, 0x5a, 0x42, 0x17, 0x00, 0x00, 0x00, 0x00, 0x00, 0x00,
    0x00, 0x00, 0x00, 0x08, 0x67, 0xa0, 0xa8, 0xa8, 0x9b, 0x1c, 0x00, 0x00, 0x00, 0x00, 0x00, 0x00,
    0x00, 0x00, 0x00, 0x00, 0x00, 0x00, 0x00, 0x11, 0xcf, 0xff, 0xff, 0xff, 0xff, 0xff, 0x8f, 0x00,
    0x00, 0x00, 0x00, 0x00, 0x00, 0x00, 0x00, 0x00, 0x00, 0x00, 0x00, 0x00, 0x9b, 0xff, 0xff, 0xf2,
    0xe4, 0xe4, 0xd7, 0x3a, 0x00, 0x00, 0x00, 0x00, 0x00, 0x0a, 0x08, 0x00, 0x00, 0x00, 0x00, 0x00,
    0x00, 0xed, 0xff, 0xc4, 0x07, 0x00, 0x00, 0x00, 0x00, 0x00, 0x00, 0x00, 0x00, 0x1e, 0xef, 0xe8,
    0x2e, 0x00, 0x00, 0x00, 0x00, 0x00, 0xff, 0xff, 0x88, 0x00, 0x00, 0x00, 0x00, 0x00, 0x00, 0x00,
    0x00, 0x00, 0x35, 0xff, 0xff, 0xec, 0x2e, 0x00, 0x00, 0x00, 0x00, 0xff, 0xff, 0x88, 0x00, 0x00,
    0x00, 0x00, 0x00, 0x00, 0x00, 0x00, 0x00, 0x00, 0x7c, 0xff, 0xff, 0xec, 0x2e, 0x00, 0x00, 0x00,
    0xff, 0xff, 0x88, 0x00, 0x00, 0x00, 0x00, 0x00, 0x00, 0x00, 0x00, 0x00, 0x00, 0x00, 0x7e, 0xff,
    0xff, 0xec, 0x2e, 0x00, 0x00, 0xff, 0xff, 0x88, 0x00, 0x00, 0x00, 0x00, 0x03, 0x08, 0x08, 0x08,
    0x08, 0x08, 0x08, 0x08, 0x87, 0xff, 0xff, 0xec, 0x2e, 0x00, 0xff, 0xff, 0x88, 0x00, 0x00, 0x00,
    0x5a, 0xfa, 0xff, 0xff, 0xff, 0xff, 0xff, 0xff, 0xff, 0xff, 0xff, 0xff, 0xff, 0xec, 0x18, 0xff,
    0xff, 0x88, 0x00, 0x00, 0x00, 0x93, 0xff, 0xff, 0xff, 0xff, 0xff, 0xff, 0xff, 0xff, 0xff, 0xff,
    0xff, 0xff, 0xff, 0x3a, 0xff, 0xff, 0x88, 0x00, 0x00, 0x00, 0x12, 0x76, 0x80, 0x80, 0x80, 0x80,
    0x80, 0x80, 0x80, 0xa4, 0xff, 0xff, 0xff, 0x92, 0x00, 0xff, 0xff, 0x88, 0x00, 0x00, 0x00, 0x00,
    0x00, 0x00, 0x00, 0x00, 0x00, 0x00, 0x00, 0x23, 0xe3, 0xff, 0xff, 0x92, 0x00, 0x00, 0xff, 0xff,
    0x88, 0x00, 0x00, 0x00, 0x00, 0x00, 0x00, 0x00, 0x00, 0x00, 0x00, 0x22, 0xe2, 0xff, 0xff, 0x91,
    0x00, 0x00, 0x00, 0xff, 0xff, 0x88, 0x00, 0x00, 0x00, 0x00, 0x00, 0x00, 0x00, 0x00, 0x00, 0x13,
    0xe1, 0xff, 0xff, 0x90, 0x00, 0x00, 0x00, 0x00, 0xfa, 0xff, 0x96, 0x00, 0x00, 0x00, 0x00, 0x00,
    0x00, 0x00, 0x00, 0x00, 0x3f, 0xff, 0xff, 0x8f, 0x00, 0x00, 0x00, 0x00, 0x00, 0xcc, 0xff, 0xf6,
    0x82, 0x6c, 0x6c, 0x5f, 0x07, 0x00, 0x00, 0x00, 0x00, 0x01, 0x6e, 0x65, 0x00, 0x00, 0x00, 0x00,
    0x00, 0x00, 0x4c, 0xfe, 0xff, 0xff, 0xff, 0xff, 0xff, 0x82, 0x00, 0x00, 0x00, 0x00, 0x00, 0x00,
    0x00, 0x00, 0x00, 0x00, 0x00, 0x00, 0x00, 0x00, 0x54, 0xe0, 0xff, 0xff, 0xff, 0xfe, 0x5c, 0x00,
    0x00, 0x00, 0x00, 0x00, 0x00, 0x00, 0x00, 0x00, 0x00, 0x00, 0x00, 0x00, 0x00, 0x00, 0x00, 0x18,
    0x20, 0x20, 0x14, 0x00, 0x00, 0x00, 0x00, 0x00, 0x00, 0x00, 0x00, 0x00, 0x00, 0x00, 0x00, 0x00,
    0x00,
};

static const Glyph font_large_g[133] = {
    { 0x00020, 0, 0, 0, 0, 14, 0 },
    { 0x00021, 5, 16, 4, 16, 14, 0 },
    { 0x00022, 9, 7, 2, 18, 14, 80 },
    { 0x00023, 13, 16, 0, 16, 14, 143 },
    { 0x00024, 13, 24, 0, 20, 14, 351 },
    { 0x00025, 14, 18, 0, 17, 14, 663 },
    { 0x00026, 14, 16, 0, 16, 14, 915 },
    { 0x00027, 4, 7, 5, 18, 14, 1139 },
    { 0x00028, 9, 24, 2, 20, 14, 1167 },
    { 0x00029, 9, 24, 3, 20, 14, 1383 },
    { 0x0002a, 13, 13, 0, 14, 14, 1599 },
    { 0x0002b, 13, 13, 0, 14, 14, 1768 },
    { 0x0002c, 6, 10, 4, 5, 14, 1937 },
    { 0x0002d, 11, 3, 1, 9, 14, 1997 },
    { 0x0002e, 6, 5, 4, 5, 14, 2030 },
    { 0x0002f, 13, 22, 0, 19, 14, 2060 },
    { 0x00030, 12, 16, 1, 16, 14, 2346 },
    { 0x00031, 12, 16, 1, 16, 14, 2538 },
    { 0x00032, 12, 16, 0, 16, 14, 2730 },
    { 0x00033, 12, 16, 0, 16, 14, 2922 },
    { 0x00034, 12, 17, 1, 17, 14, 3114 },
    { 0x00035, 13, 16, 0, 16, 14, 3318 },
    { 0x00036, 12, 16, 1, 16, 14, 3526 },
    { 0x00037, 12, 17, 1, 16, 14, 3718 },
    { 0x00038, 13, 16, 0, 16, 14, 3922 },
    { 0x00039, 13, 18, 0, 16, 14, 4130 },
    { 0x0003a, 6, 13, 4, 13, 14, 4364 },
    { 0x0003b, 6, 17, 4, 13, 14, 4442 },
    { 0x0003c, 11, 14, 1, 14, 14, 4544 },
    { 0x0003d, 11, 8, 1, 11, 14, 4698 },
    { 0x0003e, 11, 14, 1, 14, 14, 4786 },
    { 0x0003f, 11, 16, 1, 16, 14, 4940 },
    { 0x00040, 15, 20, -1, 16, 14, 5116 },
    { 0x00041, 15, 16, -1, 16, 14, 5416 },
    { 0x00042, 12, 16, 1, 16, 14, 5656 },
    { 0x00043, 14, 16, 0, 16, 14, 5848 },
    { 0x00044, 12, 16, 1, 16, 14, 6072 },
    { 0x00045, 11, 16, 2, 16, 14, 6264 },
    { 0x00046, 11, 16, 2, 16, 14, 6440 },
    { 0x00047, 13, 16, 0, 16, 14, 6616 },
    { 0x00048, 12, 16, 1, 16, 14, 6824 },
    { 0x00049, 11, 16, 1, 16, 14, 7016 },
    { 0x0004a, 12, 16, 0, 16, 14, 7192 },
    { 0x0004b, 13, 16, 1, 16, 14, 7384 },
    { 0x0004c, 11, 16, 2, 16, 14, 7592 },
    { 0x0004d, 14, 16, 0, 16, 14, 7768 },
    { 0x0004e, 12, 16, 1, 16, 14, 7992 },
    { 0x0004f, 14, 16, 0, 16, 14, 8184 },
    { 0x00050, 13, 16, 1, 16, 14, 8408 },
    { 0x00051, 15, 20, 0, 16, 14, 8616 },
    { 0x00052, 13, 16, 1, 16, 14, 8916 },
    { 0x00053, 13, 16, 0, 16, 14, 9124 },
    { 0x00054, 14, 16, 0, 16, 14, 9332 },
    { 0x00055, 13, 16, 0, 16, 14, 9556 },
    { 0x00056, 15, 16, -1, 16, 14, 9764 },
    { 0x00057, 15, 16, -1, 16, 14, 10004 },
    { 0x00058, 14, 16, 0, 16, 14, 10244 },
    { 0x00059, 15, 16, -1, 16, 14, 10468 },
    { 0x0005a, 13, 16, 0, 16, 14, 10708 },
    { 0x0005b, 8, 22, 3, 19, 14, 10916 },
    { 0x0005c, 13, 22, 0, 19, 14, 11092 },
    { 0x0005d, 8, 22, 3, 19, 14, 11378 },
    { 0x0005e, 13, 8, 0, 20, 14, 11554 },
    { 0x0005f, 12, 3, 1, -1, 14, 11658 },
    { 0x00060, 7, 5, 3, 19, 14, 11694 },
    { 0x00061, 13, 13, 0, 13, 14, 11729 },
    { 0x00062, 12, 18, 1, 18, 14, 11898 },
    { 0x00063, 12, 13, 1, 13, 14, 12114 },
    { 0x00064, 12, 18, 0, 18, 14, 12270 },
    { 0x00065, 12, 13, 1, 13, 14, 12486 },
    { 0x00066, 13, 18, 1, 18, 14, 12642 },
    { 0x00067, 14, 20, 0, 15, 14, 12876 },
    { 0x00068, 11, 18, 1, 18, 14, 13156 },
    { 0x00069, 11, 19, 1, 19, 14, 13354 },
    { 0x0006a, 10, 25, 1, 19, 14, 13563 },
    { 0x0006b, 13, 19, 1, 19, 14, 13813 },
    { 0x0006c, 12, 18, 0, 18, 14, 14060 },
    { 0x0006d, 13, 13, 0, 13, 14, 14276 },
    { 0x0006e, 11, 13, 1, 13, 14, 14445 },
    { 0x0006f, 13, 13, 0, 13, 14, 14588 },
    { 0x00070, 12, 18, 1, 13, 14, 14757 },
    { 0x00071, 12, 18, 0, 13, 14, 14973 },
    { 0x00072, 12, 13, 1, 13, 14, 15189 },
    { 0x00073, 12, 13, 1, 13, 14, 15345 },
    { 0x00074, 12, 17, 1, 17, 14, 15501 },
    { 0x00075, 11, 13, 1, 13, 14, 15705 },
    { 0x00076, 13, 13, 0, 13, 14, 15848 },
    { 0x00077, 14, 13, 0, 13, 14, 16017 },
    { 0x00078, 14, 13, 0, 13, 14, 16199 },
    { 0x00079, 13, 18, 0, 13, 14, 16381 },
    { 0x0007a, 11, 13, 1, 13, 14, 16615 },
    { 0x0007b, 9, 23, 2, 20, 14, 16758 },
    { 0x0007c, 4, 22, 5, 20, 14, 16965 },
    { 0x0007d, 9, 23, 3, 20, 14, 17053 },
    { 0x0007e, 14, 5, 0, 10, 14, 17260 },
    { 0x025b2, 13, 13, 0, 13, 14, 23374 },
    { 0x025cb, 13, 12, 0, 12, 14, 23543 },
    { 0x025cf, 13, 12, 0, 12, 14, 23218 },
    { 0x0f011, 20, 21, 0, 17, 14, 29081 },
    { 0x0f021, 20, 19, 0, 16, 14, 29501 },
    { 0x0f023, 18, 21, 0, 17, 14, 25054 },
    { 0x0f026, 14, 19, 0, 16, 14, 27176 },
    { 0x0f028, 26, 19, 0, 16, 14, 26682 },
    { 0x0f08b, 21, 19, 0, 16, 14, 30322 },
    { 0x0f0eb, 14, 21, 0, 17, 14, 28787 },
    { 0x0f130, 14, 21, 0, 17, 14, 27442 },
    { 0x0f131, 27, 21, -1, 17, 14, 27736 },
    { 0x0f132, 20, 21, 0, 17, 14, 25432 },
    { 0x0f185, 22, 22, -1, 18, 14, 28303 },
    { 0x0f186, 16, 19, 0, 16, 14, 24183 },
    { 0x0f1eb, 26, 19, 0, 16, 14, 26188 },
    { 0x0f1f6, 27, 21, -1, 17, 14, 24487 },
    { 0x0f240, 23, 14, 0, 14, 14, 18679 },
    { 0x0f241, 23, 14, 0, 14, 14, 19001 },
    { 0x0f242, 23, 14, 0, 14, 14, 19323 },
    { 0x0f243, 23, 14, 0, 14, 14, 19645 },
    { 0x0f244, 23, 14, 0, 14, 14, 19967 },
    { 0x0f28d, 21, 21, 0, 17, 14, 29881 },
    { 0x0f293, 16, 21, 0, 17, 14, 25852 },
    { 0x0f32e, 22, 22, 0, 18, 14, 23699 },
    { 0x0f4bc, 22, 23, 0, 18, 14, 17615 },
    { 0xf0084, 12, 19, 1, 16, 14, 20289 },
    { 0xf0238, 14, 18, 0, 16, 14, 18427 },
    { 0xf02ca, 15, 19, 0, 16, 14, 17330 },
    { 0xf035b, 17, 18, 0, 16, 14, 18121 },
    { 0xf057e, 17, 17, 0, 15, 14, 20517 },
    { 0xf057f, 9, 16, 2, 15, 14, 20806 },
    { 0xf075f, 18, 16, 0, 15, 14, 20950 },
    { 0xf091f, 22, 18, 0, 16, 14, 21634 },
    { 0xf0922, 22, 18, 0, 16, 14, 22030 },
    { 0xf0925, 22, 18, 0, 16, 14, 22426 },
    { 0xf0928, 22, 18, 0, 16, 14, 22822 },
    { 0xf092b, 22, 18, 0, 16, 14, 21238 },
};

static const Font font_large = {
    .px_size  = 22,
    .line_h   = 27,
    .baseline = 21,
    .n        = 133,
    .g        = font_large_g,
    .px       = font_large_px,
};

#endif
